,DateRead,ammonia_ppm,nitrate_ppm,phosphorus_ppm,influent_mgd,treated_mgd,time,performance
0,2012-10-20 00:00:00,0.094604,3.23702,0.017088,335.998657,335.998657,0.0,100.0
1,2012-10-20 01:00:00,0.275421,3.582997,0.016164,333.115448,333.115448,0.041666666666666664,100.0
2,2012-10-20 02:00:00,0.647927,3.600029,0.017536,308.466339,308.466339,0.08333333333333333,100.0
3,2012-10-20 03:00:00,1.038332,3.671781,0.016186,273.978546,273.978546,0.125,100.0
4,2012-10-20 04:00:00,1.059102,3.772531,0.014301,220.950378,220.950378,0.16666666666666666,100.0
5,2012-10-20 05:00:00,1.510043,3.802837,0.025333,184.92746,184.92746,0.20833333333333334,100.0
6,2012-10-20 06:00:00,1.591618,3.988458,0.016306,159.140335,159.140335,0.25,100.0
7,2012-10-20 07:00:00,1.56617,3.996757,0.024342,155.803818,155.803818,0.2916666666666667,100.0
8,2012-10-20 08:00:00,1.431419,4.170648,0.015527,159.544067,159.544067,0.3333333333333333,100.0
9,2012-10-20 09:00:00,1.398104,4.235879,0.016751,167.398407,167.398407,0.375,100.0
10,2012-10-20 10:00:00,0.970637,4.249267,0.020096,183.19191,183.19191,0.4166666666666667,100.0
11,2012-10-20 11:00:00,0.593869,4.560699,0.020294,246.847366,246.847366,0.4583333333333333,100.0
12,2012-10-20 12:00:00,0.371187,5.028302,0.020654,251.018677,251.018677,0.5,100.0
13,2012-10-20 13:00:00,0.310412,5.05698,0.021754,252.538895,252.538895,0.5416666666666666,100.0
14,2012-10-20 14:00:00,0.156415,5.995893,0.02218,242.626038,242.626038,0.5833333333333334,100.0
15,2012-10-20 15:00:00,0.0933,6.269124,0.01717,318.188385,318.188385,0.625,100.0
16,2012-10-20 16:00:00,0.106211,6.480871,0.01722,347.053314,347.053314,0.6666666666666666,100.0
17,2012-10-20 17:00:00,0.105395,6.889865,0.017242,309.8479,309.8479,0.7083333333333334,100.0
18,2012-10-20 18:00:00,0.108882,7.113906,0.025869,280.750702,280.750702,0.75,100.0
19,2012-10-20 19:00:00,0.105504,6.960823,0.021725,285.360413,285.360413,0.7916666666666666,100.0
20,2012-10-20 20:00:00,0.087303,6.339474,0.022517,284.397919,284.397919,0.8333333333333334,100.0
21,2012-10-20 21:00:00,0.104195,5.700688,0.022583,269.73114,269.73114,0.875,100.0
22,2012-10-20 22:00:00,0.099891,5.025644,0.023302,275.491486,275.491486,0.9166666666666666,100.0
23,2012-10-20 23:00:00,0.086976,4.6446,0.024065,282.93161,282.93161,0.9583333333333334,100.0
24,2012-10-21 00:00:00,0.089808,4.11015,0.048205,258.400726,258.400726,1.0,100.0
25,2012-10-21 01:00:00,0.088229,3.697873,0.039241,252.738052,252.738052,1.0416666666666667,100.0
26,2012-10-21 02:00:00,0.09711,3.339338,0.057672,241.178955,241.178955,1.0833333333333333,100.0
27,2012-10-21 03:00:00,0.108445,3.323408,0.072849,204.037399,204.037399,1.125,100.0
28,2012-10-21 04:00:00,0.107302,3.457366,0.057161,204.980179,204.980179,1.1666666666666667,100.0
29,2012-10-21 05:00:00,0.108991,3.502968,0.058309,176.461044,176.461044,1.2083333333333333,100.0
30,2012-10-21 06:00:00,0.107302,3.348491,0.052329,163.815445,163.815445,1.25,100.0
31,2012-10-21 07:00:00,0.094605,3.274212,0.050878,160.857529,160.857529,1.2916666666666667,100.0
32,2012-10-21 08:00:00,0.093841,3.205547,0.046497,156.934067,156.934067,1.3333333333333333,100.0
33,2012-10-21 09:00:00,0.106429,3.159894,0.042998,160.242447,160.242447,1.375,100.0
34,2012-10-21 10:00:00,0.107193,3.05524,0.054669,170.947449,170.947449,1.4166666666666667,100.0
35,2012-10-21 11:00:00,0.107193,3.086403,0.046044,182.529465,182.529465,1.4583333333333333,100.0
36,2012-10-21 12:00:00,0.092807,3.02972,0.042236,192.971802,192.971802,1.5,100.0
37,2012-10-21 13:00:00,0.090135,3.005989,0.042397,272.93866,272.93866,1.5416666666666667,100.0
38,2012-10-21 14:00:00,0.109806,3.158642,0.042779,285.317841,285.317841,1.5833333333333333,100.0
39,2012-10-21 15:00:00,0.093025,3.172344,0.042441,287.188599,287.188599,1.625,100.0
40,2012-10-21 16:00:00,0.090135,3.237324,0.055003,301.235413,301.235413,1.6666666666666667,100.0
41,2012-10-21 17:00:00,0.108009,3.015417,0.04858,300.347443,300.347443,1.7083333333333333,100.0
42,2012-10-21 18:00:00,0.110898,2.689632,0.049579,295.063232,295.063232,1.75,100.0
43,2012-10-21 19:00:00,0.093025,2.418844,0.044634,290.613525,290.613525,1.7916666666666667,100.0
44,2012-10-21 20:00:00,0.090135,2.258269,0.043967,291.009979,291.009979,1.8333333333333333,100.0
45,2012-10-21 21:00:00,0.109806,2.253766,0.043586,296.628143,296.628143,1.875,100.0
46,2012-10-21 22:00:00,0.109209,2.118804,0.042126,294.812714,294.812714,1.9166666666666667,100.0
47,2012-10-21 23:00:00,0.091117,2.109157,0.038083,290.582092,290.582092,1.9583333333333333,100.0
48,2012-10-22 00:00:00,0.090026,1.924933,0.030292,282.262878,282.262878,2.0,100.0
49,2012-10-22 01:00:00,0.090026,1.800111,0.032708,259.100983,259.100983,2.0416666666666665,100.0
50,2012-10-22 02:00:00,0.090026,1.793213,0.023175,251.429535,251.429535,2.0833333333333335,100.0
51,2012-10-22 03:00:00,0.111605,1.768757,0.018628,235.970535,235.970535,2.125,100.0
52,2012-10-22 04:00:00,0.111116,1.79029,0.018387,205.845535,205.845535,2.1666666666666665,100.0
53,2012-10-22 05:00:00,0.096622,1.806073,0.045727,171.066544,171.066544,2.2083333333333335,100.0
54,2012-10-22 06:00:00,0.092152,1.85298,0.030834,167.639618,167.639618,2.25,100.0
55,2012-10-22 07:00:00,0.104522,1.857213,0.028392,164.804947,164.804947,2.2916666666666665,100.0
56,2012-10-22 08:00:00,0.105286,1.850107,0.021116,182.651749,182.651749,2.3333333333333335,100.0
57,2012-10-22 09:00:00,0.108882,1.959001,0.018159,223.149033,223.149033,2.375,100.0
58,2012-10-22 10:00:00,0.107302,2.066337,0.017286,227.369476,227.369476,2.4166666666666665,100.0
59,2012-10-22 11:00:00,0.092807,2.222059,0.017242,232.905167,232.905167,2.4583333333333335,100.0
60,2012-10-22 12:00:00,0.113512,2.235455,0.022995,243.700226,243.700226,2.5,100.0
61,2012-10-22 13:00:00,0.114822,2.336417,0.034492,284.072327,284.072327,2.5416666666666665,100.0
62,2012-10-22 14:00:00,0.10763,2.437474,0.030857,290.529907,290.529907,2.5833333333333335,100.0
63,2012-10-22 15:00:00,0.091008,2.712327,0.037065,286.807068,286.807068,2.625,100.0
64,2012-10-22 16:00:00,0.088229,3.180286,0.018759,279.62384,279.62384,2.6666666666666665,100.0
65,2012-10-22 17:00:00,0.098909,3.20051,0.015466,276.646484,276.646484,2.7083333333333335,100.0
66,2012-10-22 18:00:00,0.097765,3.106566,0.015695,274.306549,274.306549,2.75,100.0
67,2012-10-22 19:00:00,0.103051,3.10233,0.016076,272.968872,272.968872,2.7916666666666665,100.0
68,2012-10-22 20:00:00,0.097983,2.719646,0.016457,271.801331,271.801331,2.8333333333333335,100.0
69,2012-10-22 21:00:00,0.097656,2.685021,0.017198,266.526245,266.526245,2.875,100.0
70,2012-10-22 22:00:00,0.101253,2.383689,0.015085,271.678589,271.678589,2.9166666666666665,100.0
71,2012-10-22 23:00:00,0.114058,2.225918,0.01855,275.910339,275.910339,2.9583333333333335,100.0
72,2012-10-23 00:00:00,0.104033,2.283561,0.018049,270.885681,270.885681,3.0,100.0
73,2012-10-23 01:00:00,0.096186,2.277531,0.017286,265.068512,265.068512,3.0416666666666665,100.0
74,2012-10-23 02:00:00,0.092152,2.276917,0.017242,246.110138,246.110138,3.0833333333333335,100.0
75,2012-10-23 03:00:00,0.111714,2.193505,0.018681,215.564941,215.564941,3.125,100.0
76,2012-10-23 04:00:00,0.105723,2.155338,0.018409,202.114014,202.114014,3.1666666666666665,100.0
77,2012-10-23 05:00:00,0.103487,2.105861,0.01551,157.07637,157.07637,3.2083333333333335,100.0
78,2012-10-23 06:00:00,0.106975,2.195008,0.017133,158.071915,158.071915,3.25,100.0
79,2012-10-23 07:00:00,0.108991,2.121525,0.017602,166.60257,166.60257,3.2916666666666665,100.0
80,2012-10-23 08:00:00,0.103705,2.177101,0.015107,185.065231,185.065231,3.3333333333333335,100.0
81,2012-10-23 09:00:00,0.096186,2.177909,0.017471,214.137131,214.137131,3.375,100.0
82,2012-10-23 10:00:00,0.097547,2.18061,0.017264,247.065781,247.065781,3.4166666666666665,100.0
83,2012-10-23 11:00:00,0.097656,2.505998,0.016883,251.554489,251.554489,3.4583333333333335,100.0
84,2012-10-23 12:00:00,0.086867,2.551537,0.012545,252.012924,252.012924,3.5,100.0
85,2012-10-23 13:00:00,0.100598,2.696999,0.016239,266.497253,266.497253,3.5416666666666665,100.0
86,2012-10-23 14:00:00,0.097874,2.74598,0.016479,276.439362,276.439362,3.5833333333333335,100.0
87,2012-10-23 15:00:00,0.097656,2.841947,0.01612,286.49826,286.49826,3.625,100.0
88,2012-10-23 16:00:00,0.086867,2.844717,0.012142,280.909912,280.909912,3.6666666666666665,100.0
89,2012-10-23 17:00:00,0.097001,2.858933,0.014779,269.668884,269.668884,3.7083333333333335,100.0
90,2012-10-23 18:00:00,0.095858,2.872753,0.014954,270.092041,270.092041,3.75,100.0
91,2012-10-23 19:00:00,0.092152,2.955557,0.013515,270.789886,270.789886,3.7916666666666665,100.0
92,2012-10-23 20:00:00,0.095531,2.977777,0.015586,270.754333,270.754333,3.8333333333333335,100.0
93,2012-10-23 21:00:00,0.097547,2.88097,0.015357,270.56839,270.56839,3.875,100.0
94,2012-10-23 22:00:00,0.081472,2.982985,0.013177,270.926819,270.926819,3.9166666666666665,100.0
95,2012-10-23 23:00:00,0.08948,2.990941,0.013046,273.086609,273.086609,3.9583333333333335,100.0
96,2012-10-24 00:00:00,0.093623,2.926273,0.012687,258.480255,258.480255,4.0,100.0
97,2012-10-24 01:00:00,0.099237,2.758319,0.015902,252.459167,252.459167,4.041666666666667,100.0
98,2012-10-24 02:00:00,0.095967,2.692293,0.0143,247.681458,247.681458,4.083333333333333,100.0
99,2012-10-24 03:00:00,0.099346,2.579541,0.016348,234.674026,234.674026,4.125,100.0
100,2012-10-24 04:00:00,0.095967,2.572937,0.013603,217.784866,217.784866,4.166666666666667,100.0
101,2012-10-24 05:00:00,0.102941,2.558547,0.015945,176.844269,176.844269,4.208333333333333,100.0
102,2012-10-24 06:00:00,0.106975,2.534654,0.017537,172.338562,172.338562,4.25,100.0
103,2012-10-24 07:00:00,0.107193,2.526069,0.016905,183.034714,183.034714,4.291666666666667,100.0
104,2012-10-24 08:00:00,0.107193,2.527073,0.016861,195.548462,195.548462,4.333333333333333,100.0
105,2012-10-24 09:00:00,0.108991,2.5286,0.01758,211.575256,211.575256,4.375,100.0
106,2012-10-24 10:00:00,0.098311,2.53732,0.017264,254.032867,254.032867,4.416666666666667,100.0
107,2012-10-24 11:00:00,0.104849,2.55511,0.016883,263.628601,263.628601,4.458333333333333,100.0
108,2012-10-24 12:00:00,0.096295,2.757551,0.01722,262.094086,262.094086,4.5,100.0
109,2012-10-24 13:00:00,0.10474,2.752513,0.016523,261.920135,261.920959,4.541666666666667,100.00031459971565
110,2012-10-24 14:00:00,0.099891,2.754342,0.017198,284.153503,284.153503,4.583333333333333,100.0
111,2012-10-24 15:00:00,0.104959,2.770341,0.016523,282.252502,282.252502,4.625,100.0
112,2012-10-24 16:00:00,0.096295,2.75116,0.017198,278.816956,278.816956,4.666666666666667,100.0
113,2012-10-24 17:00:00,0.10474,2.770079,0.016163,276.215668,276.215668,4.708333333333333,100.0
114,2012-10-24 18:00:00,0.103487,2.813019,0.015739,272.207581,272.207581,4.75,100.0
115,2012-10-24 19:00:00,0.105177,2.706221,0.017155,268.555511,268.555511,4.791666666666667,100.0
116,2012-10-24 20:00:00,0.101689,2.729794,0.015804,266.694519,266.694519,4.833333333333333,100.0
117,2012-10-24 21:00:00,0.096076,2.948915,0.017155,266.305878,266.305878,4.875,100.0
118,2012-10-24 22:00:00,0.095749,3.574865,0.017242,266.592133,266.592133,4.916666666666667,100.0
119,2012-10-24 23:00:00,0.10474,3.668165,0.016523,267.990295,267.990295,4.958333333333333,100.0
120,2012-10-25 00:00:00,0.096295,3.431329,0.017198,267.262726,267.262726,5.0,100.0
121,2012-10-25 01:00:00,0.097547,3.32468,0.017242,263.970612,263.970612,5.041666666666667,100.0
122,2012-10-25 02:00:00,0.097656,3.286005,0.017242,249.96936,249.96936,5.083333333333333,100.0
123,2012-10-25 03:00:00,0.103051,3.178981,0.015804,239.711777,239.711777,5.125,100.0
124,2012-10-25 04:00:00,0.105177,3.172607,0.016435,205.388504,205.388504,5.166666666666667,100.0
125,2012-10-25 05:00:00,0.098093,3.097802,0.017198,161.840302,161.840302,5.208333333333333,100.0
126,2012-10-25 06:00:00,0.103051,2.933581,0.017242,161.150635,161.150635,5.25,100.0
127,2012-10-25 07:00:00,0.097983,2.926765,0.017602,163.542328,163.542328,5.291666666666667,100.0
128,2012-10-25 08:00:00,0.095858,3.042026,0.017264,177.84082,177.84082,5.333333333333333,100.0
129,2012-10-25 09:00:00,0.10474,3.0001,0.016883,190.108795,190.108795,5.375,100.0
130,2012-10-25 10:00:00,0.105286,3.051797,0.016861,202.249878,202.249878,5.416666666666667,100.0
131,2012-10-25 11:00:00,0.108882,3.128482,0.01722,285.369873,285.369873,5.458333333333333,100.0
132,2012-10-25 12:00:00,0.089321,3.13725,0.017242,280.284485,280.284485,5.5,100.0
133,2012-10-25 13:00:00,0.106102,3.243966,0.016883,277.883575,277.883575,5.541666666666667,100.0
134,2012-10-25 14:00:00,0.105395,3.329549,0.016501,276.128784,276.128784,5.583333333333333,100.0
135,2012-10-25 15:00:00,0.107084,3.273931,0.016839,278.121124,278.121124,5.625,100.0
136,2012-10-25 16:00:00,0.092807,3.274579,0.01722,276.583252,276.583252,5.666666666666667,100.0
137,2012-10-25 17:00:00,0.104522,3.14537,0.016523,273.662537,273.662537,5.708333333333333,100.0
138,2012-10-25 18:00:00,0.096295,3.058391,0.017198,271.982635,271.982635,5.75,100.0
139,2012-10-25 19:00:00,0.09395,3.047834,0.017961,269.535858,269.535858,5.791666666666667,100.0
140,2012-10-25 20:00:00,0.104631,2.958295,0.016566,266.765808,266.765808,5.833333333333333,100.0
141,2012-10-25 21:00:00,0.096295,2.862251,0.025111,261.204468,261.204468,5.875,100.0
142,2012-10-25 22:00:00,0.088557,2.858189,0.018082,256.941376,256.941376,5.916666666666667,100.0
143,2012-10-25 23:00:00,0.09711,2.856837,0.017624,263.081635,263.081635,5.958333333333333,100.0
144,2012-10-26 00:00:00,0.092261,2.773314,0.017264,268.251007,268.251007,6.0,100.0
145,2012-10-26 01:00:00,0.109916,2.864633,0.017961,264.221039,264.221039,6.041666666666667,100.0
146,2012-10-26 02:00:00,0.093025,2.844589,0.017286,258.415588,258.415588,6.083333333333333,100.0
147,2012-10-26 03:00:00,0.095531,2.768211,0.016883,249.283585,249.283585,6.125,100.0
148,2012-10-26 04:00:00,0.092152,2.671603,0.01758,207.18301400000001,207.18301400000001,6.166666666666667,100.0
149,2012-10-26 05:00:00,0.090135,2.628613,0.017264,194.797867,194.797867,6.208333333333333,100.0
150,2012-10-26 06:00:00,0.090026,2.701148,0.017602,184.869705,184.869705,6.25,100.0
151,2012-10-26 07:00:00,0.104413,2.648146,0.016905,189.031998,189.031998,6.291666666666667,100.0
152,2012-10-26 08:00:00,0.094496,2.654723,0.01722,190.514053,190.514053,6.333333333333333,100.0
153,2012-10-26 09:00:00,0.097438,2.692737,0.017602,223.942245,223.942245,6.375,100.0
154,2012-10-26 10:00:00,0.101253,2.781321,0.015466,245.747787,245.747787,6.416666666666667,100.0
155,2012-10-26 11:00:00,0.096076,2.939048,0.014256,270.147247,270.147247,6.458333333333333,100.0
156,2012-10-26 12:00:00,0.09395,3.054757,0.013831,267.841522,267.841522,6.5,100.0
157,2012-10-26 13:00:00,0.097438,3.11876,0.015967,274.519745,274.519745,6.541666666666667,100.0
158,2012-10-26 14:00:00,0.092261,3.02587,0.016817,267.845978,267.845978,6.583333333333333,100.0
159,2012-10-26 15:00:00,0.090135,3.061738,0.01758,266.772949,266.772949,6.625,100.0
160,2012-10-26 16:00:00,0.100816,2.979394,0.017264,271.272308,271.272308,6.666666666666667,100.0
161,2012-10-26 17:00:00,0.096076,2.948349,0.017602,277.655823,277.655823,6.708333333333333,100.0
162,2012-10-26 18:00:00,0.095749,2.884919,0.016545,277.401031,277.401031,6.75,100.0
163,2012-10-26 19:00:00,0.097547,2.947339,0.017558,250.648254,250.648254,6.791666666666667,100.0
164,2012-10-26 20:00:00,0.095858,2.909636,0.016905,253.550507,253.550507,6.833333333333333,100.0
165,2012-10-26 21:00:00,0.090353,2.902788,0.012905,250.637939,250.637939,6.875,100.0
166,2012-10-26 22:00:00,0.097219,2.777371,0.016261,265.590424,265.590424,6.916666666666667,100.0
167,2012-10-26 23:00:00,0.092261,2.707916,0.014322,256.120941,256.120941,6.958333333333333,100.0
168,2012-10-27 00:00:00,0.095531,2.5862,0.01563,245.621735,245.621735,7.0,100.0
169,2012-10-27 01:00:00,0.092152,2.504235,0.014638,235.657013,235.657013,7.041666666666667,100.0
170,2012-10-27 02:00:00,0.097329,2.416258,0.01673,247.69863900000001,247.69863900000001,7.083333333333333,100.0
171,2012-10-27 03:00:00,0.095858,2.442842,0.014703,248.968948,248.968948,7.125,100.0
172,2012-10-27 04:00:00,0.090353,2.431816,0.013133,239.254196,239.254196,7.166666666666667,100.0
173,2012-10-27 05:00:00,0.095422,2.300121,0.014125,180.74826,180.74826,7.208333333333333,100.0
174,2012-10-27 06:00:00,0.097547,2.312316,0.01455,185.883774,185.879272,7.25,99.99757805649028
175,2012-10-27 07:00:00,0.090463,2.34087,0.013133,247.425934,247.425934,7.291666666666667,100.0
176,2012-10-27 08:00:00,0.095422,2.263408,0.016283,191.53891,191.53891,7.333333333333333,100.0
177,2012-10-27 09:00:00,0.095749,2.271553,0.016479,186.479904,186.479904,7.375,100.0
178,2012-10-27 10:00:00,0.097547,2.273777,0.017198,208.952454,208.952454,7.416666666666667,100.0
179,2012-10-27 11:00:00,0.101253,2.222076,0.016163,217.849014,217.849014,7.458333333333333,100.0
180,2012-10-27 12:00:00,0.105068,2.280791,0.016457,264.85965,264.85965,7.5,100.0
181,2012-10-27 13:00:00,0.105286,2.283107,0.016479,260.022888,260.022888,7.541666666666667,100.0
182,2012-10-27 14:00:00,0.096295,2.347756,0.017198,264.632416,264.632416,7.583333333333333,100.0
183,2012-10-27 15:00:00,0.108336,2.186249,0.017602,317.052673,317.052673,7.625,100.0
184,2012-10-27 16:00:00,0.089321,1.964677,0.017983,301.811096,301.811096,7.666666666666667,100.0
185,2012-10-27 17:00:00,0.09711,1.953343,0.016926,281.991486,281.991486,7.708333333333333,100.0
186,2012-10-27 18:00:00,0.101253,2.046964,0.015063,272.182343,272.182343,7.75,100.0
187,2012-10-27 19:00:00,0.096076,2.052612,0.014235,272.341003,272.341003,7.791666666666667,100.0
188,2012-10-27 20:00:00,0.092152,2.039661,0.013472,232.547821,232.547821,7.833333333333333,100.0
189,2012-10-27 21:00:00,0.095531,2.05183,0.014867,257.101868,257.101868,7.875,100.0
190,2012-10-27 22:00:00,0.095749,2.01376,0.015313,264.99353,264.99353,7.916666666666667,100.0
191,2012-10-27 23:00:00,0.088557,2.012852,0.013177,272.497711,272.497711,7.958333333333333,100.0
192,2012-10-28 00:00:00,0.095312,2.037402,0.014845,275.169739,275.169739,8.0,100.0
193,2012-10-28 01:00:00,0.088557,2.038879,0.013155,283.512207,283.512207,8.041666666666666,100.0
194,2012-10-28 02:00:00,0.080927,2.084928,0.010888,263.943146,263.943146,8.083333333333334,100.0
195,2012-10-28 03:00:00,0.093077,2.074757,0.014354,261.370453,261.370453,8.125,100.0
196,2012-10-28 04:00:00,0.092043,2.032244,0.014572,208.502167,208.502167,8.166666666666666,100.0
197,2012-10-28 05:00:00,0.084742,2.222142,0.011695,190.708878,190.708878,8.208333333333334,100.0
198,2012-10-28 06:00:00,0.082506,2.429748,0.011161,175.578323,175.578323,8.25,100.0
199,2012-10-28 07:00:00,0.089589,2.43325,0.058409,137.671005,137.671005,8.291666666666666,100.0
200,2012-10-28 08:00:00,0.084632,2.423995,5.015697,158.038803,158.038803,8.333333333333334,100.0
201,2012-10-28 09:00:00,0.082506,2.404853,5.014934,167.07077,167.07077,8.375,100.0
202,2012-10-28 10:00:00,0.094985,2.310829,5.015229,174.693283,174.693283,8.416666666666666,100.0
203,2012-10-28 11:00:00,0.102941,2.300102,5.014905,214.792618,214.792618,8.458333333333334,100.0
204,2012-10-28 12:00:00,0.096186,2.299805,5.014877,249.704361,249.704361,8.5,100.0
205,2012-10-28 13:00:00,0.08496,2.365433,5.014524,248.421722,248.421722,8.541666666666666,100.0
206,2012-10-28 14:00:00,0.095094,2.330048,5.014848,262.357574,262.357574,8.583333333333334,100.0
207,2012-10-28 15:00:00,0.101144,2.365791,5.015936,320.338196,320.338196,8.625,100.0
208,2012-10-28 16:00:00,0.099673,2.371323,5.014963,328.199066,328.199066,8.666666666666666,100.0
209,2012-10-28 17:00:00,0.099564,2.280212,5.014877,311.231262,311.231262,8.708333333333334,100.0
210,2012-10-28 18:00:00,0.099564,2.095527,5.015583,269.732056,269.732056,8.75,100.0
211,2012-10-28 19:00:00,0.081581,2.056022,5.015286,304.63324,304.63324,8.791666666666666,100.0
212,2012-10-28 20:00:00,0.093077,1.999924,5.014905,313.767853,313.767853,8.833333333333334,100.0
213,2012-10-28 21:00:00,0.099237,1.810685,5.015229,318.922058,318.922058,8.875,100.0
214,2012-10-28 22:00:00,0.092371,1.665108,5.015258,286.394379,286.394379,8.916666666666666,100.0
215,2012-10-28 23:00:00,0.084742,1.692977,5.015258,315.765625,315.765625,8.958333333333334,100.0
216,2012-10-29 00:00:00,0.100489,1.749771,5.014905,318.918762,318.918762,9.0,100.0
217,2012-10-29 01:00:00,0.094278,1.697681,5.015583,302.128632,302.128632,9.041666666666666,100.0
218,2012-10-29 02:00:00,0.084851,2.083193,5.014582,291.180725,291.180725,9.083333333333334,100.0
219,2012-10-29 03:00:00,0.082506,2.102472,5.015553,270.03894,270.03894,9.125,100.0
220,2012-10-29 04:00:00,0.094985,3.136368,5.015994,296.512421,296.512421,9.166666666666666,100.0
221,2012-10-29 05:00:00,0.083161,3.595603,5.014611,307.6185,307.6185,9.208333333333334,100.0
222,2012-10-29 06:00:00,0.084196,4.145991,5.015201,355.695526,355.695526,9.25,100.0
223,2012-10-29 07:00:00,0.082506,4.685071,5.014553,460.927826,460.927826,9.291666666666666,100.0
224,2012-10-29 08:00:00,0.10038,5.149299,5.015553,570.875977,551.597656,9.333333333333334,96.62302815730499
225,2012-10-29 09:00:00,0.099673,5.746427,5.015286,640.155457,531.57312,9.375,83.03812990849816
226,2012-10-29 10:00:00,0.111967,6.261898,5.015611,648.575684,536.956604,9.416666666666666,82.79012260965366
227,2012-10-29 11:00:00,0.995031,6.101688,5.01564,662.457642,529.770691,9.458333333333334,79.97050036295002
228,2012-10-29 12:00:00,2.40013,5.52223,5.014229,689.064026,470.462921,9.5,68.27564685549264
229,2012-10-29 13:00:00,3.222337,5.081525,5.015525,664.241577,481.638,9.541666666666666,72.50946292390847
230,2012-10-29 14:00:00,3.531014,5.082826,5.014229,684.022522,476.074707,9.583333333333334,69.59927366251253
231,2012-10-29 15:00:00,3.533828,4.962561,5.013762,705.147461,472.824432,9.625,67.05327015280851
232,2012-10-29 16:00:00,3.075027,4.863281,5.014981,682.279358,468.035736,9.666666666666666,68.59884159063185
233,2012-10-29 17:00:00,2.725575,4.866291,3.349635,602.723022,421.597382,9.708333333333334,69.94877690270141
234,2012-10-29 18:00:00,2.027618,4.850893,0.017624,746.895142,483.712158,9.75,64.76306121160982
235,2012-10-29 19:00:00,1.468113,4.797125,0.016185,717.146179,468.715729,9.791666666666666,65.35846424693842
236,2012-10-29 20:00:00,1.04246,4.779378,0.014659,703.864136,476.74881,9.833333333333334,67.73307313387537
237,2012-10-29 21:00:00,1.015306,4.807848,0.014572,699.971619,477.370026,9.875,68.19848305878241
238,2012-10-29 22:00:00,0.610371,4.816842,0.014932,690.10907,488.117279,9.916666666666666,70.73045410053805
239,2012-10-29 23:00:00,0.594931,4.577335,0.013155,755.766479,490.078583,9.958333333333334,64.84523945127235
240,2012-10-30 00:00:00,0.627852,4.244667,0.016283,746.586853,476.596832,10.0,63.83675657894287
241,2012-10-30 01:00:00,0.588436,4.035517,0.014681,675.597656,475.62738,10.041666666666666,70.40098137936701
242,2012-10-30 02:00:00,0.558956,3.890222,0.01673,628.798096,484.580322,10.083333333333334,77.06453392314343
243,2012-10-30 03:00:00,0.542937,3.790046,0.016861,659.50824,488.494629,10.125,74.06952625792817
244,2012-10-30 04:00:00,0.439541,3.675122,0.014703,650.93103,479.922668,10.166666666666666,73.72865109841207
245,2012-10-30 05:00:00,0.33262,3.667079,0.014572,650.321655,471.013214,10.208333333333334,72.42773024373608
246,2012-10-30 06:00:00,0.216815,3.523093,0.014572,581.427856,469.016418,10.25,80.66631365525768
247,2012-10-30 07:00:00,0.211988,3.512965,0.014932,595.23053,484.506989,10.291666666666666,81.39820869067317
248,2012-10-30 08:00:00,0.104173,3.463953,0.016033,614.030884,480.320709,10.333333333333334,78.2241938501582
249,2012-10-30 09:00:00,0.097656,3.41495,0.016817,626.588135,481.431549,10.375,76.83381189463475
250,2012-10-30 10:00:00,0.103052,3.305685,0.01722,606.394775,466.807465,10.416666666666666,76.98078615535564
251,2012-10-30 11:00:00,0.097982,3.234501,0.017242,580.309753,473.130737,10.458333333333334,81.53072295512497
252,2012-10-30 12:00:00,0.094058,3.224835,0.016523,603.903259,484.795013,10.5,80.276932733029
253,2012-10-30 13:00:00,0.097439,3.084905,0.016839,599.446655,477.684387,10.541666666666666,79.68755568416677
254,2012-10-30 14:00:00,0.097656,2.857686,0.016861,572.272827,472.593781,10.583333333333334,82.58190127206582
255,2012-10-30 15:00:00,0.095858,2.845983,0.015422,564.979187,477.929688,10.625,84.59244145572391
256,2012-10-30 16:00:00,0.095749,2.84319,0.017493,531.554871,466.032745,10.666666666666666,87.67349721078935
257,2012-10-30 17:00:00,0.099347,2.726425,0.017264,520.112488,469.018005,10.708333333333334,90.17626298563322
258,2012-10-30 18:00:00,0.097765,2.782756,0.015085,533.218567,475.772949,10.75,89.22662833681858
259,2012-10-30 19:00:00,0.097656,2.78656,0.017111,534.628723,476.169067,10.791666666666666,89.06537312998051
260,2012-10-30 20:00:00,0.108448,2.789439,0.016883,532.168457,476.738037,10.833333333333334,89.58404631637158
261,2012-10-30 21:00:00,0.096509,2.835673,0.01722,516.415466,469.257813,10.875,90.8682725238132
262,2012-10-30 22:00:00,0.097547,3.042837,0.016523,471.092285,452.57077,10.916666666666666,96.06838923290793
263,2012-10-30 23:00:00,0.097656,3.178904,0.016839,423.536774,423.536774,10.958333333333334,100.0
264,2012-10-31 00:00:00,0.099455,3.180583,0.016142,412.989105,412.989105,11.0,100.0
265,2012-10-31 01:00:00,0.097765,3.347209,0.016817,376.720642,376.720642,11.041666666666666,100.0
266,2012-10-31 02:00:00,0.124637,3.515574,0.016861,364.022888,364.022888,11.083333333333334,100.0
267,2012-10-31 03:00:00,0.183826,3.527964,0.01722,323.491272,323.491272,11.125,100.0
268,2012-10-31 04:00:00,0.185503,3.461925,0.014366,328.894775,328.892639,11.166666666666666,99.99935055216368
269,2012-10-31 05:00:00,0.194388,3.472341,0.01455,325.552551,325.552551,11.208333333333334,100.0
270,2012-10-31 06:00:00,0.160755,3.526464,0.01673,303.991608,303.991608,11.25,100.0
271,2012-10-31 07:00:00,0.16049,3.567088,0.015782,291.010498,291.010498,11.291666666666666,100.0
272,2012-10-31 08:00:00,0.10304,3.565017,0.014998,291.770721,291.770721,11.333333333333334,100.0
273,2012-10-31 09:00:00,0.099564,3.407863,0.014954,308.29068,308.29068,11.375,100.0
274,2012-10-31 10:00:00,0.103161,3.401316,0.016033,314.098236,314.098236,11.416666666666666,100.0
275,2012-10-31 11:00:00,0.097982,3.394292,0.016457,336.373535,336.373535,11.458333333333334,100.0
276,2012-10-31 12:00:00,0.104852,3.306056,0.017198,356.390411,356.390411,11.5,100.0
277,2012-10-31 13:00:00,0.096292,3.187068,0.017242,354.714935,354.714935,11.541666666666666,100.0
278,2012-10-31 14:00:00,0.101145,3.095311,0.017242,350.775726,350.775726,11.583333333333334,100.0
279,2012-10-31 15:00:00,0.097873,3.110362,0.017242,341.749268,341.749268,11.625,100.0
280,2012-10-31 16:00:00,0.103052,2.805068,0.017242,344.460907,344.460907,11.666666666666666,100.0
281,2012-10-31 17:00:00,0.097982,2.343221,0.017242,355.810974,355.810974,11.708333333333334,100.0
282,2012-10-31 18:00:00,0.103052,1.958176,0.016163,354.100983,354.100983,11.75,100.0
283,2012-10-31 19:00:00,0.105177,1.703461,0.016098,337.390594,337.390594,11.791666666666666,100.0
284,2012-10-31 20:00:00,0.09809,1.52536,0.016457,335.363495,335.363495,11.833333333333334,100.0
285,2012-10-31 21:00:00,0.104852,1.378758,0.01612,340.633331,340.633331,11.875,100.0
286,2012-10-31 22:00:00,0.105286,1.370544,0.017537,345.434967,345.434967,11.916666666666666,100.0
287,2012-10-31 23:00:00,0.09809,1.215087,0.017624,338.794281,338.794281,11.958333333333334,100.0
288,2012-11-01 00:00:00,0.099455,1.212946,0.017624,308.690094,308.690094,12.0,100.0
289,2012-11-01 01:00:00,0.099564,1.181712,0.017624,286.008087,286.008087,12.041666666666666,100.0
290,2012-11-01 02:00:00,0.103161,1.102081,0.016905,243.021286,243.021286,12.083333333333334,100.0
291,2012-11-01 03:00:00,0.099781,1.107488,0.01722,255.75975,255.75975,12.125,100.0
292,2012-11-01 04:00:00,0.101362,1.110972,0.015444,261.883728,261.883728,12.166666666666666,100.0
293,2012-11-01 05:00:00,0.101471,1.115463,0.015335,256.345245,256.345245,12.208333333333334,100.0
294,2012-11-01 06:00:00,0.083483,1.085495,0.013537,230.011215,230.011215,12.25,100.0
295,2012-11-01 07:00:00,0.100385,1.123982,0.015226,244.723587,244.723587,12.291666666666666,100.0
296,2012-11-01 08:00:00,0.101471,1.195496,0.015335,251.103363,251.103363,12.333333333333334,100.0
297,2012-11-01 09:00:00,0.101471,1.198206,0.015695,280.165009,280.165009,12.375,100.0
298,2012-11-01 10:00:00,0.099673,1.180848,0.017155,287.725739,287.726227,12.416666666666666,100.00016960595939
299,2012-11-01 11:00:00,0.101362,1.148142,0.015444,289.506378,289.506378,12.458333333333334,100.0
300,2012-11-01 12:00:00,0.097873,1.149119,0.015335,291.344055,291.344055,12.5,100.0
301,2012-11-01 13:00:00,0.097656,1.717786,0.016774,295.477936,295.477936,12.541666666666666,100.0
302,2012-11-01 14:00:00,0.097656,2.12914,0.01722,320.640533,320.641083,12.583333333333334,100.00017153165098
303,2012-11-01 15:00:00,0.095858,2.302932,0.017242,368.906464,368.906464,12.625,100.0
304,2012-11-01 16:00:00,0.097547,2.604212,0.017242,335.890564,335.890564,12.666666666666666,100.0
305,2012-11-01 17:00:00,0.101254,2.946977,0.015804,311.77359,311.77356,12.708333333333334,99.99999037763267
306,2012-11-01 18:00:00,0.097873,3.182462,0.015717,305.837616,305.837616,12.75,100.0
307,2012-11-01 19:00:00,0.097656,3.369613,0.017155,308.760101,308.755219,12.791666666666666,99.99841883715409
308,2012-11-01 20:00:00,0.097656,3.678085,0.017242,307.499878,307.499878,12.833333333333334,100.0
309,2012-11-01 21:00:00,0.095858,4.007081,0.017602,308.638367,308.637756,12.875,99.9998020336856
310,2012-11-01 22:00:00,0.095749,4.024134,0.015826,314.766205,314.766205,12.916666666666666,100.0
311,2012-11-01 23:00:00,0.102944,4.075897,0.015717,315.107117,315.108124,12.958333333333334,100.0003195738673
312,2012-11-02 00:00:00,0.10158,3.880281,0.016796,290.993256,290.998108,13.0,100.00166739259416
313,2012-11-02 01:00:00,0.101471,3.866967,0.015782,286.710083,286.710083,13.041666666666666,100.0
314,2012-11-02 02:00:00,0.097873,3.122706,0.015717,284.041626,284.041626,13.083333333333334,100.0
315,2012-11-02 03:00:00,0.095858,2.76709,0.017155,280.441925,280.441925,13.125,100.0
316,2012-11-02 04:00:00,0.097547,2.543896,0.016163,250.284821,250.284821,13.166666666666666,100.0
317,2012-11-02 05:00:00,0.101254,2.259609,0.015019,174.998337,174.998337,13.208333333333334,100.0
318,2012-11-02 06:00:00,0.096075,2.244787,0.014954,229.059357,229.05809,13.25,99.99944686826305
319,2012-11-02 07:00:00,0.099347,2.1844,0.014954,273.405792,273.406433,13.291666666666666,100.00023445004412
320,2012-11-02 08:00:00,0.099564,2.15199,0.015673,265.998016,265.998016,13.333333333333334,100.0
321,2012-11-02 09:00:00,0.095966,2.0538,0.016796,263.691223,263.691589,13.375,100.00013879870397
322,2012-11-02 10:00:00,0.095749,2.048035,0.016861,266.232513,266.232513,13.416666666666666,100.0
323,2012-11-02 11:00:00,0.099347,1.855266,0.016861,272.771454,272.771454,13.458333333333334,100.0
324,2012-11-02 12:00:00,0.101362,1.786025,0.015422,281.967468,281.967468,13.5,100.0
325,2012-11-02 13:00:00,0.096075,1.648745,0.017133,298.843842,298.843842,13.541666666666666,100.0
326,2012-11-02 14:00:00,0.101145,1.642064,0.015804,330.426361,330.426361,13.583333333333334,100.0
327,2012-11-02 15:00:00,0.099673,1.640712,0.017155,333.110291,333.110291,13.625,100.0
328,2012-11-02 16:00:00,0.103161,1.904038,0.015804,315.310242,315.307312,13.666666666666666,99.99907075647737
329,2012-11-02 17:00:00,0.103378,2.056605,0.015717,272.06897,272.06897,13.708333333333334,100.0
330,2012-11-02 18:00:00,0.099781,1.96694,0.016435,252.327515,252.327515,13.75,100.0
331,2012-11-02 19:00:00,0.10496,1.83727,0.01612,277.553223,277.553223,13.791666666666666,100.0
332,2012-11-02 20:00:00,0.09809,1.697408,0.017177,285.867401,285.86441,13.833333333333334,99.99895371071011
333,2012-11-02 21:00:00,0.095858,1.693772,0.017602,283.138885,283.138885,13.875,100.0
334,2012-11-02 22:00:00,0.099347,1.69547,0.016185,279.833374,279.833374,13.916666666666666,100.0
335,2012-11-02 23:00:00,0.103161,1.635102,0.015739,277.218689,277.218689,13.958333333333334,100.0
336,2012-11-03 00:00:00,0.103378,1.53359,0.015717,280.430756,280.430756,14.0,100.0
337,2012-11-03 01:00:00,0.097982,1.467255,0.017515,279.506104,279.506104,14.041666666666666,100.0
338,2012-11-03 02:00:00,0.099455,1.416122,0.017624,251.783325,251.783325,14.083333333333334,100.0
339,2012-11-03 03:00:00,0.101362,1.437739,0.017624,218.947281,218.949142,14.125,100.00084997630093
340,2012-11-03 04:00:00,0.101471,1.41186,0.015826,220.378387,220.378387,14.166666666666666,100.0
341,2012-11-03 05:00:00,0.101471,1.405899,0.015357,214.074997,214.074997,14.208333333333334,100.0
342,2012-11-03 06:00:00,0.097873,1.441625,0.017493,208.380035,208.378082,14.25,99.99906277009696
343,2012-11-03 07:00:00,0.099455,1.429392,0.015826,205.408752,205.408752,14.291666666666666,100.0
344,2012-11-03 08:00:00,0.101362,1.437164,0.014998,196.745316,196.744598,14.333333333333334,99.9996350611976
345,2012-11-03 09:00:00,0.097873,1.437683,0.017111,195.689789,195.689789,14.375,100.0
346,2012-11-03 10:00:00,0.099455,1.570109,0.015444,202.05751,202.05751,14.416666666666666,100.0
347,2012-11-03 11:00:00,0.095966,1.624125,0.014976,224.558823,224.558823,14.458333333333334,100.0
348,2012-11-03 12:00:00,0.101145,1.648483,0.015313,267.947418,267.947418,14.5,100.0
349,2012-11-03 13:00:00,0.101471,1.743342,0.016774,277.371155,277.371155,14.541666666666666,100.0
350,2012-11-03 14:00:00,0.097873,1.748962,0.01722,284.247314,284.247314,14.583333333333334,100.0
351,2012-11-03 15:00:00,0.099455,1.747522,0.016883,333.538147,333.538147,14.625,100.0
352,2012-11-03 16:00:00,0.097765,1.68842,0.01722,351.254944,351.254944,14.666666666666666,100.0
353,2012-11-03 17:00:00,0.103052,1.684875,0.015804,332.172791,332.172791,14.708333333333334,100.0
354,2012-11-03 18:00:00,0.103378,1.693512,0.015357,281.350739,281.350739,14.75,100.0
355,2012-11-03 19:00:00,0.097982,2.161977,0.017133,265.743622,265.743622,14.791666666666666,100.0
356,2012-11-03 20:00:00,0.101254,2.181302,0.017242,285.493073,285.493073,14.833333333333334,100.0
357,2012-11-03 21:00:00,0.103269,1.868433,0.015444,306.351135,306.351135,14.875,100.0
358,2012-11-03 22:00:00,0.099781,1.805048,0.017133,300.119171,300.119171,14.916666666666666,100.0
359,2012-11-03 23:00:00,0.101362,1.802368,0.015444,296.955231,296.955231,14.958333333333334,100.0
360,2012-11-04 00:00:00,0.101471,1.641154,0.015335,294.611664,294.611664,15.0,100.0
361,2012-11-04 01:00:00,0.101471,1.63003,0.015695,294.543396,294.543396,15.041666666666666,100.0
362,2012-11-04 01:00:00,0.099673,1.520548,0.014998,292.018738,292.018738,15.083333333333334,100.0
363,2012-11-04 02:00:00,0.099564,1.433369,0.017111,260.134369,260.134369,15.125,100.0
364,2012-11-04 03:00:00,0.097765,1.499059,0.017242,210.447495,210.447495,15.166666666666666,100.0
365,2012-11-04 04:00:00,0.099455,1.447159,0.015444,206.224121,206.224121,15.208333333333334,100.0
366,2012-11-04 05:00:00,0.10496,1.416438,0.016054,206.250275,206.250275,15.25,100.0
367,2012-11-04 06:00:00,0.09989,1.419114,0.017537,188.787155,188.787155,15.291666666666666,100.0
368,2012-11-04 07:00:00,0.108557,1.379069,0.017624,180.828827,180.828827,15.333333333333334,100.0
369,2012-11-04 08:00:00,0.098308,1.432785,0.016905,181.20932,181.20932,15.375,100.0
370,2012-11-04 09:00:00,0.108448,1.403051,0.01758,185.619766,185.619766,15.416666666666666,100.0
371,2012-11-04 10:00:00,0.105503,1.497503,0.017624,194.460052,194.460052,15.458333333333334,100.0
372,2012-11-04 11:00:00,0.105286,1.474507,0.016185,223.13652,223.13652,15.5,100.0
373,2012-11-04 12:00:00,0.107084,1.528915,0.017177,279.039124,279.039124,15.541666666666666,100.0
374,2012-11-04 13:00:00,0.096401,1.563955,0.017961,323.417267,323.417267,15.583333333333334,100.0
375,2012-11-04 14:00:00,0.095749,1.642145,0.016566,335.475433,335.475433,15.625,100.0
376,2012-11-04 15:00:00,0.104743,1.633773,0.016479,330.080292,330.080292,15.666666666666666,100.0
377,2012-11-04 16:00:00,0.105286,1.59845,0.016839,328.024384,328.024384,15.708333333333334,100.0
378,2012-11-04 17:00:00,0.105286,1.48554,0.01758,325.356415,325.356415,15.75,100.0
379,2012-11-04 18:00:00,0.107084,1.378123,0.016545,309.967926,309.967926,15.791666666666666,100.0
380,2012-11-04 19:00:00,0.107193,1.318812,0.017558,266.39917,266.39917,15.833333333333334,100.0
381,2012-11-04 20:00:00,0.098199,1.265233,0.017983,280.469543,280.469543,15.875,100.0
382,2012-11-04 21:00:00,0.097656,1.257888,0.017646,289.791962,289.791962,15.916666666666666,100.0
383,2012-11-04 22:00:00,0.099455,1.217326,0.017624,294.922119,294.922119,15.958333333333334,100.0
384,2012-11-04 23:00:00,0.099564,1.145813,0.017624,294.054047,294.054047,16.0,100.0
385,2012-11-05 00:00:00,0.097765,1.183406,0.017624,291.269592,291.269592,16.041666666666668,100.0
386,2012-11-05 01:00:00,0.099455,1.181594,0.016185,282.024261,282.024261,16.083333333333332,100.0
387,2012-11-05 02:00:00,0.099564,1.128077,0.017537,270.774719,270.774719,16.125,100.0
388,2012-11-05 03:00:00,0.095966,1.120559,0.017983,244.729446,244.731323,16.166666666666668,100.00076696941487
389,2012-11-05 04:00:00,0.113736,1.163483,0.016926,224.609573,224.609573,16.208333333333332,100.0
390,2012-11-05 05:00:00,0.10403,1.226531,0.019738,216.136337,216.139389,16.25,100.00141207167769
391,2012-11-05 06:00:00,0.112372,1.284861,0.019913,197.74295,197.74295,16.291666666666668,100.0
392,2012-11-05 07:00:00,0.102123,1.432088,0.020272,198.576218,198.577026,16.333333333333332,100.00040689666069
393,2012-11-05 08:00:00,0.105069,1.470962,0.015979,203.074478,203.074478,16.375,100.0
394,2012-11-05 09:00:00,0.110681,1.507324,0.017515,232.424149,232.424149,16.416666666666668,100.0
395,2012-11-05 10:00:00,0.094819,1.625991,0.017624,247.500366,247.500122,16.458333333333332,99.9999014142872
396,2012-11-05 11:00:00,0.106433,1.679057,0.017264,261.467682,261.467682,16.5,100.0
397,2012-11-05 12:00:00,0.107193,1.648717,0.017242,279.970154,279.970551,16.541666666666668,100.00014180082925
398,2012-11-05 13:00:00,0.105395,1.714381,0.017242,285.900543,285.900543,16.583333333333332,100.0
399,2012-11-05 14:00:00,0.09809,1.812007,0.017602,283.86734,283.86734,16.625,100.0
400,2012-11-05 15:00:00,0.095858,1.916947,0.017264,285.381683,285.381683,16.666666666666668,100.0
401,2012-11-05 16:00:00,0.106541,1.899882,0.017242,296.160522,296.160522,16.708333333333332,100.0
402,2012-11-05 17:00:00,0.107193,1.807815,0.016883,296.755798,296.755249,16.75,99.99981499940229
403,2012-11-05 18:00:00,0.096401,1.769262,0.016861,290.191193,290.191193,16.791666666666668,100.0
404,2012-11-05 19:00:00,0.095749,1.705378,0.01758,282.996948,283.00058,16.833333333333332,100.001283406067
405,2012-11-05 20:00:00,0.097547,1.72757,0.017264,283.019135,283.019135,16.875,100.0
406,2012-11-05 21:00:00,0.103052,1.700337,0.017602,289.949097,289.949402,16.916666666666668,100.00010519087769
407,2012-11-05 22:00:00,0.099781,1.700048,0.017264,290.442017,290.442017,16.958333333333332,100.0
408,2012-11-05 23:00:00,0.099564,1.851273,0.016523,284.374207,284.374207,17.0,100.0
409,2012-11-06 00:00:00,0.106759,1.91217,0.017198,278.073242,278.073242,17.041666666666668,100.0
410,2012-11-06 01:00:00,0.098199,2.005967,0.016883,247.533478,247.533478,17.083333333333332,100.0
411,2012-11-06 02:00:00,0.09226,2.102096,0.0183,224.271759,224.27327,17.125,100.00067373618806
412,2012-11-06 03:00:00,0.091934,2.110423,0.017668,225.816589,225.816589,17.166666666666668,100.0
413,2012-11-06 04:00:00,0.104526,2.283325,0.017264,222.421143,222.42186,17.208333333333332,100.00032236144025
414,2012-11-06 05:00:00,0.092694,2.293701,0.017961,209.701248,209.701248,17.25,100.0
415,2012-11-06 06:00:00,0.106324,2.492398,0.016926,203.360901,203.361237,17.291666666666668,100.00016522350083
416,2012-11-06 07:00:00,0.11079,2.632418,0.015422,187.893555,187.893555,17.333333333333332,100.0
417,2012-11-06 08:00:00,0.105612,2.727906,0.017493,195.903259,195.903259,17.375,100.0
418,2012-11-06 09:00:00,0.105286,2.881458,0.016545,215.213257,215.213257,17.416666666666668,100.0
419,2012-11-06 10:00:00,0.09809,2.897519,0.017558,255.065979,255.065979,17.458333333333332,100.0
420,2012-11-06 11:00:00,0.097656,3.139842,0.017264,276.145172,276.143158,17.5,99.99927067347026
421,2012-11-06 12:00:00,0.097656,3.227729,0.017242,290.318512,290.318512,17.541666666666668,100.0
422,2012-11-06 13:00:00,0.103052,3.184602,0.016163,297.237488,297.237488,17.583333333333332,100.0
423,2012-11-06 14:00:00,0.097982,3.095372,0.017177,290.889343,290.889343,17.625,100.0
424,2012-11-06 15:00:00,0.097656,3.09021,0.016523,286.332855,286.332855,17.666666666666668,100.0
425,2012-11-06 16:00:00,0.099455,3.0067,0.017558,280.801239,280.799438,17.708333333333332,99.99935862106364
426,2012-11-06 17:00:00,0.108557,3.004589,0.017264,264.64566,264.64566,17.75,100.0
427,2012-11-06 18:00:00,0.098308,2.889573,0.017602,272.324219,272.323944,17.791666666666668,99.99989901742818
428,2012-11-06 19:00:00,0.104852,2.715669,0.016545,279.261841,279.261841,17.833333333333332,100.0
429,2012-11-06 20:00:00,0.108883,2.622178,0.015761,271.518646,271.518646,17.875,100.0
430,2012-11-06 21:00:00,0.098308,2.519278,0.017155,266.605713,266.605713,17.916666666666668,100.0
431,2012-11-06 22:00:00,0.097656,2.457274,0.017242,270.42691,270.42691,17.958333333333332,100.0
432,2012-11-06 23:00:00,0.101254,2.455358,0.017242,278.389984,278.389984,18.0,100.0
433,2012-11-07 00:00:00,0.099673,2.449685,0.017242,274.045013,274.045013,18.041666666666668,100.0
434,2012-11-07 01:00:00,0.094167,2.72587,0.017602,268.384369,268.388428,18.083333333333332,100.00151238315968
435,2012-11-07 02:00:00,0.104634,3.217596,0.016905,263.374481,263.374481,18.125,100.0
436,2012-11-07 03:00:00,0.09809,3.24585,0.01722,255.845886,255.845886,18.166666666666668,100.0
437,2012-11-07 04:00:00,0.108448,3.24585,0.017602,245.441391,245.441391,18.208333333333332,100.0
438,2012-11-07 05:00:00,0.098308,3.30202,0.016545,226.448212,226.448212,18.25,100.0
439,2012-11-07 06:00:00,0.094058,3.30824,0.017558,197.017715,197.01828,18.291666666666668,100.00028677624242
440,2012-11-07 07:00:00,0.093841,3.353059,0.017624,193.731995,193.731995,18.333333333333332,100.0
441,2012-11-07 08:00:00,0.104634,3.501179,0.016905,192.339142,192.33812,18.375,99.99946864689664
442,2012-11-07 09:00:00,0.108883,3.633689,0.01722,231.594666,231.594666,18.416666666666668,100.0
443,2012-11-07 10:00:00,0.09471,3.707304,0.017602,260.968872,260.968506,18.458333333333332,99.99985975338852
444,2012-11-07 11:00:00,0.097439,3.904181,0.017624,261.172699,261.172699,18.5,100.0
445,2012-11-07 12:00:00,0.108448,3.912831,0.017264,270.913452,270.913452,18.541666666666668,100.0
446,2012-11-07 13:00:00,0.101905,4.017767,0.016883,274.283325,274.282837,18.583333333333332,99.99982208178349
447,2012-11-07 14:00:00,0.090678,4.001011,0.01758,284.46582,284.46582,18.625,100.0
448,2012-11-07 15:00:00,0.095423,3.924762,0.017624,278.681152,278.681152,18.666666666666668,100.0
449,2012-11-07 16:00:00,0.099347,3.760467,0.017624,279.162598,279.162598,18.708333333333332,100.0
450,2012-11-07 17:00:00,0.103161,3.663085,0.017624,280.116425,280.116425,18.75,100.0
451,2012-11-07 18:00:00,0.097982,3.653517,0.017624,277.319702,277.319702,18.791666666666668,100.0
452,2012-11-07 19:00:00,0.108448,3.406975,0.017624,282.582886,282.582886,18.833333333333332,100.0
453,2012-11-07 20:00:00,0.098308,3.42546,0.017264,282.9599,282.9599,18.875,100.0
454,2012-11-07 21:00:00,0.110247,3.230171,0.017602,279.984894,279.984894,18.916666666666668,100.0
455,2012-11-07 22:00:00,0.105612,3.119035,0.016905,276.483337,276.483337,18.958333333333332,100.0
456,2012-11-07 23:00:00,0.090895,3.055505,0.01794,283.966919,283.966919,19.0,100.0
457,2012-11-08 00:00:00,0.108014,2.919598,0.017286,290.170624,290.168427,19.041666666666668,99.99924285926339
458,2012-11-08 01:00:00,0.096509,2.910242,0.017242,281.86792,281.86792,19.083333333333332,100.0
459,2012-11-08 02:00:00,0.097547,2.964869,0.017602,271.657288,271.657288,19.125,100.0
460,2012-11-08 03:00:00,0.104852,2.943663,0.017624,256.942657,256.942657,19.166666666666668,100.0
461,2012-11-08 04:00:00,0.09809,3.058826,0.017264,197.698654,197.698654,19.208333333333332,100.0
462,2012-11-08 05:00:00,0.103052,3.183862,0.016883,188.138046,188.138046,19.25,100.0
463,2012-11-08 06:00:00,0.092586,3.189478,0.01758,176.700592,176.700592,19.291666666666668,100.0
464,2012-11-08 07:00:00,0.104526,3.370812,0.016545,177.805069,177.80484,19.333333333333332,99.99987120727138
465,2012-11-08 08:00:00,0.108883,3.529956,0.017198,184.788391,184.788391,19.375,100.0
466,2012-11-08 09:00:00,0.101905,3.664084,0.016523,201.498627,201.498627,19.416666666666668,100.0
467,2012-11-08 10:00:00,0.106867,3.772358,0.017198,260.102966,260.102966,19.458333333333332,100.0
468,2012-11-08 11:00:00,0.105395,3.997365,0.016523,291.892273,291.892273,19.5,100.0
469,2012-11-08 12:00:00,0.105286,4.011755,0.01612,290.701569,290.701569,19.541666666666668,100.0
470,2012-11-08 13:00:00,0.103487,4.305541,0.015739,286.791656,286.791656,19.583333333333332,100.0
471,2012-11-08 14:00:00,0.096183,4.320241,0.017155,288.552765,288.552765,19.625,100.0
472,2012-11-08 15:00:00,0.099347,4.174688,0.017242,283.655457,283.655457,19.666666666666668,100.0
473,2012-11-08 16:00:00,0.10496,4.017695,0.016883,280.337494,280.337494,19.708333333333332,100.0
474,2012-11-08 17:00:00,0.09809,3.990077,0.01758,278.961548,278.960846,19.75,99.99974835241451
475,2012-11-08 18:00:00,0.097656,3.772977,0.017264,275.983032,275.983032,19.791666666666668,100.0
476,2012-11-08 19:00:00,0.097656,3.722635,0.016523,273.980316,273.980316,19.833333333333332,100.0
477,2012-11-08 20:00:00,0.104852,3.605211,0.016479,274.553741,274.553741,19.875,100.0
478,2012-11-08 21:00:00,0.101688,3.569531,0.016479,282.233368,282.233368,19.916666666666668,100.0
479,2012-11-08 22:00:00,0.099673,3.56349,0.017198,283.562317,283.562317,19.958333333333332,100.0
480,2012-11-08 23:00:00,0.103161,3.512838,0.016163,278.273163,278.273163,20.0,100.0
481,2012-11-09 00:00:00,0.094384,3.47671,0.017537,274.078033,274.078033,20.041666666666668,100.0
482,2012-11-09 01:00:00,0.104634,3.4013,0.016545,269.351807,269.351807,20.083333333333332,100.0
483,2012-11-09 02:00:00,0.105286,3.394032,0.017558,262.078644,262.078644,20.125,100.0
484,2012-11-09 03:00:00,0.096292,3.39242,0.017264,249.039566,249.039566,20.166666666666668,100.0
485,2012-11-09 04:00:00,0.104743,3.435529,0.017242,194.935226,194.935226,20.208333333333332,100.0
486,2012-11-09 05:00:00,0.092694,3.608011,0.017602,195.572937,195.572937,20.25,100.0
487,2012-11-09 06:00:00,0.104526,3.752069,0.016545,159.579468,159.579468,20.291666666666668,100.0
488,2012-11-09 07:00:00,0.094493,3.85798,0.017558,156.680115,156.681351,20.333333333333332,100.00078886845341
489,2012-11-09 08:00:00,0.104634,4.006375,0.016185,206.63562,206.63562,20.375,100.0
490,2012-11-09 09:00:00,0.107084,4.094084,0.017537,221.557922,221.556686,20.416666666666668,99.99944213233776
491,2012-11-09 10:00:00,0.105395,4.195285,0.016185,249.030624,249.030624,20.458333333333332,100.0
492,2012-11-09 11:00:00,0.103487,4.385348,0.017537,257.559235,257.560638,20.5,100.00054472906008
493,2012-11-09 12:00:00,0.097982,4.386283,0.017264,296.548828,296.548828,20.541666666666668,100.0
494,2012-11-09 13:00:00,0.09226,4.476391,0.014725,297.338257,297.338257,20.583333333333332,100.0
495,2012-11-09 14:00:00,0.09733,4.40982,0.017449,282.877136,282.872864,20.625,99.99848980371465
496,2012-11-09 15:00:00,0.104852,4.350804,0.016545,262.342651,262.342651,20.666666666666668,100.0
497,2012-11-09 16:00:00,0.105286,4.307219,0.017198,263.191711,263.194427,20.708333333333332,100.00103194739292
498,2012-11-09 17:00:00,0.09809,4.100172,0.017242,268.077423,268.077423,20.75,100.0
499,2012-11-09 18:00:00,0.104852,4.083811,0.016883,294.320313,294.317596,20.791666666666668,99.9990768561054
500,2012-11-09 19:00:00,0.09809,3.847383,0.01722,294.540497,294.540497,20.833333333333332,100.0
501,2012-11-09 20:00:00,0.104852,3.718126,0.016883,285.184937,285.184082,20.875,99.99970019454429
502,2012-11-09 21:00:00,0.096292,3.714122,0.016501,229.783493,229.783493,20.916666666666668,100.0
503,2012-11-09 22:00:00,0.101145,3.590469,0.017558,241.728622,241.728195,20.958333333333332,99.9998233556306
504,2012-11-09 23:00:00,0.099673,3.560032,0.016545,266.851074,266.851074,21.0,100.0
