,DateRead,ammonia_ppm,nitrate_ppm,phosphorus_ppm,influent_mgd,treated_mgd,time,performance,nitrate_load,nitrate_man,nitrate_man3,smooth_nitrate_load
0,2012-10-20 00:00:00,0.094604,3.23702,0.017088,335.998657,335.998657,0.0,100.0,9070.870668169047,10143.14359639983,10143.14359639983,10143.14359639983
1,2012-10-20 01:00:00,0.275421,3.582997,0.016164,333.115448,333.115448,0.041666666666666664,100.0,9954.220767986051,10121.698137835214,10089.529949988291,10121.698137835214
2,2012-10-20 02:00:00,0.647927,3.600029,0.017536,308.466339,308.466339,0.08333333333333333,100.0,9261.467967804752,10118.34859043823,10082.76449088818,10118.34859043823
3,2012-10-20 03:00:00,1.038332,3.671781,0.016186,273.978546,273.978546,0.125,100.0,8389.950091550952,10101.210977985562,10041.699664734007,10101.210977985562
4,2012-10-20 04:00:00,1.059102,3.772531,0.014301,220.950378,220.950378,0.16666666666666666,100.0,6951.741534892428,10066.98576025687,9959.112186074855,10066.98576025687
5,2012-10-20 05:00:00,1.510043,3.802837,0.025333,184.92746,184.92746,0.20833333333333334,100.0,5865.096553281526,10004.68087574958,9808.743653515734,10004.68087574958
6,2012-10-20 06:00:00,1.591618,3.988458,0.016306,159.140335,159.140335,0.25,100.0,5293.602682393605,9921.88918930022,9611.561298504022,9921.88918930022
7,2012-10-20 07:00:00,1.56617,3.996757,0.024342,155.803818,155.803818,0.2916666666666667,100.0,5193.401401820005,9829.323459162088,9395.663367698502,9829.323459162088
8,2012-10-20 08:00:00,1.431419,4.170648,0.015527,159.544067,159.544067,0.3333333333333333,100.0,5549.45388050477,9736.605018015247,9185.550269404577,9736.605018015247
9,2012-10-20 09:00:00,1.398104,4.235879,0.016751,167.398407,167.398407,0.375,100.0,5913.722169685238,9652.861995265037,9003.745449959586,9652.861995265037
10,2012-10-20 10:00:00,0.970637,4.249267,0.020096,183.19191,183.19191,0.4166666666666667,100.0,6492.117357501949,9578.07919875344,8849.244285945868,9578.07919875344
11,2012-10-20 11:00:00,0.593869,4.560699,0.020294,246.847366,246.847366,0.4583333333333333,100.0,9389.143104142075,9516.35996192841,8731.387939523673,9516.35996192841
12,2012-10-20 12:00:00,0.371187,5.028302,0.020654,251.018677,251.018677,0.5,100.0,10526.728948074426,9513.815624772684,8764.275697754592,9513.815624772684
13,2012-10-20 13:00:00,0.310412,5.05698,0.021754,252.538895,252.538895,0.5416666666666666,100.0,10650.881737917414,9534.073891238719,8852.398360270583,9534.073891238719
14,2012-10-20 14:00:00,0.156415,5.995893,0.02218,242.626038,242.626038,0.5833333333333334,100.0,12132.69642226853,9556.41004817229,8942.322529152923,9556.41004817229
15,2012-10-20 15:00:00,0.0933,6.269124,0.01717,318.188385,318.188385,0.625,100.0,16636.31875731233,9607.935775654216,9101.841223808704,9607.935775654216
16,2012-10-20 16:00:00,0.106211,6.480871,0.01722,347.053314,347.053314,0.6666666666666666,100.0,18758.39270302516,9748.503435287379,9478.565100483886,9748.503435287379
17,2012-10-20 17:00:00,0.105395,6.889865,0.017242,309.8479,309.8479,0.7083333333333334,100.0,17804.317080789388,9928.701220642133,9942.556480610949,9928.701220642133
18,2012-10-20 18:00:00,0.108882,7.113906,0.025869,280.750702,280.750702,0.75,100.0,16656.93242287318,10086.213537845078,10335.64451061987,10086.213537845078
19,2012-10-20 19:00:00,0.105504,6.960823,0.021725,285.360413,285.360413,0.7916666666666666,100.0,16566.10333967316,10217.62791554564,10651.708906232534,10217.62791554564
20,2012-10-20 20:00:00,0.087303,6.339474,0.022517,284.397919,284.397919,0.8333333333333334,100.0,15036.462997709414,10344.59742402819,10947.428627904565,10344.59742402819
21,2012-10-20 21:00:00,0.104195,5.700688,0.022583,269.73114,269.73114,0.875,100.0,12824.026629022828,10438.434735501814,11151.880346394806,10438.434735501814
22,2012-10-20 22:00:00,0.099891,5.025644,0.023302,275.491486,275.491486,0.9166666666666666,100.0,11546.914594782647,10486.146573372234,11235.487660526207,10486.146573372234
23,2012-10-20 23:00:00,0.086976,4.6446,0.024065,282.93161,282.93161,0.9583333333333334,100.0,10959.628659422038,10507.361933800443,11251.059007239028,10507.361933800443
24,2012-10-21 00:00:00,0.089808,4.11015,0.048205,258.400726,258.400726,1.0,100.0,8857.628304700625,10516.407268312874,11236.487489848178,10516.407268312874
25,2012-10-21 01:00:00,0.088229,3.697873,0.039241,252.738052,252.738052,1.0416666666666667,100.0,7794.507442818723,10483.23168904063,11117.5445305908,10483.23168904063
26,2012-10-21 02:00:00,0.09711,3.339338,0.057672,241.178955,241.178955,1.0833333333333333,100.0,6716.852930593129,10429.457204116192,10951.392676202195,10429.457204116192
27,2012-10-21 03:00:00,0.108445,3.323408,0.072849,204.037399,204.037399,1.125,100.0,5655.350031292505,10355.20511864573,10739.665688921741,10355.20511864573
28,2012-10-21 04:00:00,0.107302,3.457366,0.057161,204.980179,204.980179,1.1666666666666667,100.0,5910.4871229146065,10261.208016898667,10485.44990604028,10261.208016898667
29,2012-10-21 05:00:00,0.108991,3.502968,0.058309,176.461044,176.461044,1.2083333333333333,100.0,5155.265835757456,10174.193599018985,10256.701766883994,10174.193599018985
30,2012-10-21 06:00:00,0.107302,3.348491,0.052329,163.815445,163.815445,1.25,100.0,4574.778090650749,10073.815043753755,10001.629970327667,10073.815043753755
31,2012-10-21 07:00:00,0.094605,3.274212,0.050878,160.857529,160.857529,1.2916666666666667,100.0,4392.524975529514,9963.834304691694,9730.287376343822,9963.834304691694
32,2012-10-21 08:00:00,0.093841,3.205547,0.046497,156.934067,156.934067,1.3333333333333333,100.0,4195.516460764873,9852.408118108451,9463.399256303106,9852.408118108451
33,2012-10-21 09:00:00,0.106429,3.159894,0.042998,160.242447,160.242447,1.375,100.0,4222.951884483954,9739.27028496158,9200.005116526194,9739.27028496158
34,2012-10-21 10:00:00,0.107193,3.05524,0.054669,170.947449,170.947449,1.4166666666666667,100.0,4355.860937250219,9628.943916952028,8951.152454924082,9628.943916952028
35,2012-10-21 11:00:00,0.107193,3.086403,0.046044,182.529465,182.529465,1.4583333333333333,100.0,4698.418132959054,9523.482257357993,8721.387879040389,9523.482257357993
36,2012-10-21 12:00:00,0.092807,3.02972,0.042236,192.971802,192.971802,1.5,100.0,4875.985403148369,9426.980974870014,8520.23939173632,9426.980974870014
37,2012-10-21 13:00:00,0.090135,3.005989,0.042397,272.93866,272.93866,1.5416666666666667,100.0,6842.558084353732,9335.961063435581,8338.026692306923,9335.961063435581
38,2012-10-21 14:00:00,0.109806,3.158642,0.042779,285.317841,285.317841,1.5833333333333333,100.0,7516.1490788722285,9286.093003853945,8263.253261909264,9286.093003853945
39,2012-10-21 15:00:00,0.093025,3.172344,0.042441,287.188599,287.188599,1.625,100.0,7598.248981076506,9250.69412535431,8225.898052757411,9250.69412535431
40,2012-10-21 16:00:00,0.090135,3.237324,0.055003,301.235413,301.235413,1.6666666666666667,100.0,8133.139912171132,9217.645222468755,8194.515599173366,9217.645222468755
41,2012-10-21 17:00:00,0.108009,3.015417,0.04858,300.347443,300.347443,1.7083333333333333,100.0,7553.311031309616,9195.955116262801,8191.4468148232545,9195.955116262801
42,2012-10-21 18:00:00,0.110898,2.689632,0.049579,295.063232,295.063232,1.75,100.0,6618.720000160604,9163.102234563738,8159.540025647572,9163.102234563738
43,2012-10-21 19:00:00,0.093025,2.418844,0.044634,290.613525,290.613525,1.7916666666666667,100.0,5862.592835750933,9112.214589875675,8082.499024373224,9112.214589875675
44,2012-10-21 20:00:00,0.090135,2.258269,0.043967,291.009979,291.009979,1.8333333333333333,100.0,5480.871310981367,9047.22215479318,7971.503714942109,9047.22215479318
45,2012-10-21 21:00:00,0.109806,2.253766,0.043586,296.628143,296.628143,1.875,100.0,5575.543730626728,8975.895137916945,7846.972094744071,8975.895137916945
46,2012-10-21 22:00:00,0.109209,2.118804,0.042126,294.812714,294.812714,1.9166666666666667,100.0,5209.5839830016275,8907.88810977114,7733.400676538204,8907.88810977114
47,2012-10-21 23:00:00,0.091117,2.109157,0.038083,290.582092,290.582092,1.9583333333333333,100.0,5111.446333493143,8833.922027235749,7607.209841861375,8833.922027235749
48,2012-10-22 00:00:00,0.090026,1.924933,0.030292,282.262878,282.262878,2.0,100.0,4531.431652000031,8759.472513360897,7482.421666442963,8759.472513360897
49,2012-10-22 01:00:00,0.090026,1.800111,0.032708,259.100983,259.100983,2.0416666666666665,100.0,3889.8638169400024,8674.911696133679,7334.872165720816,8674.911696133679
50,2012-10-22 02:00:00,0.090026,1.793213,0.023175,251.429535,251.429535,2.0833333333333335,100.0,3760.228367621264,8579.210738549806,7162.621748281775,8579.210738549806
51,2012-10-22 03:00:00,0.111605,1.768757,0.018628,235.970535,235.970535,2.125,100.0,3480.903626695458,8482.831091131235,6992.5020792487485,8482.831091131235
52,2012-10-22 04:00:00,0.111116,1.79029,0.018387,205.845535,205.845535,2.1666666666666665,100.0,3073.4835118119513,8382.792541842518,6816.922156621084,8382.792541842518
53,2012-10-22 05:00:00,0.096622,1.806073,0.045727,171.066544,171.066544,2.2083333333333335,100.0,2576.7152771230776,8276.606361241908,6629.750224380627,8276.606361241908
54,2012-10-22 06:00:00,0.092152,1.85298,0.030834,167.639618,167.639618,2.25,100.0,2590.6780470760777,8162.608539559531,6427.098477017748,8162.608539559531
55,2012-10-22 07:00:00,0.104522,1.857213,0.028392,164.804947,164.804947,2.2916666666666665,100.0,2552.6896028728097,8051.169929709861,6235.277455520664,8051.169929709861
56,2012-10-22 08:00:00,0.105286,1.850107,0.021116,182.651749,182.651749,2.3333333333333335,100.0,2818.296830088773,7941.20032317312,6051.148062888272,7941.20032317312
57,2012-10-22 09:00:00,0.108882,1.959001,0.018159,223.149033,223.149033,2.375,100.0,3645.8241511589154,7838.742253311432,5889.505501248296,7838.742253311432
58,2012-10-22 10:00:00,0.107302,2.066337,0.017286,227.369476,227.369476,2.4166666666666665,100.0,3918.3151541512957,7754.883891268382,5777.321433743828,7754.883891268382
59,2012-10-22 11:00:00,0.092807,2.222059,0.017242,232.905167,232.905167,2.4583333333333335,100.0,4316.1920474736335,7678.15251652604,5684.371119764201,7678.15251652604
60,2012-10-22 12:00:00,0.113512,2.235455,0.022995,243.700226,243.700226,2.5,100.0,4543.472611865002,7610.913307144991,5615.962166149672,7610.913307144991
61,2012-10-22 13:00:00,0.114822,2.336417,0.034492,284.072327,284.072327,2.5416666666666665,100.0,5535.353193029873,7549.564493239392,5562.337688435438,7549.564493239392
62,2012-10-22 14:00:00,0.10763,2.437474,0.030857,290.529907,290.529907,2.5833333333333335,100.0,5906.046848421215,7509.280267235201,5560.98846366516,7509.280267235201
63,2012-10-22 15:00:00,0.091008,2.712327,0.037065,286.807068,286.807068,2.625,100.0,6487.807383089148,7477.21559885892,5578.241382902963,7477.21559885892
64,2012-10-22 16:00:00,0.088229,3.180286,0.018759,279.62384,279.62384,2.6666666666666665,100.0,7416.626755376121,7457.427434543524,5623.719682912272,7457.427434543524
65,2012-10-22 17:00:00,0.098909,3.20051,0.015466,276.646484,276.646484,2.7083333333333335,100.0,7384.318053147045,7456.6114209601765,5713.365036535465,7456.6114209601765
66,2012-10-22 18:00:00,0.097765,3.106566,0.015695,274.306549,274.306549,2.75,100.0,7106.9426651641215,7455.165553603913,5796.912687366044,7455.165553603913
67,2012-10-22 19:00:00,0.103051,3.10233,0.016076,272.968872,272.968872,2.7916666666666665,100.0,7062.641602402477,7448.2010958351175,5862.414186255947,7448.2010958351175
68,2012-10-22 20:00:00,0.097983,2.719646,0.016457,271.801331,271.801331,2.8333333333333335,100.0,6164.9563780912085,7440.489905966465,5922.425557063273,7440.489905966465
69,2012-10-22 21:00:00,0.097656,2.685021,0.017198,266.526245,266.526245,2.875,100.0,5968.342231067049,7414.9792354089595,5934.55209811467,7414.9792354089595
70,2012-10-22 22:00:00,0.101253,2.383689,0.015085,271.678589,271.678589,2.9166666666666665,100.0,5400.961182884407,7386.046495322122,5936.241604762289,7386.046495322122
71,2012-10-22 23:00:00,0.114058,2.225918,0.01855,275.910339,275.910339,2.9583333333333335,100.0,5122.0426083181255,7346.344789073368,5909.477583668395,7346.344789073368
72,2012-10-23 00:00:00,0.104033,2.283561,0.018049,270.885681,270.885681,3.0,100.0,5158.990364760942,7301.858745458263,5870.105834900882,7301.858745458263
73,2012-10-23 01:00:00,0.096186,2.277531,0.017286,265.068512,265.068512,3.0416666666666665,100.0,5034.872621720293,7259.001377844316,5834.550061393885,7259.001377844316
74,2012-10-23 02:00:00,0.092152,2.276917,0.017242,246.110138,246.110138,3.0833333333333335,100.0,4673.505458085114,7214.5188027218355,5794.566189410205,7214.5188027218355
75,2012-10-23 03:00:00,0.111714,2.193505,0.018681,215.564941,215.564941,3.125,100.0,3943.5087510744297,7163.698535829101,5738.51315284395,7163.698535829101
76,2012-10-23 04:00:00,0.105723,2.155338,0.018409,202.114014,202.114014,3.1666666666666665,100.0,3633.1042826541448,7099.294740134008,5648.762932755473,7099.294740134008
77,2012-10-23 05:00:00,0.103487,2.105861,0.01551,157.07637,157.07637,3.2083333333333335,100.0,2758.713553382114,7029.97093098441,5547.980000250407,7029.97093098441
78,2012-10-23 06:00:00,0.106975,2.195008,0.017133,158.071915,158.071915,3.25,100.0,2893.722444122669,6944.545783432364,5408.516677906992,6944.545783432364
79,2012-10-23 07:00:00,0.108991,2.121525,0.017602,166.60257,166.60257,3.2916666666666665,100.0,2947.785654442545,6863.52931664617,5282.776966217776,6863.52931664617
80,2012-10-23 08:00:00,0.103705,2.177101,0.015107,185.065231,185.065231,3.3333333333333335,100.0,3360.2335336242604,6785.214443402097,5166.027400629014,6785.214443402097
81,2012-10-23 09:00:00,0.096186,2.177909,0.017471,214.137131,214.137131,3.375,100.0,3889.535681557919,6716.71482520654,5075.737707278776,6716.71482520654
82,2012-10-23 10:00:00,0.097547,2.18061,0.017264,247.065781,247.065781,3.4166666666666665,100.0,4493.209299971459,6660.1712423335675,5016.427605992732,6660.1712423335675
83,2012-10-23 11:00:00,0.097656,2.505998,0.016883,251.554489,251.554489,3.4583333333333335,100.0,5257.494686350684,6616.832003486325,4990.266690691668,6616.832003486325
84,2012-10-23 12:00:00,0.086867,2.551537,0.012545,252.012924,252.012924,3.5,100.0,5362.789302535329,6589.645257143612,5003.628090474619,6589.645257143612
85,2012-10-23 13:00:00,0.100598,2.696999,0.016239,266.497253,266.497253,3.5416666666666665,100.0,5994.31515919685,6565.108138051446,5021.586151077654,6565.108138051446
86,2012-10-23 14:00:00,0.097874,2.74598,0.016479,276.439362,276.439362,3.5833333333333335,100.0,6330.868640268099,6553.692278474355,5070.222601483613,6553.692278474355
87,2012-10-23 15:00:00,0.097656,2.841947,0.01612,286.49826,286.49826,3.625,100.0,6790.535340071914,6549.235805710229,5133.254903422838,6549.235805710229
88,2012-10-23 16:00:00,0.086867,2.844717,0.012142,280.909912,280.909912,3.6666666666666665,100.0,6664.5707458051,6554.061796397463,5216.118925255291,6554.061796397463
89,2012-10-23 17:00:00,0.097001,2.858933,0.014779,269.668884,269.668884,3.7083333333333335,100.0,6429.850364650038,6556.271975385615,5288.541516282781,6556.271975385615
90,2012-10-23 18:00:00,0.095858,2.872753,0.014954,270.092041,270.092041,3.75,100.0,6471.070393631001,6553.743543170904,5345.606958701144,6553.743543170904
91,2012-10-23 19:00:00,0.092152,2.955557,0.013515,270.789886,270.789886,3.7916666666666665,100.0,6674.793425424828,6552.090080180105,5401.8801304476365,6552.090080180105
92,2012-10-23 20:00:00,0.095531,2.977777,0.015586,270.754333,270.754333,3.8333333333333335,100.0,6724.09185231756,6554.544147085,5465.525795196496,6554.544147085
93,2012-10-23 21:00:00,0.097547,2.88097,0.015357,270.56839,270.56839,3.875,100.0,6501.025117249422,6557.935101189651,5528.454098052549,6557.935101189651
94,2012-10-23 22:00:00,0.081472,2.982985,0.013177,270.926819,270.926819,3.9166666666666665,100.0,6740.143114037124,6556.796901510846,5577.082649012393,6556.796901510846
95,2012-10-23 23:00:00,0.08948,2.990941,0.013046,273.086609,273.086609,3.9583333333333335,100.0,6811.994701311635,6560.463825761371,5635.23567226363,6560.463825761371
96,2012-10-24 00:00:00,0.093623,2.926273,0.012687,258.480255,258.480255,4.0,100.0,6308.240818938389,6565.494443272376,5694.073623716029,6565.494443272376
97,2012-10-24 01:00:00,0.099237,2.758319,0.015902,252.459167,252.459167,4.041666666666667,100.0,5807.6667282826775,6560.349370785696,5724.781983477147,6560.349370785696
98,2012-10-24 02:00:00,0.095967,2.692293,0.0143,247.681458,247.681458,4.083333333333333,100.0,5561.371003730637,6545.295717935635,5728.926220717423,6545.295717935635
99,2012-10-24 03:00:00,0.099346,2.579541,0.016348,234.674026,234.674026,4.125,100.0,5048.62960599523,6525.617223651535,5720.548459868084,6525.617223651535
100,2012-10-24 04:00:00,0.095967,2.572937,0.013603,217.784866,217.784866,4.166666666666667,100.0,4673.2918096938265,6496.077471298408,5686.952517174441,6496.077471298408
101,2012-10-24 05:00:00,0.102941,2.558547,0.015945,176.844269,176.844269,4.208333333333333,100.0,3773.5528784689723,6459.621758066317,5636.269481800409,6459.621758066317
102,2012-10-24 06:00:00,0.106975,2.534654,0.017537,172.338562,172.338562,4.25,100.0,3643.0673368997504,6405.900380474371,5543.133651633838,6405.900380474371
103,2012-10-24 07:00:00,0.107193,2.526069,0.016905,183.034714,183.034714,4.291666666666667,100.0,3856.068363440279,6350.643719602877,5448.130335897134,6350.643719602877
104,2012-10-24 08:00:00,0.107193,2.527073,0.016861,195.548462,195.548462,4.333333333333333,100.0,4121.338089187795,6300.752212479625,5368.527237274291,6300.752212479625
105,2012-10-24 09:00:00,0.108991,2.5286,0.01758,211.575256,211.575256,4.375,100.0,4461.809863962143,6257.163930013789,5306.167779869966,6257.163930013789
106,2012-10-24 10:00:00,0.098311,2.53732,0.017264,254.032867,254.032867,4.416666666666667,100.0,5375.652701964309,6221.256848692756,5263.949884074574,6221.256848692756
107,2012-10-24 11:00:00,0.104849,2.55511,0.016883,263.628601,263.628601,4.458333333333333,100.0,5617.824623007257,6204.344765758187,5269.53502496906,6204.344765758187
108,2012-10-24 12:00:00,0.096295,2.757551,0.01722,262.094086,262.094086,4.5,100.0,6027.633326587839,6192.6143629031685,5286.94950487097,6192.6143629031685
109,2012-10-24 13:00:00,0.10474,2.752513,0.016523,261.920135,261.920959,4.541666666666667,100.00031459971565,6012.646644130524,6189.314742176862,5323.983695956813,6189.314742176862
110,2012-10-24 14:00:00,0.099891,2.754342,0.017198,284.153503,284.153503,4.583333333333333,100.0,6527.350437518617,6185.781380215934,5358.416843365499,6185.781380215934
111,2012-10-24 15:00:00,0.104959,2.770341,0.016523,282.252502,282.252502,4.625,100.0,6521.343559884138,6192.612761361988,5416.863523073154,6192.612761361988
112,2012-10-24 16:00:00,0.096295,2.75116,0.017198,278.816956,278.816956,4.666666666666667,100.0,6397.3642726191265,6199.187377332431,5472.087524913703,6199.187377332431
113,2012-10-24 17:00:00,0.10474,2.770079,0.016163,276.215668,276.215668,4.708333333333333,100.0,6381.2611064574185,6203.150915238166,5518.351362298974,6203.150915238166
114,2012-10-24 18:00:00,0.103487,2.813019,0.015739,272.207581,272.207581,4.75,100.0,6386.1473114573055,6206.713119062551,5561.496849506896,6206.713119062551
115,2012-10-24 19:00:00,0.105177,2.706221,0.017155,268.555511,268.555511,4.791666666666667,100.0,6061.266499872985,6210.301802910446,5602.729372604416,6210.301802910446
116,2012-10-24 20:00:00,0.101689,2.729794,0.015804,266.694519,266.694519,4.833333333333333,100.0,6071.695955644378,6207.321096849697,5625.656228967844,6207.321096849697
117,2012-10-24 21:00:00,0.096076,2.948915,0.017155,266.305878,266.305878,4.875,100.0,6549.513741174565,6204.608594025591,5647.95821530167,6204.608594025591
118,2012-10-24 22:00:00,0.095749,3.574865,0.017242,266.592133,266.592133,4.916666666666667,100.0,7948.277585378954,6211.50669696857,5693.035991595314,6211.50669696857
119,2012-10-24 23:00:00,0.10474,3.668165,0.016523,267.990295,267.990295,4.958333333333333,100.0,8198.49205462535,6246.242114736778,5805.7980712844965,6246.242114736778
120,2012-10-25 00:00:00,0.096295,3.431329,0.017198,267.262726,267.262726,5.0,100.0,7648.333295139401,6285.287113534549,5925.432770451539,6285.287113534549
121,2012-10-25 01:00:00,0.097547,3.32468,0.017242,263.970612,263.970612,5.041666666666667,100.0,7319.332571296694,6312.548037166645,6011.577796685931,6312.548037166645
122,2012-10-25 02:00:00,0.097656,3.286005,0.017242,249.96936,249.96936,5.083333333333333,100.0,6850.480727168711,6332.683727849246,6076.965535416469,6332.683727849246
123,2012-10-25 03:00:00,0.103051,3.178981,0.015804,239.711777,239.711777,5.125,100.0,6355.406799224036,6343.039667835636,6115.64129500408,6343.039667835636
124,2012-10-25 04:00:00,0.105177,3.172607,0.016435,205.388504,205.388504,5.166666666666667,100.0,5434.4858259528,6343.287010463404,6127.629570215078,6343.287010463404
125,2012-10-25 05:00:00,0.098093,3.097802,0.017198,161.840302,161.840302,5.208333333333333,100.0,4181.252421543141,6325.110986773191,6092.972383001964,6325.110986773191
126,2012-10-25 06:00:00,0.103051,2.933581,0.017242,161.150635,161.150635,5.25,100.0,3942.721997722618,6282.23381546859,5997.386384929023,6282.23381546859
127,2012-10-25 07:00:00,0.097983,2.926765,0.017602,163.542328,163.542328,5.291666666666667,100.0,3991.9406798183927,6235.443579113671,5894.653165568702,6235.443579113671
128,2012-10-25 08:00:00,0.095858,3.042026,0.017264,177.84082,177.84082,5.333333333333333,100.0,4511.909961833009,6190.573521127765,5799.517541281187,6190.573521127765
129,2012-10-25 09:00:00,0.10474,3.0001,0.016883,190.108795,190.108795,5.375,100.0,4756.680601635029,6157.00024994187,5735.137162308778,6157.00024994187
130,2012-10-25 10:00:00,0.105286,3.051797,0.016861,202.249878,202.249878,5.416666666666667,100.0,5147.661261562588,6128.993856975732,5686.214334275091,6128.993856975732
131,2012-10-25 11:00:00,0.108882,3.128482,0.01722,285.369873,285.369873,5.458333333333333,100.0,7445.739421930035,6109.3672050674695,5659.286680639465,6109.3672050674695
132,2012-10-25 12:00:00,0.089321,3.13725,0.017242,280.284485,280.284485,5.5,100.0,7333.549654722525,6136.094649404721,5748.609317703993,6136.094649404721
133,2012-10-25 13:00:00,0.106102,3.243966,0.016883,277.883575,277.883575,5.541666666666667,100.0,7518.050209615473,6160.043749511077,5827.856334554919,6160.043749511077
134,2012-10-25 14:00:00,0.105395,3.329549,0.016501,276.128784,276.128784,5.583333333333333,100.0,7667.66520076439,6187.203878713165,5912.366028307946,6187.203878713165
135,2012-10-25 15:00:00,0.107084,3.273931,0.016839,278.121124,278.121124,5.625,100.0,7593.981742617823,6216.8131051541895,6000.130986930768,6216.8131051541895
136,2012-10-25 16:00:00,0.092807,3.274579,0.01722,276.583252,276.583252,5.666666666666667,100.0,7553.485530982573,6244.356477903462,6079.82352471512,6244.356477903462
137,2012-10-25 17:00:00,0.104522,3.14537,0.016523,273.662537,273.662537,5.708333333333333,100.0,7178.821249590775,6270.539058965044,6153.506625028493,6270.539058965044
138,2012-10-25 18:00:00,0.096295,3.058391,0.017198,271.982635,271.982635,5.75,100.0,6937.455886955977,6288.704702777559,6204.772356256607,6288.704702777559
139,2012-10-25 19:00:00,0.09395,3.047834,0.017961,269.535858,269.535858,5.791666666666667,100.0,6851.31460561131,6301.679726461127,6241.406532791575,6301.679726461127
140,2012-10-25 20:00:00,0.104631,2.958295,0.016566,266.765808,266.765808,5.833333333333333,100.0,6581.694112851182,6312.672424044131,6271.901936432561,6312.672424044131
141,2012-10-25 21:00:00,0.096295,2.862251,0.025111,261.204468,261.204468,5.875,100.0,6235.257132810484,6318.052857820271,6287.391545253492,6318.052857820271
142,2012-10-25 22:00:00,0.088557,2.858189,0.018082,256.941376,256.941376,5.916666666666667,100.0,6124.787701164053,6316.396943320075,6284.784824631341,6316.396943320075
143,2012-10-25 23:00:00,0.09711,2.856837,0.017624,263.081635,263.081635,5.958333333333333,100.0,6268.188449730049,6312.564758476954,6276.784968457976,6312.564758476954
144,2012-10-26 00:00:00,0.092261,2.773314,0.017264,268.251007,268.251007,6.0,100.0,6204.495238714832,6311.677232302016,6276.355142521579,6311.677232302016
145,2012-10-26 01:00:00,0.109916,2.864633,0.017961,264.221039,264.221039,6.041666666666667,100.0,6312.51520549815,6309.533592430273,6272.762147331241,6309.533592430273
146,2012-10-26 02:00:00,0.093025,2.844589,0.017286,258.415588,258.415588,6.083333333333333,100.0,6130.618399704789,6309.59322469163,6274.749800239586,6309.59322469163
147,2012-10-26 03:00:00,0.095531,2.768211,0.016883,249.283585,249.283585,6.125,100.0,5755.180148051068,6306.013728191893,6267.543230212846,6306.013728191893
148,2012-10-26 04:00:00,0.092152,2.671603,0.01758,207.18301400000001,207.18301400000001,6.166666666666667,100.0,4616.279753007027,6294.997056589076,6241.925076104757,6294.997056589076
149,2012-10-26 05:00:00,0.090135,2.628613,0.017264,194.797867,194.797867,6.208333333333333,100.0,4270.482034441048,6261.422710517435,6160.64280994987,6261.422710517435
150,2012-10-26 06:00:00,0.090026,2.701148,0.017602,184.869705,184.869705,6.25,100.0,4164.666018903976,6221.603896995907,6066.134771174428,6221.603896995907
151,2012-10-26 07:00:00,0.104413,2.648146,0.016905,189.031998,189.031998,6.291666666666667,100.0,4174.873306993404,6180.465139434068,5971.061333560905,6180.465139434068
152,2012-10-26 08:00:00,0.094496,2.654723,0.01722,190.514053,190.514053,6.333333333333333,100.0,4218.055399608141,6140.3533027852545,5881.25193223253,6140.3533027852545
153,2012-10-26 09:00:00,0.097438,2.692737,0.017602,223.942245,223.942245,6.375,100.0,5029.166525247872,6101.907344721712,5798.09210560131,6101.907344721712
154,2012-10-26 10:00:00,0.101253,2.781321,0.015466,245.747787,245.747787,6.416666666666667,100.0,5700.419028926469,6080.4525283322355,5759.645826583638,6080.4525283322355
155,2012-10-26 11:00:00,0.096076,2.939048,0.014256,270.147247,270.147247,6.458333333333333,100.0,6621.757554847139,6072.85185834412,5756.684486700779,6072.85185834412
156,2012-10-26 12:00:00,0.09395,3.054757,0.013831,267.841522,267.841522,6.5,100.0,6823.710973596084,6083.82997227418,5799.938140108097,6083.82997227418
157,2012-10-26 13:00:00,0.097438,3.11876,0.015967,274.519745,274.519745,6.541666666666667,100.0,7140.384407301108,6098.627592300619,5851.126781782496,6098.627592300619
158,2012-10-26 14:00:00,0.092261,3.02587,0.016817,267.845978,267.845978,6.583333333333333,100.0,6759.295692820172,6119.462728600628,5915.589663058427,6119.462728600628
159,2012-10-26 15:00:00,0.090135,3.061738,0.01758,266.772949,266.772949,6.625,100.0,6812.019220213519,6132.259387885018,5957.774964546514,6132.259387885018
160,2012-10-26 16:00:00,0.100816,2.979394,0.017264,271.272308,271.272308,6.666666666666667,100.0,6740.613904090076,6145.854584531588,6000.487177329864,6145.854584531588
161,2012-10-26 17:00:00,0.096076,2.948349,0.017602,277.655823,277.655823,6.708333333333333,100.0,6827.343075839133,6157.749770922757,6037.493513667874,6157.749770922757
162,2012-10-26 18:00:00,0.095749,2.884919,0.016545,277.401031,277.401031,6.75,100.0,6674.331071295418,6171.1416370210845,6076.985991776436,6171.1416370210845
163,2012-10-26 19:00:00,0.097547,2.947339,0.017558,250.648254,250.648254,6.791666666666667,100.0,6161.136421629524,6181.205425706571,6106.853245752385,6181.205425706571
164,2012-10-26 20:00:00,0.095858,2.909636,0.016905,253.550507,253.550507,6.833333333333333,100.0,6152.74895609867,6180.80404562503,6109.567404546242,6180.80404562503
165,2012-10-26 21:00:00,0.090353,2.902788,0.012905,250.637939,250.637939,6.875,100.0,6067.757005960592,6180.242943834503,6111.726482123863,6180.242943834503
166,2012-10-26 22:00:00,0.097219,2.777371,0.016261,265.590424,265.590424,6.916666666666667,100.0,6151.943800070835,6177.993225077025,6109.5280083156995,6177.993225077025
167,2012-10-26 23:00:00,0.092261,2.707916,0.014322,256.120941,256.120941,6.958333333333333,100.0,5784.240310535093,6177.472236576901,6111.648797903456,6177.472236576901
168,2012-10-27 00:00:00,0.095531,2.5862,0.01563,245.621735,245.621735,7.0,100.0,5297.79260501538,6169.607598056065,6095.278373535039,6169.607598056065
169,2012-10-27 01:00:00,0.092152,2.504235,0.014638,235.657013,235.657013,7.041666666666667,100.0,4921.772103183458,6152.171298195251,6055.404085109056,6152.171298195251
170,2012-10-27 02:00:00,0.097329,2.416258,0.01673,247.69863900000001,247.69863900000001,7.083333333333333,100.0,4991.5218427276695,6127.5633142950155,5998.722486012776,6127.5633142950155
171,2012-10-27 03:00:00,0.095858,2.442842,0.014703,248.968948,248.968948,7.125,100.0,5072.319635937602,6104.842484863669,5948.362453848521,6104.842484863669
172,2012-10-27 04:00:00,0.090353,2.431816,0.013133,239.254196,239.254196,7.166666666666667,100.0,4852.396997045466,6084.192027885147,5904.5603129529745,6084.192027885147
173,2012-10-27 05:00:00,0.095422,2.300121,0.014125,180.74826,180.74826,7.208333333333333,100.0,3467.295523619096,6059.5561272683535,5851.952147157599,6059.5561272683535
174,2012-10-27 06:00:00,0.097547,2.312316,0.01455,185.883774,185.879272,7.25,99.99757805649028,3584.6288667143594,6007.710915195368,5732.719315980674,6007.710915195368
175,2012-10-27 07:00:00,0.090463,2.34087,0.013133,247.425934,247.425934,7.291666666666667,100.0,4830.460830662318,5959.249274225748,5625.314793517357,5959.249274225748
176,2012-10-27 08:00:00,0.095422,2.263408,0.016283,191.53891,191.53891,7.333333333333333,100.0,3615.646048052035,5936.67350535448,5585.572095374606,5936.67350535448
177,2012-10-27 09:00:00,0.095749,2.271553,0.016479,186.479904,186.479904,7.375,100.0,3532.815537993406,5890.252956208431,5487.075793008477,5890.252956208431
178,2012-10-27 10:00:00,0.097547,2.273777,0.017198,208.952454,208.952454,7.416666666666667,100.0,3962.4281085496414,5843.10420784413,5389.362780257724,5843.10420784413
179,2012-10-27 11:00:00,0.101253,2.222076,0.016163,217.849014,217.849014,7.458333333333333,100.0,4037.202727379754,5805.49068585824,5318.01604667232,5805.49068585824
180,2012-10-27 12:00:00,0.105068,2.280791,0.016457,264.85965,264.85965,7.5,100.0,5038.10647989947,5770.12492668867,5253.975380707691,5770.12492668867
181,2012-10-27 13:00:00,0.105286,2.283107,0.016479,260.022888,260.022888,7.541666666666667,100.0,4951.125031780154,5755.484557752886,5243.18193566728,5755.484557752886
182,2012-10-27 14:00:00,0.096295,2.347756,0.017198,264.632416,264.632416,7.583333333333333,100.0,5181.578136103856,5739.397367233431,5228.579090472924,5739.397367233431
183,2012-10-27 15:00:00,0.108336,2.186249,0.017602,317.052673,317.052673,7.625,100.0,5780.921784708433,5728.240982610841,5226.22904275447,5728.240982610841
184,2012-10-27 16:00:00,0.089321,1.964677,0.017983,301.811096,301.811096,7.666666666666667,100.0,4945.297397590974,5729.294598652792,5253.963679852168,5729.294598652792
185,2012-10-27 17:00:00,0.09711,1.953343,0.016926,281.991486,281.991486,7.708333333333333,100.0,4593.889634282402,5713.614654631555,5238.530365739108,5713.614654631555
186,2012-10-27 18:00:00,0.101253,2.046964,0.015063,272.182343,272.182343,7.75,100.0,4646.609796022478,5691.220154224572,5206.298329166272,5691.220154224572
187,2012-10-27 19:00:00,0.096076,2.052612,0.014235,272.341003,272.341003,7.791666666666667,100.0,4662.146826487631,5670.32794706053,5178.313902509082,5670.32794706053
188,2012-10-27 20:00:00,0.092152,2.039661,0.013472,232.547821,232.547821,7.833333333333333,100.0,3955.8181342131998,5650.164324649073,5152.505548708009,5650.164324649073
189,2012-10-27 21:00:00,0.095531,2.05183,0.014867,257.101868,257.101868,7.875,100.0,4399.59457732579,5616.277400840355,5092.6711779832685,5616.277400840355
190,2012-10-27 22:00:00,0.095749,2.01376,0.015313,264.99353,264.99353,7.916666666666667,100.0,4450.502313913153,5591.9437443700635,5058.017347950395,5591.9437443700635
191,2012-10-27 23:00:00,0.088557,2.012852,0.013177,272.497711,272.497711,7.958333333333333,100.0,4574.469671931978,5569.114915760925,5027.641596248533,5569.114915760925
192,2012-10-28 00:00:00,0.095312,2.037402,0.014845,275.169739,275.169739,8.0,100.0,4675.665680661171,5549.222010884346,5004.983000032705,5549.222010884346
193,2012-10-28 01:00:00,0.088557,2.038879,0.013155,283.512207,283.512207,8.041666666666666,100.0,4820.912689700248,5531.7508842798825,4988.517134064127,5531.7508842798825
194,2012-10-28 02:00:00,0.080927,2.084928,0.010888,263.943146,263.943146,8.083333333333334,100.0,4589.522478899091,5517.53412038829,4980.136911845933,5517.53412038829
195,2012-10-28 03:00:00,0.093077,2.074757,0.014354,261.370453,261.370453,8.125,100.0,4522.616675804041,5498.973887558506,4960.606190198591,5498.973887558506
196,2012-10-28 04:00:00,0.092043,2.032244,0.014572,208.502167,208.502167,8.166666666666666,100.0,3533.885497458718,5479.446743323417,4938.706714478863,5479.446743323417
197,2012-10-28 05:00:00,0.084742,2.222142,0.011695,190.708878,190.708878,8.208333333333334,100.0,3534.343611189477,5440.535518406123,4868.465653627856,5440.535518406123
198,2012-10-28 06:00:00,0.082506,2.429748,0.011161,175.578323,175.578323,8.25,100.0,3557.9364001327176,5402.41168026179,4801.7595515059365,5402.41168026179
199,2012-10-28 07:00:00,0.089589,2.43325,0.058409,137.671005,137.671005,8.291666666666666,100.0,2793.799694121525,5365.522174659209,4739.568393937275,5365.522174659209
200,2012-10-28 08:00:00,0.084632,2.423995,5.015697,158.038803,158.038803,8.333333333333334,100.0,3194.931137438395,5314.087725048455,4642.279958946487,5314.087725048455
201,2012-10-28 09:00:00,0.082506,2.404853,5.014934,167.07077,167.07077,8.375,100.0,3350.8505580063957,5271.704593296253,4569.912517871082,5271.704593296253
202,2012-10-28 10:00:00,0.094985,2.310829,5.015229,174.693283,174.693283,8.416666666666666,100.0,3366.743779209802,5233.287512590456,4508.959419877847,5233.287512590456
203,2012-10-28 11:00:00,0.102941,2.300102,5.014905,214.792618,214.792618,8.458333333333334,100.0,4120.33471826028,5195.956637922843,4451.848637844445,5195.956637922843
204,2012-10-28 12:00:00,0.096186,2.299805,5.014877,249.704361,249.704361,8.5,100.0,4789.422958499706,5174.444199529592,4435.272941865236,5174.444199529592
205,2012-10-28 13:00:00,0.08496,2.365433,5.014524,248.421722,248.421722,8.541666666666666,100.0,4900.79199239112,5166.743774708994,4452.9804426969595,5166.743774708994
206,2012-10-28 14:00:00,0.095094,2.330048,5.014848,262.357574,262.357574,8.583333333333334,100.0,5098.289876466824,5161.424739062637,4475.371020181667,5161.424739062637
207,2012-10-28 15:00:00,0.101144,2.365791,5.015936,320.338196,320.338196,8.625,100.0,6320.49586358232,5160.16204181072,4506.516962995925,5160.16204181072
208,2012-10-28 16:00:00,0.099673,2.371323,5.014963,328.199066,328.199066,8.666666666666666,100.0,6490.738388161211,5183.368718246152,4597.215908025245,5183.368718246152
209,2012-10-28 17:00:00,0.099564,2.280212,5.014877,311.231262,311.231262,8.708333333333334,100.0,5918.674974952117,5209.516111644452,4691.892032032043,5209.516111644452
210,2012-10-28 18:00:00,0.099564,2.095527,5.015583,269.732056,269.732056,8.75,100.0,4714.02492298669,5223.699288910606,4753.231179178047,5223.699288910606
211,2012-10-28 19:00:00,0.081581,2.056022,5.015286,304.63324,304.63324,8.791666666666666,100.0,5223.614245716475,5213.505801592128,4751.270866368478,5213.505801592128
212,2012-10-28 20:00:00,0.093077,1.999924,5.014905,313.767853,313.767853,8.833333333333334,100.0,5233.448909424054,5213.707970474614,4774.888035335877,5213.707970474614
213,2012-10-28 21:00:00,0.099237,1.810685,5.015229,318.922058,318.922058,8.875,100.0,4816.078004158348,5214.102789253602,4797.816079040286,5214.102789253602
214,2012-10-28 22:00:00,0.092371,1.665108,5.015258,286.394379,286.394379,8.916666666666666,100.0,3977.1589473769527,5206.142293551698,4798.729175296189,5206.142293551698
215,2012-10-28 23:00:00,0.084742,1.692977,5.015258,315.765625,315.765625,8.958333333333334,100.0,4458.430063900312,5181.562626628202,4757.650663900227,5181.562626628202
216,2012-10-29 00:00:00,0.100489,1.749771,5.014905,318.918762,318.918762,9.0,100.0,4654.0102412032065,5167.099975373645,4742.689633900231,5167.099975373645
217,2012-10-29 01:00:00,0.094278,1.697681,5.015583,302.128632,302.128632,9.041666666666666,100.0,4277.736437773949,5156.838180690236,4738.25566426538,5156.838180690236
218,2012-10-29 02:00:00,0.084851,2.083193,5.014582,291.180725,291.180725,9.083333333333334,100.0,5058.924304778075,5139.2561458319105,4715.229702940808,5139.2561458319105
219,2012-10-29 03:00:00,0.082506,2.102472,5.015553,270.03894,270.03894,9.125,100.0,4735.029247565732,5137.649509010834,4732.414433032671,5137.649509010834
220,2012-10-29 04:00:00,0.094985,3.136368,5.015994,296.512421,296.512421,9.166666666666666,100.0,7755.96705401658,5129.597103781932,4732.545173759323,5129.597103781932
221,2012-10-29 05:00:00,0.083161,3.595603,5.014611,307.6185,307.6185,9.208333333333334,100.0,9224.657172138868,5182.124502786624,4883.716267772185,5182.124502786624
222,2012-10-29 06:00:00,0.084196,4.145991,5.015201,355.695526,355.695526,9.25,100.0,12299.085149132457,5262.975156173669,5100.763312990519,5262.975156173669
223,2012-10-29 07:00:00,0.082506,4.685071,5.014553,460.927826,460.927826,9.291666666666666,100.0,18010.059786318285,5403.697356032845,5460.6794047976155,5403.697356032845
224,2012-10-29 08:00:00,0.10038,5.149299,5.015553,570.875977,551.597656,9.333333333333334,96.62302815730499,23688.446095415824,5655.824604638554,6088.148423873648,5655.824604638554
225,2012-10-29 09:00:00,0.099673,5.746427,5.015286,640.155457,531.57312,9.375,83.03812990849816,25475.74871788028,6016.477034454099,6968.163307450757,6016.477034454099
226,2012-10-29 10:00:00,0.111967,6.261898,5.015611,648.575684,536.956604,9.416666666666666,82.79012260965366,28042.14482218443,6405.662468122623,7893.542577972234,6405.662468122623
227,2012-10-29 11:00:00,0.995031,6.101688,5.01564,662.457642,529.770691,9.458333333333334,79.97050036295002,26959.012203340248,6838.392115203859,8900.972690182844,6838.392115203859
228,2012-10-29 12:00:00,2.40013,5.52223,5.014229,689.064026,470.462921,9.5,68.27564685549264,21667.357164990146,7240.8045169665875,9803.874665840713,7240.8045169665875
229,2012-10-29 13:00:00,3.222337,5.081525,5.015525,664.241577,481.638,9.541666666666666,72.50946292390847,20411.779186502998,7529.335569927059,10397.048790798184,7529.335569927059
230,2012-10-29 14:00:00,3.531014,5.082826,5.014229,684.022522,476.074707,9.583333333333334,69.59927366251253,20181.172855007728,7786.9844422585775,10897.785310583426,7786.9844422585775
231,2012-10-29 15:00:00,3.533828,4.962561,5.013762,705.147461,472.824432,9.625,67.05327015280851,19569.143517993536,8034.86821051356,11361.95468780464,8034.86821051356
232,2012-10-29 16:00:00,3.075027,4.863281,5.014981,682.279358,468.035736,9.666666666666666,68.59884159063185,18983.418780429864,8265.55371666316,11772.314129314085,8265.55371666316
233,2012-10-29 17:00:00,2.725575,4.866291,3.349635,602.723022,421.597382,9.708333333333334,69.94877690270141,17110.47365072235,8479.911017938493,12132.869361869873,8479.911017938493
234,2012-10-29 18:00:00,2.027618,4.850893,0.017624,746.895142,483.712158,9.75,64.76306121160982,19569.27558328416,8652.52227059417,12381.749576312495,8652.52227059417
235,2012-10-29 19:00:00,1.468113,4.797125,0.016185,717.146179,468.715729,9.791666666666666,65.35846424693842,18752.389431935906,8870.85733684797,12741.125876661077,8870.85733684797
236,2012-10-29 20:00:00,1.04246,4.779378,0.014659,703.864136,476.74881,9.833333333333334,67.73307313387537,19003.213535495102,9068.487978749728,13041.689054424818,9068.487978749728
237,2012-10-29 21:00:00,1.015306,4.807848,0.014572,699.971619,477.370026,9.875,68.19848305878241,19141.32185653216,9267.182489884635,13339.765278478331,9267.182489884635
238,2012-10-29 22:00:00,0.610371,4.816842,0.014932,690.10907,488.117279,9.916666666666666,70.73045410053805,19608.872978843738,9464.665277217586,13629.843107381022,9464.665277217586
239,2012-10-29 23:00:00,0.594931,4.577335,0.013155,755.766479,490.078583,9.958333333333334,64.84523945127235,18708.73711497398,9667.549431250109,13928.79460095416,9667.549431250109
240,2012-10-30 00:00:00,0.627852,4.244667,0.016283,746.586853,476.596832,10.0,63.83675657894287,16871.77700809183,9848.373184924585,14167.79172665515,9848.373184924585
241,2012-10-30 01:00:00,0.588436,4.035517,0.014681,675.597656,475.62738,10.041666666666666,70.40098137936701,16007.815829646534,9988.84126138793,14302.990990726983,9988.84126138793
242,2012-10-30 02:00:00,0.558956,3.890222,0.01673,628.798096,484.580322,10.083333333333334,77.06453392314343,15721.942745291777,10109.220752753103,14388.232232672959,10109.220752753103
243,2012-10-30 03:00:00,0.542937,3.790046,0.016861,659.50824,488.494629,10.125,74.06952625792817,15440.818736288868,10221.475192603875,14454.9177583039,10221.475192603875
244,2012-10-30 04:00:00,0.439541,3.675122,0.014703,650.93103,479.922668,10.166666666666666,73.72865109841207,14709.878124582236,10325.862063477574,14504.212807203146,10325.862063477574
245,2012-10-30 05:00:00,0.33262,3.667079,0.014572,650.321655,471.013214,10.208333333333334,72.42773024373608,14405.203832621097,10413.542384699667,14514.496073072101,10413.542384699667
246,2012-10-30 06:00:00,0.216815,3.523093,0.014572,581.427856,469.016418,10.25,80.66631365525768,13780.919749234889,10493.375613658096,14509.03146104955,10493.375613658096
247,2012-10-30 07:00:00,0.211988,3.512965,0.014932,595.23053,484.506989,10.291666666666666,81.39820869067317,14195.14782906729,10559.126496369632,14472.625875458816,10559.126496369632
248,2012-10-30 08:00:00,0.104173,3.463953,0.016033,614.030884,480.320709,10.333333333333334,78.2241938501582,13876.161729928326,10631.846923023584,14458.751973139239,10631.846923023584
249,2012-10-30 09:00:00,0.097656,3.41495,0.016817,626.588135,481.431549,10.375,76.83381189463475,13711.49933326797,10696.733219161679,14429.622460978691,10696.733219161679
250,2012-10-30 10:00:00,0.103052,3.305685,0.01722,606.394775,466.807465,10.416666666666666,76.98078615535564,12869.607747387297,10757.028541443804,14393.716304593154,10757.028541443804
251,2012-10-30 11:00:00,0.097982,3.234501,0.017242,580.309753,473.130737,10.458333333333334,81.53072295512497,12763.050961923356,10799.280125562673,14317.51087673286,10799.280125562673
252,2012-10-30 12:00:00,0.094058,3.224835,0.016523,603.903259,484.795013,10.5,80.276932733029,13038.621940737112,10838.555542289887,14239.787880992384,10838.555542289887
253,2012-10-30 13:00:00,0.097439,3.084905,0.016839,599.446655,477.684387,10.541666666666666,79.68755568416677,12289.91535534448,10882.55687025883,14179.729583979619,10882.55687025883
254,2012-10-30 14:00:00,0.097656,2.857686,0.016861,572.272827,472.593781,10.583333333333334,82.58190127206582,11263.375427967389,10910.704039960543,14085.238872547861,10910.704039960543
255,2012-10-30 15:00:00,0.095858,2.845983,0.015422,564.979187,477.929688,10.625,84.59244145572391,11343.899258809155,10917.75746772068,13944.145700318837,10917.75746772068
256,2012-10-30 16:00:00,0.095749,2.84319,0.017493,531.554871,466.032745,10.666666666666666,87.67349721078935,11050.663799739625,10926.280303542448,13814.133378243352,10926.280303542448
257,2012-10-30 17:00:00,0.099347,2.726425,0.017264,520.112488,469.018005,10.708333333333334,90.17626298563322,10664.711735112924,10928.76797346639,13675.959899318166,10928.76797346639
258,2012-10-30 18:00:00,0.097765,2.782756,0.015085,533.218567,475.772949,10.75,89.22662833681858,11041.826637418482,10923.48684869932,13525.397491107902,10923.48684869932
259,2012-10-30 19:00:00,0.097656,2.78656,0.017111,534.628723,476.169067,10.791666666666666,89.06537312998051,11066.126452331597,10925.853644473704,13401.218948423431,10925.853644473704
260,2012-10-30 20:00:00,0.108448,2.789439,0.016883,532.168457,476.738037,10.833333333333334,89.58404631637158,11090.796154414966,10928.659100630863,13284.464323618839,10928.659100630863
261,2012-10-30 21:00:00,0.096509,2.835673,0.01722,516.415466,469.257813,10.875,90.8682725238132,11097.718664428663,10931.901841706545,13174.780915158644,10931.901841706545
262,2012-10-30 22:00:00,0.097547,3.042837,0.016523,471.092285,452.57077,10.916666666666666,96.06838923290793,11485.006361181246,10935.218178160989,13070.927802622144,10935.218178160989
263,2012-10-30 23:00:00,0.097656,3.178904,0.016839,423.536774,423.536774,10.958333333333334,100.0,11228.832093430903,10946.213941821394,12991.631730550098,10946.213941821394
264,2012-10-31 00:00:00,0.099455,3.180583,0.016142,412.989105,412.989105,11.0,100.0,10954.974695412113,10951.866304853584,12903.491748694138,10951.866304853584
265,2012-10-31 01:00:00,0.097765,3.347209,0.016817,376.720642,376.720642,11.041666666666666,100.0,10516.429113057404,10951.928472664755,12806.065896030037,10951.928472664755
266,2012-10-31 02:00:00,0.124637,3.515574,0.016861,364.022888,364.022888,11.083333333333334,100.0,10673.109999817318,10943.218485472607,12691.584056881406,10943.218485472607
267,2012-10-31 03:00:00,0.183826,3.527964,0.01722,323.491272,323.491272,11.125,100.0,9518.154786497935,10937.8163157595,12590.660354028201,10937.8163157595
268,2012-10-31 04:00:00,0.185503,3.461925,0.014366,328.894775,328.892639,11.166666666666666,99.99935055216368,9495.937754912424,10909.42308517427,12437.035075651687,10909.42308517427
269,2012-10-31 05:00:00,0.194388,3.472341,0.01455,325.552551,325.552551,11.208333333333334,100.0,9427.78178390237,10881.153378569034,12289.980209614723,10881.153378569034
270,2012-10-31 06:00:00,0.160755,3.526464,0.01673,303.991608,303.991608,11.25,100.0,8940.608952363693,10852.0859466757,12146.870288329104,10852.0859466757
271,2012-10-31 07:00:00,0.16049,3.567088,0.015782,291.010498,291.010498,11.291666666666666,100.0,8657.420861117133,10813.856406789459,11986.557221530833,10813.856406789459
272,2012-10-31 08:00:00,0.10304,3.565017,0.014998,291.770721,291.770721,11.333333333333334,100.0,8674.997621096923,10770.727695876012,11820.100403510147,10770.727695876012
273,2012-10-31 09:00:00,0.099564,3.407863,0.014954,308.29068,308.29068,11.375,100.0,8762.107429484446,10728.81309438043,11662.845264389485,10728.81309438043
274,2012-10-31 10:00:00,0.103161,3.401316,0.016033,314.098236,314.098236,11.416666666666666,100.0,8910.016946359323,10689.47898108251,11517.808372644233,10689.47898108251
275,2012-10-31 11:00:00,0.097982,3.394292,0.016457,336.373535,336.373535,11.458333333333334,100.0,9522.194990510916,10653.889740388046,11387.418801329986,10653.889740388046
276,2012-10-31 12:00:00,0.104852,3.306056,0.017198,356.390411,356.390411,11.5,100.0,9826.577116285993,10631.255845390502,11294.157610789032,10631.255845390502
277,2012-10-31 13:00:00,0.096292,3.187068,0.017242,354.714935,354.714935,11.541666666666666,100.0,9428.375157961236,10615.162270808412,11220.77858606388,10615.162270808412
278,2012-10-31 14:00:00,0.101145,3.095311,0.017242,350.775726,350.775726,11.583333333333334,100.0,9055.238093261356,10591.42652855147,11131.158414658747,10591.42652855147
279,2012-10-31 15:00:00,0.097873,3.110362,0.017242,341.749268,341.749268,11.625,100.0,8865.119232203233,10560.702759845668,11027.362398588877,10560.702759845668
280,2012-10-31 16:00:00,0.103052,2.805068,0.017242,344.460907,344.460907,11.666666666666666,100.0,8058.410470755478,10526.79108929282,10919.250240269594,10526.79108929282
281,2012-10-31 17:00:00,0.097982,2.343221,0.017242,355.810974,355.810974,11.708333333333334,100.0,6953.422844202499,10477.423476922071,10776.208251793887,10477.423476922071
282,2012-10-31 18:00:00,0.103052,1.958176,0.016163,354.100983,354.100983,11.75,100.0,5782.889667701646,10406.943464267679,10585.068981414317,10406.943464267679
283,2012-10-31 19:00:00,0.105177,1.703461,0.016098,337.390594,337.390594,11.791666666666666,100.0,4793.262533506256,10314.462388336357,10344.960015728682,10314.462388336357
284,2012-10-31 20:00:00,0.09809,1.52536,0.016457,335.363495,335.363495,11.833333333333334,100.0,4266.327506514888,10204.038391239756,10067.37514161756,10204.038391239756
285,2012-10-31 21:00:00,0.104852,1.378758,0.01612,340.633331,340.633331,11.875,100.0,3916.888757725369,10085.284173545258,9777.322759862427,10085.284173545258
286,2012-10-31 22:00:00,0.105286,1.370544,0.017537,345.434967,345.434967,11.916666666666666,100.0,3948.4380705764797,9961.91626522886,9484.301059755573,9961.91626522886
287,2012-10-31 23:00:00,0.09809,1.215087,0.017624,338.794281,338.794281,11.958333333333334,100.0,3433.282151155508,9841.646701335812,9207.507910296617,9841.646701335812
288,2012-11-01 00:00:00,0.099455,1.212946,0.017624,308.690094,308.690094,12.0,100.0,3122.6996190727464,9713.479410332207,8918.796622339562,9713.479410332207
289,2012-11-01 01:00:00,0.099564,1.181712,0.017624,286.008087,286.008087,12.041666666666666,100.0,2818.746432131233,9581.66381450702,8628.99177217622,9581.66381450702
290,2012-11-01 02:00:00,0.103161,1.102081,0.016905,243.021286,243.021286,12.083333333333334,100.0,2233.695043414025,9446.405466859504,8338.47950517397,9446.405466859504
291,2012-11-01 03:00:00,0.099781,1.107488,0.01722,255.75975,255.75975,12.125,100.0,2362.3121224267197,9302.151258390593,8033.240282085972,9302.151258390593
292,2012-11-01 04:00:00,0.101362,1.110972,0.015444,261.883728,261.883728,12.166666666666666,100.0,2426.4853787905577,9163.354475671316,7749.693874103009,9163.354475671316
293,2012-11-01 05:00:00,0.101471,1.115463,0.015335,256.345245,256.345245,12.208333333333334,100.0,2384.7699244354476,9028.617093733701,7483.533449337387,9028.617093733701
294,2012-11-01 06:00:00,0.083483,1.085495,0.013537,230.011215,230.011215,12.25,100.0,2082.298038712385,8895.740150347736,7228.595273092289,8895.740150347736
295,2012-11-01 07:00:00,0.100385,1.123982,0.015226,244.723587,244.723587,12.291666666666666,100.0,2294.0413224070394,8759.471308115028,6971.280411373294,8759.471308115028
296,2012-11-01 08:00:00,0.101471,1.195496,0.015335,251.103363,251.103363,12.333333333333334,100.0,2503.61017088242,8630.162708400869,6737.418456924981,8630.162708400869
297,2012-11-01 09:00:00,0.101471,1.198206,0.015695,280.165009,280.165009,12.375,100.0,2799.699592413943,8507.6316576505,6525.728042622853,8507.6316576505
298,2012-11-01 10:00:00,0.099673,1.180848,0.017155,287.725739,287.726227,12.416666666666666,100.00016960595939,2833.606237102136,8393.47301634577,6339.426620112407,8393.47301634577
299,2012-11-01 11:00:00,0.101362,1.148142,0.015444,289.506378,289.506378,12.458333333333334,100.0,2772.1695616262978,8282.275680760897,6164.135600961894,8282.275680760897
300,2012-11-01 12:00:00,0.097873,1.149119,0.015335,291.344055,291.344055,12.5,100.0,2792.140169407125,8172.073558378204,5994.537298995114,8172.073558378204
301,2012-11-01 13:00:00,0.097656,1.717786,0.016774,295.477936,295.477936,12.541666666666666,100.0,4233.115967159265,8064.474890598783,5834.417442515714,8064.474890598783
302,2012-11-01 14:00:00,0.097656,2.12914,0.01722,320.640533,320.641083,12.583333333333334,100.00017153165098,5693.63256052489,7987.847712129992,5754.352368747892,7987.847712129992
303,2012-11-01 15:00:00,0.095858,2.302932,0.017242,368.906464,368.906464,12.625,100.0,7085.384617943417,7941.96340909789,5751.316378336742,7941.96340909789
304,2012-11-01 16:00:00,0.097547,2.604212,0.017242,335.890564,335.890564,12.666666666666666,100.0,7295.250180379437,7924.8318332748,5818.019790317076,7924.8318332748
305,2012-11-01 17:00:00,0.101254,2.946977,0.015804,311.77359,311.77356,12.708333333333334,99.99999037763267,7662.70451780452,7912.240200216893,5891.881309820194,7912.240200216893
306,2012-11-01 18:00:00,0.097873,3.182462,0.015717,305.837616,305.837616,12.75,100.0,8117.460369695538,7907.249486568645,5980.42247021941,7907.249486568645
307,2012-11-01 19:00:00,0.097656,3.369613,0.017155,308.760101,308.755219,12.791666666666666,99.99841883715409,8676.81590200046,7911.453704231182,6087.274365193216,7911.453704231182
308,2012-11-01 20:00:00,0.097656,3.678085,0.017242,307.499878,307.499878,12.833333333333334,100.0,9432.629144372075,7926.7609481865675,6216.751442033577,7926.7609481865675
309,2012-11-01 21:00:00,0.095858,4.007081,0.017602,308.638367,308.637756,12.875,99.9998020336856,10314.382309504968,7956.878312110278,6377.545327150502,7956.878312110278
310,2012-11-01 22:00:00,0.095749,4.024134,0.015826,314.766205,314.766205,12.916666666666666,100.0,10563.95597251286,8004.028392058171,6574.387176268225,8004.028392058171
311,2012-11-01 23:00:00,0.102944,4.075897,0.015717,315.107117,315.108124,12.958333333333334,100.0003195738673,10711.464465775482,8055.226943667265,6773.865616080457,8055.226943667265
312,2012-11-02 00:00:00,0.10158,3.880281,0.016796,290.993256,290.998108,13.0,100.00166739259416,9417.147942099624,8108.351694109429,6970.745558565208,8108.351694109429
313,2012-11-02 01:00:00,0.101471,3.866967,0.015782,286.710083,286.710083,13.041666666666666,100.0,9246.544902265696,8134.527619069233,7093.065677741928,8134.527619069233
314,2012-11-02 02:00:00,0.097873,3.122706,0.015717,284.041626,284.041626,13.083333333333334,100.0,7397.400604598033,8156.767964733162,7200.739638968116,8156.767964733162
315,2012-11-02 03:00:00,0.095858,2.76709,0.017155,280.441925,280.441925,13.125,100.0,6471.907105710406,8141.58061753046,7210.5726872496125,8141.58061753046
316,2012-11-02 04:00:00,0.097547,2.543896,0.016163,250.284821,250.284821,13.166666666666666,100.0,5310.065948721817,8108.187147294058,7173.639408172652,8108.187147294058
317,2012-11-02 05:00:00,0.101254,2.259609,0.015019,174.998337,174.998337,13.208333333333334,100.0,3297.867996033743,8052.2247233226135,7080.46073520011,8052.2247233226135
318,2012-11-02 06:00:00,0.096075,2.244787,0.014954,229.059357,229.05809,13.25,99.99944686826305,4288.316433124762,7957.137588776836,6891.331098241792,7957.137588776836
319,2012-11-02 07:00:00,0.099347,2.1844,0.014954,273.405792,273.406433,13.291666666666666,100.00023445004412,4980.889962124968,7883.7611656637955,6761.18036498594,7883.7611656637955
320,2012-11-02 08:00:00,0.099564,2.15199,0.015673,265.998016,265.998016,13.333333333333334,100.0,4774.025087568346,7825.703741593019,6672.165844842892,7825.703741593019
321,2012-11-02 09:00:00,0.095966,2.0538,0.016796,263.691223,263.691589,13.375,100.00013879870397,4516.6920109715875,7764.670168512525,6577.258806979165,7764.670168512525
322,2012-11-02 10:00:00,0.095749,2.048035,0.016861,266.232513,266.232513,13.416666666666666,100.0,4547.414229714705,7699.710605361706,6474.230467178785,7699.710605361706
323,2012-11-02 11:00:00,0.099347,1.855266,0.016861,272.771454,272.771454,13.458333333333334,100.0,4220.570460502212,7636.664677848766,6377.889655305581,7636.664677848766
324,2012-11-02 12:00:00,0.101362,1.786025,0.015422,281.967468,281.967468,13.5,100.0,4200.031898269398,7568.342793501834,6270.023695565412,7568.342793501834
325,2012-11-02 13:00:00,0.096075,1.648745,0.017133,298.843842,298.843842,13.541666666666666,100.0,4109.262200920938,7500.976575597186,6166.524105700611,7500.976575597186
326,2012-11-02 14:00:00,0.101145,1.642064,0.015804,330.426361,330.426361,13.583333333333334,100.0,4525.127475289527,7433.142288103661,6063.661010461627,7433.142288103661
327,2012-11-02 15:00:00,0.099673,1.640712,0.017155,333.110291,333.110291,13.625,100.0,4558.127351738381,7374.981991847378,5986.734333703021,7374.981991847378
328,2012-11-02 16:00:00,0.103161,1.904038,0.015804,315.310242,315.307312,13.666666666666666,99.99907075647737,5006.978245073639,7318.644899045197,5915.303984604789,7318.644899045197
329,2012-11-02 17:00:00,0.103378,2.056605,0.015717,272.06897,272.06897,13.708333333333334,100.0,4666.550289750729,7272.411565965766,5869.887697628231,7272.411565965766
330,2012-11-02 18:00:00,0.099781,1.96694,0.016435,252.327515,252.327515,13.75,100.0,4139.251106833194,7220.2943404414655,5809.720827234355,7220.2943404414655
331,2012-11-02 19:00:00,0.10496,1.83727,0.01612,277.553223,277.553223,13.791666666666666,100.0,4252.901351576891,7158.673475769299,5726.197341214297,7158.673475769299
332,2012-11-02 20:00:00,0.09809,1.697408,0.017177,285.867401,285.86441,13.833333333333334,99.99895371071011,4046.8059939869954,7100.558033285451,5652.532541732427,7100.558033285451
333,2012-11-02 21:00:00,0.095858,1.693772,0.017602,283.138885,283.138885,13.875,100.0,3999.636447471995,7039.482992499481,5572.246214345155,7039.482992499481
334,2012-11-02 22:00:00,0.099347,1.69547,0.016185,279.833374,279.833374,13.916666666666666,100.0,3956.905415735605,6978.686061598931,5493.615726001497,6978.686061598931
335,2012-11-02 23:00:00,0.103161,1.635102,0.015739,277.218689,277.218689,13.958333333333334,100.0,3780.3621457294585,6918.250448681663,5416.780210488202,6918.250448681663
336,2012-11-03 00:00:00,0.103378,1.53359,0.015717,280.430756,280.430756,14.0,100.0,3586.748797804293,6855.492682622619,5334.959307250264,6855.492682622619
337,2012-11-03 01:00:00,0.097982,1.467255,0.017515,279.506104,279.506104,14.041666666666666,100.0,3420.2901167284967,6790.117804926253,5247.548781777965,6790.117804926253
338,2012-11-03 02:00:00,0.099455,1.416122,0.017624,251.783325,251.783325,14.083333333333334,100.0,2973.676254085521,6722.721251162297,5156.185848525492,6722.721251162297
339,2012-11-03 03:00:00,0.101362,1.437739,0.017624,218.947281,218.949142,14.125,100.00084997630093,2625.362948719283,6647.740351220762,5047.060368803493,6647.740351220762
340,2012-11-03 04:00:00,0.101471,1.41186,0.015826,220.378387,220.378387,14.166666666666666,100.0,2594.9362017782987,6567.292803170732,4925.975497799282,6567.292803170732
341,2012-11-03 05:00:00,0.101471,1.405899,0.015357,214.074997,214.074997,14.208333333333334,100.0,2510.071653888907,6487.845671142884,4809.423532998232,6487.845671142884
342,2012-11-03 06:00:00,0.097873,1.441625,0.017493,208.380035,208.378082,14.25,99.99906277009696,2505.361457543505,6408.290190797805,4694.455939042765,6408.290190797805
343,2012-11-03 07:00:00,0.099455,1.429392,0.015826,205.408752,205.408752,14.291666666666666,100.0,2448.704287835458,6330.231616132719,4585.001214967802,6330.231616132719
344,2012-11-03 08:00:00,0.101362,1.437164,0.014998,196.745316,196.744598,14.333333333333334,99.9996350611976,2358.1704736902007,6252.601069566774,4478.186368611185,6252.601069566774
345,2012-11-03 09:00:00,0.097873,1.437683,0.017111,195.689789,195.689789,14.375,100.0,2346.3746235435174,6174.7124576492415,4372.185573865136,6174.7124576492415
346,2012-11-03 10:00:00,0.099455,1.570109,0.015444,202.05751,202.05751,14.416666666666666,100.0,2645.8843068380406,6098.145700967128,4270.895026349055,6098.145700967128
347,2012-11-03 11:00:00,0.095966,1.624125,0.014976,224.558823,224.558823,14.458333333333334,100.0,3041.6947306966576,6029.100473084545,4189.644490373504,6029.100473084545
348,2012-11-03 12:00:00,0.101145,1.648483,0.015313,267.947418,267.947418,14.5,100.0,3683.834407313896,5969.352358236787,4132.247002389661,5969.352358236787
349,2012-11-03 13:00:00,0.101471,1.743342,0.016774,277.371155,277.371155,14.541666666666666,100.0,4032.830219394083,5923.641999218329,4109.826372635873,5923.641999218329
350,2012-11-03 14:00:00,0.097873,1.748962,0.01722,284.247314,284.247314,14.583333333333334,100.0,4146.128841572487,5885.825763621844,4105.976564973783,5885.825763621844
351,2012-11-03 15:00:00,0.099455,1.747522,0.016883,333.538147,333.538147,14.625,100.0,4861.096182679262,5851.031825180857,4107.984178803717,5851.031825180857
352,2012-11-03 16:00:00,0.097765,1.68842,0.01722,351.254944,351.254944,14.666666666666666,100.0,4946.169377054323,5831.233112330825,4145.639778997494,5831.233112330825
353,2012-11-03 17:00:00,0.103052,1.684875,0.015804,332.172791,332.172791,14.708333333333334,100.0,4667.644724509283,5813.531837625294,4185.666258900335,5813.531837625294
354,2012-11-03 18:00:00,0.103378,1.693512,0.015357,281.350739,281.350739,14.75,100.0,3973.766911562768,5790.614095362974,4209.765182180783,5790.614095362974
355,2012-11-03 19:00:00,0.097982,2.161977,0.017133,265.743622,265.743622,14.791666666666666,100.0,4791.5935328301875,5754.27715168697,4197.965268649882,5754.27715168697
356,2012-11-03 20:00:00,0.101254,2.181302,0.017242,285.493073,285.493073,14.833333333333334,100.0,5193.706736749523,5735.023479309833,4227.646681858897,5735.023479309833
357,2012-11-03 21:00:00,0.103269,1.868433,0.015444,306.351135,306.351135,14.875,100.0,4773.787395646935,5724.197144458627,4275.949684603428,5724.197144458627
358,2012-11-03 22:00:00,0.099781,1.805048,0.017133,300.119171,300.119171,14.916666666666666,100.0,4518.0241081892345,5705.188949482393,4300.841570155603,5705.188949482393
359,2012-11-03 23:00:00,0.101362,1.802368,0.015444,296.955231,296.955231,14.958333333333334,100.0,4463.756532263647,5681.445652656529,4311.700697057285,5681.445652656529
360,2012-11-04 00:00:00,0.101471,1.641154,0.015335,294.611664,294.611664,15.0,100.0,4032.4159442409355,5657.0918702486715,4319.303488817603,5657.0918702486715
361,2012-11-04 01:00:00,0.101471,1.63003,0.015695,294.543396,294.543396,15.041666666666666,100.0,4004.155528660879,5624.598351728517,4304.959111588769,5624.598351728517
362,2012-11-04 01:00:00,0.099673,1.520548,0.014998,292.018738,292.018738,15.083333333333334,100.0,3703.197756957056,5592.189495267164,4289.918932442374,5592.189495267164
363,2012-11-04 02:00:00,0.099564,1.433369,0.017111,260.134369,260.134369,15.125,100.0,3109.7236265954025,5554.409660500962,4260.582873668108,5554.409660500962
364,2012-11-04 03:00:00,0.097765,1.499059,0.017242,210.447495,210.447495,15.166666666666666,100.0,2631.0465831360893,5505.515939822851,4203.039911314472,5505.515939822851
365,2012-11-04 04:00:00,0.099455,1.447159,0.015444,206.224121,206.224121,15.208333333333334,100.0,2488.9820333034736,5448.026552689115,4124.440244905553,5448.026552689115
366,2012-11-04 05:00:00,0.10496,1.416438,0.016054,206.250275,206.250275,15.25,100.0,2436.453663350553,5388.845662301402,4042.6673343254492,5388.845662301402
367,2012-11-04 06:00:00,0.09989,1.419114,0.017537,188.787155,188.787155,15.291666666666666,100.0,2234.3735256367877,5329.7978223223845,3962.3566507767046,5329.7978223223845
368,2012-11-04 07:00:00,0.108557,1.379069,0.017624,180.828827,180.828827,15.333333333333334,100.0,2079.7910830480055,5267.889336388673,3875.9574945197082,5267.889336388673
369,2012-11-04 08:00:00,0.098308,1.432785,0.016905,181.20932,181.20932,15.375,100.0,2165.3475229387077,5204.127371321859,3786.149173946123,5204.127371321859
370,2012-11-04 09:00:00,0.108448,1.403051,0.01758,185.619766,185.619766,15.416666666666666,100.0,2172.0195458725907,5143.351774354195,3705.1090913957523,5143.351774354195
371,2012-11-04 10:00:00,0.105503,1.497503,0.017624,194.460052,194.460052,15.458333333333334,100.0,2428.645623826301,5083.925129784563,3628.454614119594,5083.925129784563
372,2012-11-04 11:00:00,0.105286,1.474507,0.016185,223.13652,223.13652,15.5,100.0,2743.9964482016376,5030.819539665397,3568.4641646049295,5030.819539665397
373,2012-11-04 12:00:00,0.107084,1.528915,0.017177,279.039124,279.039124,15.541666666666666,100.0,3558.070032935637,4985.083077836122,3527.240778784765,4985.083077836122
374,2012-11-04 13:00:00,0.096401,1.563955,0.017961,323.417267,323.417267,15.583333333333334,100.0,4218.455832103615,4956.542816938112,3528.7822414923085,4956.542816938112
375,2012-11-04 14:00:00,0.095749,1.642145,0.016566,335.475433,335.475433,15.625,100.0,4594.500203064367,4941.781077241422,3563.265921022874,4941.781077241422
376,2012-11-04 15:00:00,0.104743,1.633773,0.016479,330.080292,330.080292,15.666666666666666,100.0,4497.564082640311,4934.835459757881,3614.8276351249488,4934.835459757881
377,2012-11-04 16:00:00,0.105286,1.59845,0.016839,328.024384,328.024384,15.708333333333334,100.0,4372.917008884031,4926.090032215529,3658.964457500717,4926.090032215529
378,2012-11-04 17:00:00,0.105286,1.48554,0.01758,325.356415,325.356415,15.75,100.0,4030.971939284095,4915.026571748899,3694.6620850698823,4915.026571748899
379,2012-11-04 18:00:00,0.107084,1.378123,0.016545,309.967926,309.967926,15.791666666666666,100.0,3562.6305602113694,4897.345479099603,3711.4775777805926,4897.345479099603
380,2012-11-04 19:00:00,0.107193,1.318812,0.017558,266.39917,266.39917,15.833333333333334,100.0,2930.0957210315737,4870.6511807218385,3704.0352269021314,4870.6511807218385
381,2012-11-04 20:00:00,0.098199,1.265233,0.017983,280.469543,280.469543,15.875,100.0,2959.526739629648,4831.840071528033,3665.3382516086035,4831.840071528033
382,2012-11-04 21:00:00,0.097656,1.257888,0.017646,289.791962,289.791962,15.916666666666666,100.0,3040.145434678775,4794.393804890065,3630.0476760096553,4794.393804890065
383,2012-11-04 22:00:00,0.099455,1.217326,0.017624,294.922119,294.922119,15.958333333333334,100.0,2994.1964710378415,4759.30883748584,3600.5525639431107,4759.30883748584
384,2012-11-04 23:00:00,0.099564,1.145813,0.017624,294.054047,294.054047,16.0,100.0,2810.00412095846,4724.00659015688,3570.234759297847,4724.00659015688
385,2012-11-05 00:00:00,0.097765,1.183406,0.017624,291.269592,291.269592,16.041666666666668,100.0,2874.7161244715353,4685.726540772911,3532.2232273808777,4685.726540772911
386,2012-11-05 01:00:00,0.099455,1.181594,0.016185,282.024261,282.024261,16.083333333333332,100.0,2779.2063765979638,4649.506332446883,3499.3478722354103,4649.506332446883
387,2012-11-05 02:00:00,0.099564,1.128077,0.017537,270.774719,270.774719,16.125,100.0,2547.4924705959274,4612.100333329904,3463.340797453538,4612.100333329904
388,2012-11-05 03:00:00,0.095966,1.120559,0.017983,244.729446,244.731323,16.166666666666668,100.00076696941487,2287.1272939901055,4570.808176075225,3417.5483811106574,4570.808176075225
389,2012-11-05 04:00:00,0.113736,1.163483,0.016926,224.609573,224.609573,16.208333333333332,100.0,2179.48736132181,4525.134558433523,3361.0273267546295,4525.134558433523
390,2012-11-05 05:00:00,0.10403,1.226531,0.019738,216.136337,216.139389,16.25,100.00141207167769,2210.947852152522,4478.221614491288,3301.9503284829884,4478.221614491288
391,2012-11-05 06:00:00,0.112372,1.284861,0.019913,197.74295,197.74295,16.291666666666668,100.0,2118.962185362783,4432.876139244512,3247.400204666465,4432.876139244512
392,2012-11-05 07:00:00,0.102123,1.432088,0.020272,198.576218,198.577026,16.333333333333332,100.00040689666069,2371.7273319258015,4386.597860166877,3190.9783037012808,4386.597860166877
393,2012-11-05 08:00:00,0.105069,1.470962,0.015979,203.074478,203.074478,16.375,100.0,2491.2817681673523,4346.300449602055,3150.0157551125067,4346.300449602055
394,2012-11-05 09:00:00,0.110681,1.507324,0.017515,232.424149,232.424149,16.416666666666668,100.0,2921.823073047082,4309.200075973361,3117.079055765249,4309.200075973361
395,2012-11-05 10:00:00,0.094819,1.625991,0.017624,247.500366,247.500122,16.458333333333332,99.9999014142872,3356.2909770633228,4281.452535914835,3107.3162566293404,4281.452535914835
396,2012-11-05 11:00:00,0.106433,1.679057,0.017264,261.467682,261.467682,16.5,100.0,3661.4196420771896,4262.949304737805,3119.7649926510394,4262.949304737805
397,2012-11-05 12:00:00,0.107193,1.648717,0.017242,279.970154,279.970551,16.541666666666668,100.00014180082925,3849.679005821779,4250.918711484592,3146.8477251223467,4250.918711484592
398,2012-11-05 13:00:00,0.105395,1.714381,0.017242,285.900543,285.900543,16.583333333333332,100.0,4087.788106466084,4242.893917371335,3181.989289157318,4242.893917371335
399,2012-11-05 14:00:00,0.09809,1.812007,0.017602,283.86734,283.86734,16.625,100.0,4289.842523642509,4239.79180115323,3227.2792300227566,4239.79180115323
400,2012-11-05 15:00:00,0.095858,1.916947,0.017264,285.381683,285.381683,16.666666666666668,100.0,4562.49341942222,4240.792815603016,3280.407394703744,4240.792815603016
401,2012-11-05 16:00:00,0.106541,1.899882,0.017242,296.160522,296.160522,16.708333333333332,100.0,4692.66817411909,4247.226827679399,3344.511695939668,4247.226827679399
402,2012-11-05 17:00:00,0.107193,1.807815,0.016883,296.755798,296.755249,16.75,99.99981499940229,4474.231444527597,4256.135654608192,3411.9195198486386,4256.135654608192
403,2012-11-05 18:00:00,0.096401,1.769262,0.016861,290.191193,290.191193,16.791666666666668,100.0,4281.958249249779,4260.49757040658,3465.0351160825862,4260.49757040658
404,2012-11-05 19:00:00,0.095749,1.705378,0.01758,282.996948,283.00058,16.833333333333332,100.001283406067,4025.0755124144616,4260.926783983444,3505.881272740946,4260.926783983444
405,2012-11-05 20:00:00,0.097547,1.72757,0.017264,283.019135,283.019135,16.875,100.0,4077.7209612132633,4256.209758552064,3531.840984724621,4256.209758552064
406,2012-11-05 21:00:00,0.103052,1.700337,0.017602,289.949097,289.949402,16.916666666666668,100.00010519087769,4111.717547546273,4252.6399826052875,3559.1349835490532,4252.6399826052875
407,2012-11-05 22:00:00,0.099781,1.700048,0.017264,290.442017,290.442017,16.958333333333332,100.0,4118.0031867742455,4249.821533904107,3586.764111748914,4249.821533904107
408,2012-11-05 23:00:00,0.099564,1.851273,0.016523,284.374207,284.374207,17.0,100.0,4390.628789571361,4247.18516696151,3613.3260655001804,4247.18516696151
409,2012-11-06 00:00:00,0.106759,1.91217,0.017198,278.073242,278.073242,17.041666666666668,100.0,4434.572415033867,4250.054039413707,3652.1912017037394,4250.054039413707
410,2012-11-06 01:00:00,0.098199,2.005967,0.016883,247.533478,247.533478,17.083333333333332,100.0,4141.176862115305,4253.74440692611,3691.3102623702453,4253.74440692611
411,2012-11-06 02:00:00,0.09226,2.102096,0.0183,224.271759,224.27327,17.125,100.00067373618806,3931.842491074493,4251.4930560298935,3713.803592357498,4251.4930560298935
412,2012-11-06 03:00:00,0.091934,2.110423,0.017668,225.816589,225.816589,17.166666666666668,100.0,3974.581483547606,4245.100044730785,3724.705537293348,4245.100044730785
413,2012-11-06 04:00:00,0.104526,2.283325,0.017264,222.421143,222.42186,17.208333333333332,100.00032236144025,4235.56402166073,4239.689673507122,3737.199334606061,4239.689673507122
414,2012-11-06 05:00:00,0.092694,2.293701,0.017961,209.701248,209.701248,17.25,100.0,4011.472965071992,4239.607160470195,3762.117568958794,4239.607160470195
415,2012-11-06 06:00:00,0.106324,2.492398,0.016926,203.360901,203.361237,17.291666666666668,100.00016522350083,4227.188550738559,4235.044476562231,3774.5853387644534,4235.044476562231
416,2012-11-06 07:00:00,0.11079,2.632418,0.015422,187.893555,187.893555,17.333333333333332,100.0,4125.083898058356,4234.887358045757,3797.2154993631584,4234.887358045757
417,2012-11-06 08:00:00,0.105612,2.727906,0.017493,195.903259,195.903259,17.375,100.0,4456.943334884754,4232.691288846008,3813.608919297918,4232.691288846008
418,2012-11-06 09:00:00,0.105286,2.881458,0.016545,215.213257,215.213257,17.416666666666668,100.0,5171.867195479808,4237.176329766784,3845.7756400772596,4237.176329766784
419,2012-11-06 10:00:00,0.09809,2.897519,0.017558,255.065979,255.065979,17.458333333333332,100.0,6163.748060186883,4255.870147081045,3912.080217847387,4255.870147081045
420,2012-11-06 11:00:00,0.097656,3.139842,0.017264,276.145172,276.143158,17.5,99.99927067347026,7231.162685078641,4294.027705343162,4024.6636099643615,4294.027705343162
421,2012-11-06 12:00:00,0.097656,3.227729,0.017242,290.318512,290.318512,17.541666666666668,100.0,7815.159466696528,4352.770404937872,4184.988563720075,4352.770404937872
422,2012-11-06 13:00:00,0.103052,3.184602,0.016163,297.237488,297.237488,17.583333333333332,100.0,7894.503043656531,4422.018186173044,4366.497108868897,4422.018186173044
423,2012-11-06 14:00:00,0.097982,3.095372,0.017177,290.889343,290.889343,17.625,100.0,7509.42546668777,4491.467883322714,4542.897405608279,4491.467883322714
424,2012-11-06 15:00:00,0.097656,3.09021,0.016523,286.332855,286.332855,17.666666666666668,100.0,7379.470956425246,4551.827034990015,4691.223808662253,4551.827034990015
425,2012-11-06 16:00:00,0.099455,3.0067,0.017558,280.801239,280.799438,17.708333333333332,99.99935862106364,7041.292449756564,4608.379913418719,4825.636166050403,4608.379913418719
426,2012-11-06 17:00:00,0.108557,3.004589,0.017264,264.64566,264.64566,17.75,100.0,6631.563000707392,4657.038164145476,4936.4189802357105,4657.038164145476
427,2012-11-06 18:00:00,0.098308,2.889573,0.017602,272.324219,272.323944,17.791666666666668,99.99989901742818,6562.745298071505,4696.528660876715,5021.176181259294,4696.528660876715
428,2012-11-06 19:00:00,0.104852,2.715669,0.016545,279.261841,279.261841,17.833333333333332,100.0,6324.911922218486,4733.8529936206105,5098.254637099904,4733.8529936206105
429,2012-11-06 20:00:00,0.108883,2.622178,0.015761,271.518646,271.518646,17.875,100.0,5937.831635892439,4765.674172192568,5159.587501355833,4765.674172192568
430,2012-11-06 21:00:00,0.098308,2.519278,0.017155,266.605713,266.605713,17.916666666666668,100.0,5601.593588009684,4789.117321466565,5198.499708082663,4789.117321466565
431,2012-11-06 22:00:00,0.097656,2.457274,0.017242,270.42691,270.42691,17.958333333333332,100.0,5542.038543793456,4805.366846797428,5218.654402079014,4805.366846797428
432,2012-11-06 23:00:00,0.101254,2.455358,0.017242,278.389984,278.389984,18.0,100.0,5700.782599947828,4820.100280737348,5234.823609164736,4820.100280737348
433,2012-11-07 00:00:00,0.099673,2.449685,0.017242,274.045013,274.045013,18.041666666666668,100.0,5598.841806975347,4837.713927121557,5258.1215587038905,4837.713927121557
434,2012-11-07 01:00:00,0.094167,2.72587,0.017602,268.384369,268.388428,18.083333333333332,100.00151238315968,6101.4769816978815,4852.936484718633,5275.157571117463,4852.936484718633
435,2012-11-07 02:00:00,0.104634,3.217596,0.016905,263.374481,263.374481,18.125,100.0,7067.588522574418,4877.907294658218,5316.473541646484,4877.907294658218
436,2012-11-07 03:00:00,0.09809,3.24585,0.01722,255.845886,255.845886,18.166666666666668,100.0,6925.847658069653,4921.7009192165415,5404.029290692881,4921.7009192165415
437,2012-11-07 04:00:00,0.108448,3.24585,0.017602,245.441391,245.441391,18.208333333333332,100.0,6644.1939310710995,4961.783853993604,5480.120209061719,4961.783853993604
438,2012-11-07 05:00:00,0.098308,3.30202,0.016545,226.448212,226.448212,18.25,100.0,6236.1226184019215,4995.432055535153,5538.323895162188,4995.432055535153
439,2012-11-07 06:00:00,0.094058,3.30824,0.017558,197.017715,197.01828,18.291666666666668,100.00028677624242,5435.876513590848,5020.245866792489,5573.213831324174,5020.245866792489
440,2012-11-07 07:00:00,0.093841,3.353059,0.017624,193.731995,193.731995,18.333333333333332,100.0,5417.62071058536,5028.558479728456,5566.346965437508,5028.558479728456
441,2012-11-07 08:00:00,0.104634,3.501179,0.016905,192.339142,192.33812,18.375,99.99946864689664,5616.2409566066235,5036.339724345595,5558.9106526949,5036.339724345595
442,2012-11-07 09:00:00,0.108883,3.633689,0.01722,231.594666,231.594666,18.416666666666668,100.0,7018.468539125968,5047.937748990816,5561.7771678904855,5047.937748990816
443,2012-11-07 10:00:00,0.09471,3.707304,0.017602,260.968872,260.968506,18.458333333333332,99.99985975338852,8068.863148639652,5087.348364793519,5634.61173645226,5087.348364793519
444,2012-11-07 11:00:00,0.097439,3.904181,0.017624,261.172699,261.172699,18.5,100.0,8504.010179548688,5146.978660470441,5756.324307061629,5146.978660470441
445,2012-11-07 12:00:00,0.108448,3.912831,0.017264,270.913452,270.913452,18.541666666666668,100.0,8840.721534543785,5214.119290852006,5893.708600685982,5214.119290852006
446,2012-11-07 13:00:00,0.101905,4.017767,0.016883,274.283325,274.282837,18.583333333333332,99.99982208178349,9190.717789915925,5286.651335725841,6041.059247378872,5286.651335725841
447,2012-11-07 14:00:00,0.090678,4.001011,0.01758,284.46582,284.46582,18.625,100.0,9492.178297033126,5364.732664809642,6198.542174505725,5364.732664809642
448,2012-11-07 15:00:00,0.095423,3.924762,0.017624,278.681152,278.681152,18.666666666666668,100.0,9121.935010351772,5447.281577454111,6363.223980632095,5447.281577454111
449,2012-11-07 16:00:00,0.099347,3.760467,0.017624,279.162598,279.162598,18.708333333333332,100.0,8755.179690026638,5520.774646112064,6501.1595321180785,5520.774646112064
450,2012-11-07 17:00:00,0.103161,3.663085,0.017624,280.116425,280.116425,18.75,100.0,8557.592890757182,5585.462746990355,6613.860540013506,5585.462746990355
451,2012-11-07 18:00:00,0.097982,3.653517,0.017624,277.319702,277.319702,18.791666666666668,100.0,8450.02332907073,5644.905349865691,6711.047157550689,5644.905349865691
452,2012-11-07 19:00:00,0.108448,3.406975,0.017624,282.582886,282.582886,18.833333333333332,100.0,8029.358585768949,5701.007709449792,6797.995966126691,5701.007709449792
453,2012-11-07 20:00:00,0.098308,3.42546,0.017264,282.9599,282.9599,18.875,100.0,8083.69361091036,5747.574726976175,6859.564097108804,5747.574726976175
454,2012-11-07 21:00:00,0.110247,3.230171,0.017602,279.984894,279.984894,18.916666666666668,100.0,7542.688369207529,5794.297104654858,6920.770572798881,5794.297104654858
455,2012-11-07 22:00:00,0.105612,3.119035,0.016905,276.483337,276.483337,18.958333333333332,100.0,7192.09244986509,5829.264929945911,6951.866462619314,5829.264929945911
456,2012-11-07 23:00:00,0.090895,3.055505,0.01794,283.966919,283.966919,19.0,100.0,7236.303922598053,5856.521480344294,6963.877761981602,5856.521480344294
457,2012-11-08 00:00:00,0.108014,2.919598,0.017286,290.170624,290.168427,19.041666666666668,99.99924285926339,7065.440827163766,5884.11712918937,6977.499070012424,5884.11712918937
458,2012-11-08 01:00:00,0.096509,2.910242,0.017242,281.86792,281.86792,19.083333333333332,100.0,6841.334186033579,5907.743603148858,6981.896157869991,5907.743603148858
459,2012-11-08 02:00:00,0.097547,2.964869,0.017602,271.657288,271.657288,19.125,100.0,6717.271786939369,5926.415414806553,6974.86805927817,5926.415414806553
460,2012-11-08 03:00:00,0.104852,2.943663,0.017624,256.942657,256.942657,19.166666666666668,100.0,6307.980621721808,5942.232542249209,6961.9882456612295,5942.232542249209
461,2012-11-08 04:00:00,0.09809,3.058826,0.017264,197.698654,197.698654,19.208333333333332,100.0,5043.413030388501,5949.54750383866,6929.287864464259,5949.54750383866
462,2012-11-08 05:00:00,0.103052,3.183862,0.016883,188.138046,188.138046,19.25,100.0,4995.706498949858,5931.424814369657,6834.99412276047,5931.424814369657
463,2012-11-08 06:00:00,0.092586,3.189478,0.01758,176.700592,176.700592,19.291666666666668,100.0,4700.27930742994,5912.710448061261,6743.02974156994,5912.710448061261
464,2012-11-08 07:00:00,0.104526,3.370812,0.016545,177.805069,177.80484,19.333333333333332,99.99987120727138,4998.551380672868,5888.461825248634,6640.892219862939,5888.461825248634
465,2012-11-08 08:00:00,0.108883,3.529956,0.017198,184.788391,184.788391,19.375,100.0,5440.139378770238,5870.663616357119,6558.775177903435,5870.663616357119
466,2012-11-08 09:00:00,0.101905,3.664084,0.016523,201.498627,201.498627,19.416666666666668,100.0,6157.487846073651,5862.053131605382,6502.843387946775,5862.053131605382
467,2012-11-08 10:00:00,0.106867,3.772358,0.017198,260.102966,260.102966,19.458333333333332,100.0,8183.220548479325,5867.961825894748,6485.575610853119,5867.961825894748
468,2012-11-08 11:00:00,0.105395,3.997365,0.016523,291.892273,291.892273,19.5,100.0,9731.111631877779,5914.267000346439,6570.457857734429,5914.267000346439
469,2012-11-08 12:00:00,0.105286,4.011755,0.01612,290.701569,290.701569,19.541666666666668,100.0,9726.303764349583,5990.603892977066,6728.490546441596,5990.603892977066
470,2012-11-08 13:00:00,0.103487,4.305541,0.015739,286.791656,286.791656,19.583333333333332,100.0,10298.175566271571,6065.317890404516,6878.3812073369945,6065.317890404516
471,2012-11-08 14:00:00,0.096183,4.320241,0.017155,288.552765,288.552765,19.625,100.0,10396.789833376484,6149.975043921858,7049.3709252837225,6149.975043921858
472,2012-11-08 15:00:00,0.099347,4.174688,0.017242,283.655457,283.655457,19.666666666666668,100.0,9876.00309081995,6234.91133971095,7216.74187068836,6234.91133971095
473,2012-11-08 16:00:00,0.10496,4.017695,0.016883,280.337494,280.337494,19.708333333333332,100.0,9393.42996995579,6307.73317473313,7349.70493169494,6307.73317473313
474,2012-11-08 17:00:00,0.09809,3.990077,0.01758,278.961548,278.960846,19.75,99.99974835241451,9283.047631079684,6369.447110637583,7451.891183607982,6369.447110637583
475,2012-11-08 18:00:00,0.097656,3.772977,0.017264,275.983032,275.983032,19.791666666666668,100.0,8684.25545193304,6427.719121046424,7543.449005981567,6427.719121046424
476,2012-11-08 19:00:00,0.097656,3.722635,0.016523,273.980316,273.980316,19.833333333333332,100.0,8506.205471863184,6472.849847664156,7600.489328279141,6472.849847664156
477,2012-11-08 20:00:00,0.104852,3.605211,0.016479,274.553741,274.553741,19.875,100.0,8255.133553983887,6513.516960148137,7645.775135458342,6513.516960148137
478,2012-11-08 21:00:00,0.101688,3.569531,0.016479,282.233368,282.233368,19.916666666666668,100.0,8402.055907628801,6548.349292024852,7676.243056384619,6548.349292024852
479,2012-11-08 22:00:00,0.099673,3.56349,0.017198,283.562317,283.562317,19.958333333333332,100.0,8427.332151592793,6585.423424336931,7712.533698946828,6585.423424336931
480,2012-11-08 23:00:00,0.103161,3.512838,0.016163,278.273163,278.273163,20.0,100.0,8152.588034997394,6622.261598882048,7748.2736215791265,6622.261598882048
481,2012-11-09 00:00:00,0.094384,3.47671,0.017537,274.078033,274.078033,20.041666666666668,100.0,7947.101249849326,6652.868127604355,7768.489342250039,6652.868127604355
482,2012-11-09 01:00:00,0.104634,3.4013,0.016545,269.351807,269.351807,20.083333333333332,100.0,7640.660151583495,6678.752790049254,7777.419937630003,6678.752790049254
483,2012-11-09 02:00:00,0.105286,3.394032,0.017558,262.078644,262.078644,20.125,100.0,7418.457557466751,6697.990937279939,7770.581948327677,6697.990937279939
484,2012-11-09 03:00:00,0.096292,3.39242,0.017264,249.039566,249.039566,20.166666666666668,100.0,7046.022349444265,6712.400269683676,7752.9757287846305,6712.400269683676
485,2012-11-09 04:00:00,0.104743,3.435529,0.017242,194.935226,194.935226,20.208333333333332,100.0,5585.34488785158,6719.072711278888,7717.628059817612,6719.072711278888
486,2012-11-09 05:00:00,0.092694,3.608011,0.017602,195.572937,195.572937,20.25,100.0,5884.94842870588,6696.398154810342,7611.01390121931,6696.398154810342
487,2012-11-09 06:00:00,0.104526,3.752069,0.016545,159.579468,159.579468,20.291666666666668,100.0,4993.601478826895,6680.169160288252,7524.7106275936385,6680.169160288252
488,2012-11-09 07:00:00,0.094493,3.85798,0.017558,156.680115,156.681351,20.333333333333332,100.00078886845341,5041.309144548373,6646.437806659024,7398.155170155301,6646.437806659024
489,2012-11-09 08:00:00,0.104634,4.006375,0.016185,206.63562,206.63562,20.375,100.0,6904.35058252635,6614.335233416811,7280.312868874954,6614.335233416811
490,2012-11-09 09:00:00,0.107084,4.094084,0.017537,221.557922,221.556686,20.416666666666668,99.99944213233776,7564.977838268504,6620.135540399002,7261.514754557524,6620.135540399002
491,2012-11-09 10:00:00,0.105395,4.195285,0.016185,249.030624,249.030624,20.458333333333332,100.0,8713.252041341386,6639.032386356392,7276.687908743072,6639.032386356392
492,2012-11-09 11:00:00,0.103487,4.385348,0.017537,257.559235,257.560638,20.5,100.00054472906008,9419.971859625079,6680.516779456091,7348.516115372987,6680.516779456091
493,2012-11-09 12:00:00,0.097982,4.386283,0.017264,296.548828,296.548828,20.541666666666668,100.0,10848.230671605543,6735.305881059471,7452.088902585591,6735.305881059471
494,2012-11-09 13:00:00,0.09226,4.476391,0.014725,297.338257,297.338257,20.583333333333332,100.0,11100.55916190466,6817.564376870393,7621.895991036588,6817.564376870393
495,2012-11-09 14:00:00,0.09733,4.40982,0.017449,282.877136,282.872864,20.625,99.99848980371465,10403.469565458163,6903.2242725710785,7795.829149579991,6903.2242725710785
496,2012-11-09 15:00:00,0.104852,4.350804,0.016545,262.342651,262.342651,20.666666666666668,100.0,9519.28813754731,6973.22917842882,7926.211170373899,6973.22917842882
497,2012-11-09 16:00:00,0.105286,4.307219,0.017198,263.191711,263.194427,20.708333333333332,100.00103194739292,9454.524545815399,7024.150357611189,8005.865018732569,7024.150357611189
498,2012-11-09 17:00:00,0.09809,4.100172,0.017242,268.077423,268.077423,20.75,100.0,9167.023953763744,7072.7578413752735,8078.29799508671,7072.7578413752735
499,2012-11-09 18:00:00,0.104852,4.083811,0.016883,294.320313,294.317596,20.791666666666668,99.9990768561054,10024.158216559887,7114.643163623043,8132.734293020561,7114.643163623043
500,2012-11-09 19:00:00,0.09809,3.847383,0.01722,294.540497,294.540497,20.833333333333332,100.0,9450.972242084388,7172.83346468178,8227.305489197528,7172.83346468178
501,2012-11-09 20:00:00,0.104852,3.718126,0.016883,285.184937,285.184082,20.875,99.99970019454429,8843.321919586568,7218.396240229832,8288.48882684187,7218.396240229832
502,2012-11-09 21:00:00,0.096292,3.714122,0.016501,229.783493,229.783493,20.916666666666668,100.0,7117.722347745138,7250.894753816967,8316.230481479106,7250.894753816967
503,2012-11-09 22:00:00,0.101145,3.590469,0.017558,241.728622,241.728195,20.958333333333332,99.9998233556306,7238.4327053826155,7248.23130569553,8256.305074792408,7248.23130569553
504,2012-11-09 23:00:00,0.099673,3.560032,0.016545,266.851074,266.851074,21.0,100.0,7922.986344704229,7248.035333689271,8205.411456321917,7248.035333689271
