,DateRead,influent_mgd,treatFlow_mgd,ammonia_ppm,nitrate_ppm,rain_inches,cluster,rank,prob_exceed
0,2017-01-01,226.085678,226.084549,0.164921,1.958987,0.0,0,118.0,10.734896632332532
1,2017-01-02,276.365021,276.36496,0.155143,2.002849,0.35,0,84.0,7.630214040470451
2,2017-01-03,385.083038,365.349792,1.331837,2.238841,0.86,1,46.0,4.160274673095186
3,2017-01-04,267.641998,267.641693,0.37283,2.216766,0.0,0,118.0,10.734896632332532
4,2017-01-05,249.852646,249.852692,0.133541,2.116311,0.0,0,118.0,10.734896632332532
5,2017-01-06,245.240234,245.240204,0.170711,2.310498,0.0,0,118.0,10.734896632332532
6,2017-01-07,237.295395,237.295151,0.75013,2.911169,0.01,0,117.0,10.643582438454233
7,2017-01-08,244.388412,244.388107,0.17256,2.499912,0.0,0,118.0,10.734896632332532
8,2017-01-09,251.142197,251.142624,0.164624,2.344804,0.0,0,118.0,10.734896632332532
9,2017-01-10,250.988235,250.988388,0.176566,2.426418,0.0,0,118.0,10.734896632332532
10,2017-01-11,255.506332,255.506485,0.191156,2.408936,0.07,0,111.0,10.095697275184456
11,2017-01-12,249.097549,249.098068,0.200088,2.470094,0.02,0,116.0,10.552268244575938
12,2017-01-13,245.359421,245.359314,0.161486,2.201848,0.0,0,118.0,10.734896632332532
13,2017-01-14,265.048981,265.049011,0.292051,2.507657,0.29,0,89.0,8.086785009861934
14,2017-01-15,249.350311,249.350281,0.589901,2.641144,0.0,0,118.0,10.734896632332532
15,2017-01-16,245.875351,245.875534,6.907407,1.370845,0.01,0,117.0,10.643582438454233
16,2017-01-17,279.275208,279.275726,2.3727,2.852719,0.21,0,97.0,8.817298560888306
17,2017-01-18,247.041092,247.040817,0.693511,2.7522,0.0,0,118.0,10.734896632332532
18,2017-01-19,247.680313,247.680496,0.402021,2.699634,0.0,0,118.0,10.734896632332532
19,2017-01-20,247.628021,247.627731,0.384394,2.708858,0.01,0,117.0,10.643582438454233
20,2017-01-21,250.335052,250.335068,0.345076,2.339946,0.0,0,118.0,10.734896632332532
21,2017-01-22,252.92482,252.924225,0.332748,2.166131,0.15,0,103.0,9.365183724158085
22,2017-01-23,365.222504,365.222717,0.542289,2.27533,0.67,1,59.0,5.34735919351304
23,2017-01-24,283.037018,283.036652,0.752923,2.553997,0.03,0,115.0,10.460954050697643
24,2017-01-25,258.228455,258.228729,0.107967,2.084496,0.0,0,118.0,10.734896632332532
25,2017-01-26,258.463623,258.463776,0.112771,2.039294,0.0,0,118.0,10.734896632332532
26,2017-01-27,252.766296,252.7659,0.122468,2.069152,0.0,0,118.0,10.734896632332532
27,2017-01-28,247.689117,247.689606,0.11975,2.087324,0.0,0,118.0,10.734896632332532
28,2017-01-29,241.151321,241.151215,0.124439,2.020134,0.0,0,118.0,10.734896632332532
29,2017-01-30,248.453094,248.453293,0.12029,2.01201,0.07,0,111.0,10.095697275184456
30,2017-01-31,248.657272,248.657486,0.127655,2.058662,0.0,0,118.0,10.734896632332532
31,2017-02-01,249.576492,249.576767,0.135771,2.135442,0.0,0,118.0,10.734896632332532
32,2017-02-02,251.523468,251.523239,0.120943,2.213688,0.0,0,118.0,10.734896632332532
33,2017-02-03,249.355347,249.355392,0.122445,2.215418,0.0,0,118.0,10.734896632332532
34,2017-02-04,259.126831,259.126709,0.123257,2.230057,0.0,0,118.0,10.734896632332532
35,2017-02-05,256.495117,256.494934,0.118526,2.064389,0.0,0,118.0,10.734896632332532
36,2017-02-06,252.149673,252.149704,0.117419,1.706248,0.0,0,118.0,10.734896632332532
37,2017-02-07,242.649094,242.649506,0.111959,1.718576,0.0,0,118.0,10.734896632332532
38,2017-02-08,245.766068,245.766037,0.110946,1.788863,0.0,0,118.0,10.734896632332532
39,2017-02-09,249.482269,249.482483,0.116511,1.864208,0.12,0,106.0,9.639126305792974
40,2017-02-10,238.857315,238.857391,0.124912,2.092932,0.0,0,118.0,10.734896632332532
41,2017-02-11,233.31778,233.31752,0.131842,2.101796,0.0,0,118.0,10.734896632332532
42,2017-02-12,236.188263,236.188065,0.122748,2.070692,0.03,0,115.0,10.460954050697643
43,2017-02-13,239.482376,239.482483,0.119612,2.216974,0.0,0,118.0,10.734896632332532
44,2017-02-14,245.515762,245.516068,0.118392,2.408576,0.0,0,118.0,10.734896632332532
45,2017-02-15,236.454773,236.454651,0.120046,2.501618,0.0,0,118.0,10.734896632332532
46,2017-02-16,240.743347,240.743607,0.120544,2.662336,0.0,0,118.0,10.734896632332532
47,2017-02-17,243.297455,243.297745,0.120198,2.579581,0.0,0,118.0,10.734896632332532
48,2017-02-18,230.025055,230.024734,0.127032,2.371036,0.0,0,118.0,10.734896632332532
49,2017-02-19,230.037598,230.037155,0.113435,2.432077,0.01,0,117.0,10.643582438454233
50,2017-02-20,234.994614,234.994537,0.11514,2.432688,0.0,0,118.0,10.734896632332532
51,2017-02-21,237.921051,237.92157,0.112893,2.445421,0.0,0,118.0,10.734896632332532
52,2017-02-22,234.225723,234.225998,0.151921,2.536392,0.0,0,118.0,10.734896632332532
53,2017-02-23,240.200455,240.200089,0.123145,2.928812,0.0,0,118.0,10.734896632332532
54,2017-02-24,242.647339,242.64769,0.115458,2.896191,0.0,0,118.0,10.734896632332532
55,2017-02-25,254.055069,254.055023,0.112607,2.65663,0.18,0,100.0,9.091241142523195
56,2017-02-26,230.942978,230.943192,0.241809,2.742153,0.0,0,118.0,10.734896632332532
57,2017-02-27,240.098846,240.099457,0.114907,2.46558,0.0,0,118.0,10.734896632332532
58,2017-02-28,264.339661,264.339478,0.12124,2.393446,0.34,0,85.0,7.721528234348749
59,2017-03-01,268.216736,268.217346,0.531191,2.556364,0.02,0,116.0,10.552268244575938
60,2017-03-02,237.047562,237.048065,0.106154,2.389353,0.01,0,117.0,10.643582438454233
61,2017-03-03,237.366486,237.36647,0.115303,2.428954,0.0,0,118.0,10.734896632332532
62,2017-03-04,228.210922,228.210968,0.130007,2.346612,0.0,0,118.0,10.734896632332532
63,2017-03-05,231.802536,231.802826,0.118858,2.355985,0.0,0,118.0,10.734896632332532
64,2017-03-06,245.893127,245.893326,0.111456,2.347608,0.0,0,118.0,10.734896632332532
65,2017-03-07,241.727448,241.727631,0.113999,2.354192,0.07,0,111.0,10.095697275184456
66,2017-03-08,237.725189,237.725464,0.138708,2.534975,0.01,0,117.0,10.643582438454233
67,2017-03-09,242.741928,242.742615,0.150938,2.641884,0.0,0,118.0,10.734896632332532
68,2017-03-10,253.549713,253.549484,0.132983,2.388863,0.09,0,109.0,9.913068887427864
69,2017-03-11,266.457092,266.456512,0.117637,2.433889,0.0,0,118.0,10.734896632332532
70,2017-03-12,256.616974,256.616882,0.108952,2.448657,0.0,0,118.0,10.734896632332532
71,2017-03-13,259.482605,259.48233,0.108311,2.374511,0.34,0,85.0,7.721528234348749
72,2017-03-14,367.054504,367.054718,0.119269,2.352358,0.89,1,43.0,3.886332091460297
73,2017-03-15,275.582489,275.582428,0.12769,2.754249,0.0,0,118.0,10.734896632332532
74,2017-03-16,295.261932,295.262573,0.11468,2.180347,0.0,0,118.0,10.734896632332532
75,2017-03-17,278.401611,278.401459,0.111558,2.448686,0.01,0,117.0,10.643582438454233
76,2017-03-18,279.642151,279.642273,0.112744,2.227406,0.37,0,82.0,7.447585652713859
77,2017-03-19,400.720337,400.720306,0.432802,2.479216,0.26,1,92.0,8.360727591496824
78,2017-03-20,281.280396,281.281219,0.107408,2.168596,0.0,0,118.0,10.734896632332532
79,2017-03-21,274.029449,274.029663,0.100982,2.258816,0.0,0,118.0,10.734896632332532
80,2017-03-22,273.785156,273.785248,0.10208,2.241316,0.0,0,118.0,10.734896632332532
81,2017-03-23,263.089478,263.089752,0.115344,1.982599,0.0,0,118.0,10.734896632332532
82,2017-03-24,272.663483,272.663788,0.108232,1.833956,0.13,0,105.0,9.547812111914677
83,2017-03-25,246.534393,246.534241,0.109589,2.288903,0.0,0,118.0,10.734896632332532
84,2017-03-26,255.7453,255.745071,0.110672,2.194999,0.0,0,118.0,10.734896632332532
85,2017-03-27,257.499176,257.498932,0.105365,2.172523,0.01,0,117.0,10.643582438454233
86,2017-03-28,274.240234,274.240845,0.110389,2.307365,0.02,0,116.0,10.552268244575938
87,2017-03-29,270.538391,270.538208,0.105819,2.222024,0.0,0,118.0,10.734896632332532
88,2017-03-30,276.869659,276.870148,0.104497,2.20709,0.0,0,118.0,10.734896632332532
89,2017-03-31,393.394104,383.365509,1.323774,2.496545,0.96,1,40.0,3.612389509825408
90,2017-04-01,311.710724,311.710449,0.392261,2.443868,0.01,0,117.0,10.643582438454233
91,2017-04-02,284.30603,284.306305,0.10726,2.137311,0.0,0,118.0,10.734896632332532
92,2017-04-03,300.268219,300.26828,0.105854,2.154038,0.11,0,107.0,9.73044049967127
93,2017-04-04,289.688202,289.688171,0.104803,2.379876,0.0,0,118.0,10.734896632332532
94,2017-04-05,283.324554,283.324646,0.10281,2.371398,0.0,0,118.0,10.734896632332532
95,2017-04-06,430.112488,388.649323,0.933356,2.518891,1.57,1,14.0,1.2382204689897
96,2017-04-07,340.886322,340.885956,0.261376,2.65455,0.0,1,118.0,10.734896632332532
97,2017-04-08,297.99102800000003,297.990845,0.107694,2.250145,0.0,0,118.0,10.734896632332532
98,2017-04-09,286.864258,286.863892,0.113122,2.247227,0.0,0,118.0,10.734896632332532
99,2017-04-10,282.103821,282.103577,0.237225,2.259243,0.0,0,118.0,10.734896632332532
100,2017-04-11,278.194427,278.194366,25.073164,2.335369,0.0,0,118.0,10.734896632332532
101,2017-04-12,283.040131,283.0401,25.074783,2.262705,0.0,0,118.0,10.734896632332532
102,2017-04-13,279.247681,279.248016,25.075048,2.287053,0.0,0,118.0,10.734896632332532
103,2017-04-14,273.564941,273.564728,25.076717,2.309224,0.0,0,118.0,10.734896632332532
104,2017-04-15,270.837311,270.837189,25.074385,2.324081,0.0,0,118.0,10.734896632332532
105,2017-04-16,270.580841,270.581024,25.075869,2.172562,0.0,0,118.0,10.734896632332532
106,2017-04-17,279.704529,279.705109,0.117673,0.745963,0.07,0,111.0,10.095697275184456
107,2017-04-18,270.90274,270.902588,0.105047,1.160757,0.0,0,118.0,10.734896632332532
108,2017-04-19,270.115051,270.114777,0.109198,2.389496,0.0,0,118.0,10.734896632332532
109,2017-04-20,276.952637,276.952484,0.173858,2.746948,0.11,0,107.0,9.73044049967127
110,2017-04-21,297.682068,297.682007,0.203201,2.600996,0.12,0,106.0,9.639126305792974
111,2017-04-22,309.724701,309.724884,0.110683,2.215269,0.31,0,87.0,7.90415662210534
112,2017-04-23,282.877655,282.877472,0.19207,2.424442,0.0,0,118.0,10.734896632332532
113,2017-04-24,298.697052,298.69693,0.116363,2.033575,0.23,0,95.0,8.634670173131713
114,2017-04-25,291.498047,291.498108,0.297134,2.271044,0.08,0,110.0,10.004383081306159
115,2017-04-26,277.169159,277.168579,0.110082,2.066049,0.01,0,117.0,10.643582438454233
116,2017-04-27,282.9133,282.912842,0.105445,1.963115,0.0,0,118.0,10.734896632332532
117,2017-04-28,272.226807,272.226868,0.106319,1.946749,0.0,0,118.0,10.734896632332532
118,2017-04-29,267.882538,267.883179,0.099319,1.935478,0.0,0,118.0,10.734896632332532
119,2017-04-30,270.543488,270.543488,0.105445,1.959024,0.0,0,118.0,10.734896632332532
120,2017-05-01,284.307068,284.30719,0.106515,1.927136,0.0,0,118.0,10.734896632332532
121,2017-05-02,280.909241,280.909393,0.106752,1.980624,0.0,0,118.0,10.734896632332532
122,2017-05-03,269.752563,269.752777,0.107377,2.112621,0.0,0,118.0,10.734896632332532
123,2017-05-04,272.47702,272.476624,0.110519,2.128196,0.13,0,105.0,9.547812111914677
124,2017-05-05,460.868896,413.201935,2.03493,2.521552,1.75,1,10.0,0.8729636934765141
125,2017-05-06,338.462555,338.462463,0.127958,2.469686,0.07,1,111.0,10.095697275184456
126,2017-05-07,278.902374,278.902161,0.10369,2.355351,0.0,0,118.0,10.734896632332532
127,2017-05-08,280.843384,280.843231,0.103794,2.194818,0.0,0,118.0,10.734896632332532
128,2017-05-09,273.442108,273.441864,0.1091,2.109058,0.0,0,118.0,10.734896632332532
129,2017-05-10,273.782715,273.782806,0.105579,2.150335,0.0,0,118.0,10.734896632332532
130,2017-05-11,409.823517,391.930023,1.988989,2.345117,1.04,1,33.0,2.9731901526773328
131,2017-05-12,327.522186,327.522247,1.521156,2.821558,0.31,0,87.0,7.90415662210534
132,2017-05-13,433.903778,432.135925,0.544842,2.859542,0.51,1,72.0,6.534443713930894
133,2017-05-14,302.014435,302.014099,0.10341,2.220608,0.0,0,118.0,10.734896632332532
134,2017-05-15,301.101166,301.101318,0.107412,2.084227,0.0,0,118.0,10.734896632332532
135,2017-05-16,294.233246,294.233124,0.106637,2.002648,0.0,0,118.0,10.734896632332532
136,2017-05-17,291.977539,291.977478,0.105359,1.914561,0.0,0,118.0,10.734896632332532
137,2017-05-18,288.081238,288.08139,0.122299,2.070794,0.03,0,115.0,10.460954050697643
138,2017-05-19,300.523224,300.523193,0.106652,1.961825,0.0,0,118.0,10.734896632332532
139,2017-05-20,272.813232,272.812958,0.105906,1.960391,0.0,0,118.0,10.734896632332532
140,2017-05-21,278.196381,278.19635,0.105842,1.852459,0.0,0,118.0,10.734896632332532
141,2017-05-22,303.959259,303.95929,0.167941,2.254122,0.34,0,85.0,7.721528234348749
142,2017-05-23,281.758911,281.759094,0.104129,1.929225,0.06,0,112.0,10.187011469062753
143,2017-05-24,309.790161,309.79007,0.110801,1.868839,0.26,0,92.0,8.360727591496824
144,2017-05-25,427.315704,427.315674,1.959865,2.52314,0.75,1,52.0,4.708159836364965
145,2017-05-26,301.133972,301.134308,0.107577,1.284429,0.0,0,118.0,10.734896632332532
146,2017-05-27,284.04715,284.047211,0.103492,0.785548,0.03,0,115.0,10.460954050697643
147,2017-05-28,309.62323,309.623322,0.138266,2.949069,0.08,0,110.0,10.004383081306159
148,2017-05-29,271.881226,271.881805,2.701784,13.455628,0.0,0,118.0,10.734896632332532
149,2017-05-30,299.072968,299.07309,1.017514,7.29613,0.17,0,101.0,9.182555336401492
150,2017-05-31,306.947479,306.946991,0.111775,2.274046,0.02,0,116.0,10.552268244575938
151,2017-06-01,287.931244,287.931488,0.105749,2.077973,0.0,0,118.0,10.734896632332532
152,2017-06-02,277.802155,277.802338,0.105407,2.06424,0.0,0,118.0,10.734896632332532
153,2017-06-03,266.97052,266.970093,0.102013,2.030447,0.0,0,118.0,10.734896632332532
154,2017-06-04,276.177338,276.177521,0.101709,2.062876,0.0,0,118.0,10.734896632332532
155,2017-06-05,285.910919,285.911102,0.101976,2.318384,0.0,0,118.0,10.734896632332532
156,2017-06-06,273.856415,273.856018,0.102593,1.880152,0.0,0,118.0,10.734896632332532
157,2017-06-07,277.133209,277.133087,0.105393,2.087208,0.0,0,118.0,10.734896632332532
158,2017-06-08,272.927246,272.927551,0.103777,2.146862,0.0,0,118.0,10.734896632332532
159,2017-06-09,273.272583,273.272614,0.100703,2.06969,0.0,0,118.0,10.734896632332532
160,2017-06-10,268.082977,268.082886,0.097749,2.057937,0.0,0,118.0,10.734896632332532
161,2017-06-11,270.71463,270.714508,0.101206,2.118322,0.0,0,118.0,10.734896632332532
162,2017-06-12,279.471893,279.471619,0.104782,1.971661,0.0,0,118.0,10.734896632332532
163,2017-06-13,274.729736,274.728577,0.104888,1.914997,0.0,0,118.0,10.734896632332532
164,2017-06-14,285.190094,285.189392,0.100808,1.90954,0.0,0,118.0,10.734896632332532
165,2017-06-15,273.186951,273.187103,0.099444,2.048863,0.0,0,118.0,10.734896632332532
166,2017-06-16,278.750244,278.750427,0.098425,2.117216,0.36,0,83.0,7.538899846592155
167,2017-06-17,268.195129,268.194977,0.09706,2.08376,0.0,0,118.0,10.734896632332532
168,2017-06-18,264.483002,264.482788,0.09351,2.013304,0.0,0,118.0,10.734896632332532
169,2017-06-19,307.962433,307.962616,0.105583,2.146751,0.53,0,70.0,6.351815326174301
170,2017-06-20,254.164429,254.164673,1.247963,2.61772,0.0,0,118.0,10.734896632332532
171,2017-06-21,246.253647,246.253372,0.161871,2.171767,0.0,0,118.0,10.734896632332532
172,2017-06-22,252.656143,252.656281,0.10204,2.032702,0.0,0,118.0,10.734896632332532
173,2017-06-23,263.434296,263.434479,0.102623,1.600872,0.1,0,108.0,9.821754693549567
174,2017-06-24,266.439819,266.440186,0.103239,1.586115,0.07,0,111.0,10.095697275184456
175,2017-06-25,243.629471,243.628769,0.100186,1.652491,0.0,0,118.0,10.734896632332532
176,2017-06-26,247.789124,247.789139,0.100438,1.647237,0.0,0,118.0,10.734896632332532
177,2017-06-27,243.567673,243.567551,0.099087,1.599954,0.07,0,111.0,10.095697275184456
178,2017-06-28,248.434113,248.434418,0.099232,1.627197,0.0,0,118.0,10.734896632332532
179,2017-06-29,244.939713,244.940002,0.098219,1.665092,0.0,0,118.0,10.734896632332532
180,2017-06-30,256.980255,256.980225,0.10061,1.665144,0.0,0,118.0,10.734896632332532
181,2017-07-01,285.906128,285.905762,0.104107,1.86276,0.65,0,60.0,5.438673387391337
182,2017-07-02,240.572891,240.572983,0.508611,2.254965,0.0,0,118.0,10.734896632332532
183,2017-07-03,246.038483,246.038803,0.107014,1.783622,0.0,0,118.0,10.734896632332532
184,2017-07-04,238.89801,238.897919,0.105504,1.853677,0.04,0,114.0,10.369639856819344
185,2017-07-05,280.519806,280.519897,0.104259,1.984926,0.7,0,57.0,5.164730805756448
186,2017-07-06,348.13092,348.131348,0.757164,2.676658,0.87,1,45.0,4.068960479216891
187,2017-07-07,264.979706,264.980011,0.102254,2.121968,0.01,0,117.0,10.643582438454233
188,2017-07-08,256.455566,256.455597,0.10465,1.875147,0.0,0,118.0,10.734896632332532
189,2017-07-09,239.824753,239.824738,0.10402,1.824311,0.0,0,118.0,10.734896632332532
190,2017-07-10,251.344421,251.344452,0.107036,1.764058,0.0,0,118.0,10.734896632332532
191,2017-07-11,256.181824,256.181824,0.105923,1.553372,0.0,0,118.0,10.734896632332532
192,2017-07-12,261.26413,261.264465,0.106398,1.612308,0.0,0,118.0,10.734896632332532
193,2017-07-13,264.28479,264.285248,0.11029,1.612651,0.0,0,118.0,10.734896632332532
194,2017-07-14,304.477631,304.47757,0.110127,1.618153,0.73,0,54.0,4.890788224121558
195,2017-07-15,256.274353,256.273743,0.840386,2.223345,0.0,0,118.0,10.734896632332532
196,2017-07-16,244.162964,244.163193,0.104829,1.80619,0.0,0,118.0,10.734896632332532
197,2017-07-17,261.219116,261.218933,0.107431,1.794016,0.0,0,118.0,10.734896632332532
198,2017-07-18,276.079651,276.079346,0.10702,1.802491,0.0,0,118.0,10.734896632332532
199,2017-07-19,261.378235,261.378143,0.108723,2.095922,0.0,0,118.0,10.734896632332532
200,2017-07-20,259.38858,259.388489,0.109815,1.929709,0.0,0,118.0,10.734896632332532
201,2017-07-21,255.879593,255.879486,0.110219,1.922134,0.0,0,118.0,10.734896632332532
202,2017-07-22,300.832336,299.044342,0.108973,1.671177,0.98,0,38.0,3.4297611220688147
203,2017-07-23,302.586884,302.58728,0.342846,2.387751,1.39,0,21.0,1.8774198261377748
204,2017-07-24,359.522919,348.458344,0.373377,2.383847,0.0,1,118.0,10.734896632332532
205,2017-07-25,260.942474,260.942413,0.100915,1.774839,0.0,0,118.0,10.734896632332532
206,2017-07-26,254.140411,254.139923,0.102943,1.818033,0.0,0,118.0,10.734896632332532
207,2017-07-27,253.805801,253.805664,0.10257,1.918536,0.0,0,118.0,10.734896632332532
208,2017-07-28,449.614532,360.801361,0.525061,2.115897,3.31,1,3.0,0.2337643363284389
209,2017-07-29,515.735962,433.520569,0.40125,2.83746,0.47,1,76.0,6.89970048944408
210,2017-07-30,290.43988,290.439911,0.097642,2.390081,0.0,0,118.0,10.734896632332532
211,2017-07-31,282.593597,282.593536,0.100061,2.456806,0.0,0,118.0,10.734896632332532
212,2017-08-01,309.48877,309.488708,0.102418,2.502002,0.0,0,118.0,10.734896632332532
213,2017-08-02,272.363953,272.363861,0.328969,2.317139,0.0,0,118.0,10.734896632332532
214,2017-08-03,308.2724,305.677032,0.105734,1.945741,0.06,0,112.0,10.187011469062753
215,2017-08-04,294.816681,294.816772,0.24845,2.498785,0.0,0,118.0,10.734896632332532
216,2017-08-05,258.499634,258.499817,0.10543,2.145888,0.0,0,118.0,10.734896632332532
217,2017-08-06,259.465363,259.465118,0.104923,2.704767,0.0,0,118.0,10.734896632332532
218,2017-08-07,403.881287,387.174469,0.220251,2.447456,1.47,1,18.0,1.6034772445028858
219,2017-08-08,293.622711,293.622803,0.123079,2.422463,0.04,0,114.0,10.369639856819344
220,2017-08-09,278.218964,278.218719,0.106672,1.981657,0.0,0,118.0,10.734896632332532
221,2017-08-10,269.334106,269.334167,0.10666,1.753987,0.0,0,118.0,10.734896632332532
222,2017-08-11,280.530884,280.530518,0.107186,2.144485,0.76,0,51.0,4.616845642486669
223,2017-08-12,306.087402,306.087067,0.126066,2.844995,0.52,0,71.0,6.443129520052598
224,2017-08-13,309.836761,309.836548,0.409877,2.774315,0.0,0,118.0,10.734896632332532
225,2017-08-14,285.869415,285.870209,0.106043,2.140326,0.0,0,118.0,10.734896632332532
226,2017-08-15,329.686096,327.282776,0.304991,2.20877,0.17,0,101.0,9.182555336401492
227,2017-08-16,289.304138,289.30426,0.20989,1.938907,0.0,0,118.0,10.734896632332532
228,2017-08-17,279.577667,279.578278,0.110299,1.778763,0.0,0,118.0,10.734896632332532
229,2017-08-18,327.115479,327.115967,0.111166,1.932241,0.51,0,72.0,6.534443713930894
230,2017-08-19,296.260559,296.261444,0.126397,2.72388,0.01,0,117.0,10.643582438454233
231,2017-08-20,266.385559,266.385437,0.103327,2.058733,0.0,0,118.0,10.734896632332532
232,2017-08-21,272.63382,272.633789,0.105047,1.950148,0.01,0,117.0,10.643582438454233
233,2017-08-22,275.4711,275.47113,0.108696,2.007128,0.0,0,118.0,10.734896632332532
234,2017-08-23,255.215683,255.215729,0.107186,2.434335,0.0,0,118.0,10.734896632332532
235,2017-08-24,265.393707,265.39325,0.108385,2.371386,0.0,0,118.0,10.734896632332532
236,2017-08-25,265.586548,265.586487,0.104145,2.402518,0.05,0,113.0,10.278325662941048
237,2017-08-26,253.629181,253.629135,0.103219,2.328074,0.0,0,118.0,10.734896632332532
238,2017-08-27,250.240479,250.240265,0.104692,2.474265,0.0,0,118.0,10.734896632332532
239,2017-08-28,263.131927,263.131683,0.104231,2.314003,0.0,0,118.0,10.734896632332532
240,2017-08-29,346.96344,346.963531,0.102909,2.885196,0.98,1,38.0,3.4297611220688147
241,2017-08-30,269.912598,269.912384,0.101927,3.002612,0.0,0,118.0,10.734896632332532
242,2017-08-31,261.100739,261.100647,0.101717,2.796015,0.0,0,118.0,10.734896632332532
243,2017-09-01,261.785065,261.785156,0.104231,2.662086,0.0,0,118.0,10.734896632332532
244,2017-09-02,326.813629,326.81369,0.158196,2.828098,0.77,0,50.0,4.525531448608373
245,2017-09-03,256.02005,256.020233,0.111604,2.540613,0.0,0,118.0,10.734896632332532
246,2017-09-04,259.863953,259.863953,0.107359,2.344789,0.0,0,118.0,10.734896632332532
247,2017-09-05,292.147186,292.147125,0.104317,2.376563,0.07,0,111.0,10.095697275184456
248,2017-09-06,331.358582,331.358459,0.103031,2.925498,0.55,0,68.0,6.169186938417708
249,2017-09-07,295.877594,295.877411,0.101334,2.983991,0.0,0,118.0,10.734896632332532
250,2017-09-08,270.714722,270.71463,0.100569,2.55689,0.0,0,118.0,10.734896632332532
251,2017-09-09,262.110931,262.111023,0.099354,2.428506,0.0,0,118.0,10.734896632332532
252,2017-09-10,252.747711,252.747437,0.099354,2.422978,0.0,0,118.0,10.734896632332532
253,2017-09-11,278.002167,278.002228,0.100018,2.37911,0.0,0,118.0,10.734896632332532
254,2017-09-12,259.478699,259.478485,0.102793,2.439245,0.0,0,118.0,10.734896632332532
255,2017-09-13,271.024628,271.024719,0.103696,2.505108,0.04,0,114.0,10.369639856819344
256,2017-09-14,276.343903,276.343933,0.103458,2.443171,0.0,0,118.0,10.734896632332532
257,2017-09-15,279.817078,279.817261,0.101659,2.600321,0.0,0,118.0,10.734896632332532
258,2017-09-16,256.44577,256.445618,0.10184,2.377562,0.0,0,118.0,10.734896632332532
259,2017-09-17,252.77887,252.778976,0.102266,2.45397,0.0,0,118.0,10.734896632332532
260,2017-09-18,258.993958,258.994293,0.101233,2.428128,0.0,0,118.0,10.734896632332532
261,2017-09-19,264.950012,264.949707,0.102851,2.308722,0.0,0,118.0,10.734896632332532
262,2017-09-20,267.784271,267.78421,0.102475,2.315744,0.0,0,118.0,10.734896632332532
263,2017-09-21,264.071259,264.07135,0.102981,2.234115,0.0,0,118.0,10.734896632332532
264,2017-09-22,259.096985,259.097351,0.115796,2.260792,0.0,0,118.0,10.734896632332532
265,2017-09-23,254.945221,254.945633,0.136889,2.109455,0.0,0,118.0,10.734896632332532
266,2017-09-24,255.45372,255.453522,0.125909,2.089634,0.0,0,118.0,10.734896632332532
267,2017-09-25,269.362885,269.362732,0.131644,2.243282,0.0,0,118.0,10.734896632332532
268,2017-09-26,263.642334,263.642731,0.128747,2.335139,0.0,0,118.0,10.734896632332532
269,2017-09-27,260.22171,260.221832,0.138651,2.252082,0.0,0,118.0,10.734896632332532
270,2017-09-28,260.548828,260.548859,0.143125,2.453939,0.0,0,118.0,10.734896632332532
271,2017-09-29,255.669266,255.669434,0.15425,2.259144,0.0,0,118.0,10.734896632332532
272,2017-09-30,245.256226,245.256195,0.141903,2.308738,0.0,0,118.0,10.734896632332532
273,2017-10-01,246.798065,246.797867,0.142861,2.204402,0.0,0,118.0,10.734896632332532
274,2017-10-02,255.881378,255.881744,0.14911,2.282011,0.0,0,118.0,10.734896632332532
275,2017-10-03,254.436829,254.436661,0.164411,2.517963,0.0,0,118.0,10.734896632332532
276,2017-10-04,250.78862,250.788742,0.198904,2.436499,0.0,0,118.0,10.734896632332532
277,2017-10-05,245.823761,245.823685,0.148755,2.579991,0.0,0,118.0,10.734896632332532
278,2017-10-06,251.619873,251.620087,0.180623,2.598023,0.0,0,118.0,10.734896632332532
279,2017-10-07,245.247421,245.247025,0.15052,2.317751,0.0,0,118.0,10.734896632332532
280,2017-10-08,249.263382,249.263245,0.157299,2.331163,0.06,0,112.0,10.187011469062753
281,2017-10-09,321.045044,321.045166,0.547933,2.729981,0.56,0,67.0,6.0778727445394125
282,2017-10-10,264.85907,264.859222,0.14873,2.42785,0.0,0,118.0,10.734896632332532
283,2017-10-11,264.895355,264.894806,0.140174,2.39443,0.06,0,112.0,10.187011469062753
284,2017-10-12,296.607758,296.607941,0.232388,2.575405,0.05,0,113.0,10.278325662941048
285,2017-10-13,258.222961,258.222717,0.139863,2.167727,0.0,0,118.0,10.734896632332532
286,2017-10-14,246.302292,246.302078,0.146536,2.220673,0.0,0,118.0,10.734896632332532
287,2017-10-15,252.750809,252.750595,0.155652,2.16293,0.0,0,118.0,10.734896632332532
288,2017-10-16,259.496582,259.49646,0.142232,2.343977,0.1,0,108.0,9.821754693549567
289,2017-10-17,249.840439,249.840607,0.159222,2.403133,0.0,0,118.0,10.734896632332532
290,2017-10-18,249.190308,249.190338,0.231235,2.658465,0.0,0,118.0,10.734896632332532
291,2017-10-19,252.188339,252.187988,0.288689,2.331692,0.0,0,118.0,10.734896632332532
292,2017-10-20,254.313904,254.315048,0.160247,2.488366,0.0,0,118.0,10.734896632332532
293,2017-10-21,243.042313,243.04245,0.16246,2.605784,0.0,0,118.0,10.734896632332532
294,2017-10-22,240.874374,240.874619,0.175278,2.613148,0.0,0,118.0,10.734896632332532
295,2017-10-23,267.499969,267.500732,0.170704,2.443084,0.03,0,115.0,10.460954050697643
296,2017-10-24,264.446869,264.44693,0.17464,2.58693,0.1,0,108.0,9.821754693549567
297,2017-10-25,255.758698,255.758514,0.190017,2.451025,0.0,0,118.0,10.734896632332532
298,2017-10-26,247.755707,247.755447,0.220394,2.601223,0.0,0,118.0,10.734896632332532
299,2017-10-27,244.506165,244.506378,0.115619,2.441134,0.0,0,118.0,10.734896632332532
300,2017-10-28,234.84433,234.844238,0.124034,2.286467,0.0,0,118.0,10.734896632332532
301,2017-10-29,293.805786,293.805725,0.138976,2.361274,0.97,0,39.0,3.5210753159471113
302,2017-10-30,313.57489,313.574738,1.68616,3.078656,0.09,0,109.0,9.913068887427864
303,2017-10-31,245.368546,245.368362,0.123233,2.196549,0.0,0,118.0,10.734896632332532
304,2017-11-01,242.032318,242.032318,0.127646,2.298947,0.0,0,118.0,10.734896632332532
305,2017-11-02,244.919861,244.919617,0.144642,2.22481,0.0,0,118.0,10.734896632332532
306,2017-11-03,248.661346,248.661499,0.154043,2.672941,0.0,0,118.0,10.734896632332532
307,2017-11-04,250.334549,250.334518,0.160112,2.249251,0.58,0,65.0,5.895244356782819
308,2017-11-05,298.19931,298.19928,0.762502,2.793569,0.09,0,109.0,9.913068887427864
309,2017-11-06,258.616211,258.615936,0.124366,2.04144,0.0,0,118.0,10.734896632332532
310,2017-11-07,361.913696,347.803314,0.542077,2.517815,1.07,1,30.0,2.699247571042443
311,2017-11-08,288.048035,288.048187,1.86095,2.642772,0.0,0,118.0,10.734896632332532
312,2017-11-09,258.339783,258.339905,0.108775,1.785203,0.03,0,115.0,10.460954050697643
313,2017-11-10,255.12384,255.123764,0.123452,1.944515,0.0,0,118.0,10.734896632332532
314,2017-11-11,244.066177,244.066071,0.202078,2.913687,0.0,0,118.0,10.734896632332532
315,2017-11-12,241.397964,241.398193,1.209279,4.029338,0.01,0,117.0,10.643582438454233
316,2017-11-13,258.286804,258.286926,3.187136,3.993987,0.13,0,105.0,9.547812111914677
317,2017-11-14,251.102036,251.102386,2.822155,3.445971,0.0,0,118.0,10.734896632332532
318,2017-11-15,253.314636,253.314651,1.97372,3.360523,0.0,0,118.0,10.734896632332532
319,2017-11-16,251.976822,251.977112,1.700424,3.383485,0.0,0,118.0,10.734896632332532
320,2017-11-17,247.370056,247.370193,2.078969,3.33084,0.0,0,118.0,10.734896632332532
321,2017-11-18,246.296478,246.295959,0.223979,1.874714,0.0,0,118.0,10.734896632332532
322,2017-11-19,248.970657,248.970108,0.168767,1.744171,0.07,0,111.0,10.095697275184456
323,2017-11-20,247.288223,247.288254,0.158978,1.739991,0.0,0,118.0,10.734896632332532
324,2017-11-21,244.457581,244.457199,0.162832,1.765411,0.0,0,118.0,10.734896632332532
325,2017-11-22,243.130173,243.130371,0.1729,1.781708,0.01,0,117.0,10.643582438454233
326,2017-11-23,247.004379,247.003967,0.174299,1.818606,0.0,0,118.0,10.734896632332532
327,2017-11-24,221.834732,221.834778,0.180833,2.216876,0.0,0,118.0,10.734896632332532
328,2017-11-25,233.002335,233.002243,0.175747,3.415306,0.0,0,118.0,10.734896632332532
329,2017-11-26,239.894669,239.893463,0.178907,3.965524,0.0,0,118.0,10.734896632332532
330,2017-11-27,248.449295,248.449234,0.148163,2.928718,0.0,0,118.0,10.734896632332532
331,2017-11-28,244.094803,244.094559,0.220858,1.891294,0.0,0,118.0,10.734896632332532
332,2017-11-29,244.623093,244.623535,0.200739,1.845246,0.0,0,118.0,10.734896632332532
333,2017-11-30,240.032806,240.033005,0.186307,2.293834,0.01,0,117.0,10.643582438454233
334,2017-12-01,264.465637,264.465424,0.189593,2.78492,0.0,0,118.0,10.734896632332532
335,2017-12-02,234.849167,234.848999,0.186696,1.819522,0.0,0,118.0,10.734896632332532
336,2017-12-03,236.563873,236.56369,0.193183,1.995866,0.03,0,115.0,10.460954050697643
337,2017-12-04,245.587189,245.586914,0.190423,2.20593,0.0,0,118.0,10.734896632332532
338,2017-12-05,238.846069,238.845886,0.2081,2.29466,0.07,0,111.0,10.095697275184456
339,2017-12-06,237.88472,237.884216,0.246136,2.700138,0.0,0,118.0,10.734896632332532
340,2017-12-07,237.381332,237.381073,0.183399,2.129264,0.0,0,118.0,10.734896632332532
341,2017-12-08,232.861649,232.861557,0.19196,2.47244,0.0,0,118.0,10.734896632332532
342,2017-12-09,236.731964,236.731964,0.334971,2.66451,0.18,0,100.0,9.091241142523195
343,2017-12-10,238.604858,238.605072,2.33104,3.256414,0.0,0,118.0,10.734896632332532
344,2017-12-11,236.943069,236.942856,1.605144,3.163037,0.0,0,118.0,10.734896632332532
345,2017-12-12,237.922501,237.922562,2.043947,3.456073,0.0,0,118.0,10.734896632332532
346,2017-12-13,237.949066,237.949188,0.630949,2.558644,0.0,0,118.0,10.734896632332532
347,2017-12-14,236.936935,236.936813,0.200303,2.150762,0.0,0,118.0,10.734896632332532
348,2017-12-15,231.411133,231.411133,0.205676,2.262656,0.01,0,117.0,10.643582438454233
349,2017-12-16,237.033783,237.033905,0.199183,2.366132,0.0,0,118.0,10.734896632332532
350,2017-12-17,239.411499,239.411194,0.212806,2.22037,0.0,0,118.0,10.734896632332532
351,2017-12-18,244.109558,244.109558,0.206467,4.793516,0.0,0,118.0,10.734896632332532
352,2017-12-19,240.612671,240.612732,0.319905,3.781337,0.0,0,118.0,10.734896632332532
353,2017-12-20,238.558258,238.558258,0.231226,2.12452,0.0,0,118.0,10.734896632332532
354,2017-12-21,241.83252,241.832657,0.201947,1.818058,0.0,0,118.0,10.734896632332532
355,2017-12-22,239.977829,239.977646,0.210994,2.063364,0.0,0,118.0,10.734896632332532
356,2017-12-23,243.305649,243.305466,0.201883,1.870931,0.18,0,100.0,9.091241142523195
357,2017-12-24,241.415314,241.415085,0.265105,2.158752,0.0,0,118.0,10.734896632332532
358,2017-12-25,219.41571,219.415207,0.201955,1.800301,0.0,0,118.0,10.734896632332532
359,2017-12-26,229.864258,229.863968,0.200997,1.839967,0.0,0,118.0,10.734896632332532
360,2017-12-27,243.804077,243.803894,0.206333,1.940422,0.0,0,118.0,10.734896632332532
361,2017-12-28,237.85672,237.856567,0.205764,1.988796,0.0,0,118.0,10.734896632332532
362,2017-12-29,241.761627,241.761795,0.226464,1.845698,0.0,0,118.0,10.734896632332532
363,2017-12-30,238.544037,238.544083,0.227569,1.867613,0.03,0,115.0,10.460954050697643
364,2017-12-31,243.82254,243.822327,0.209345,2.092313,0.0,0,118.0,10.734896632332532
365,2018-01-01,245.872772,245.872681,0.207199,2.274805,0.0,0,118.0,10.734896632332532
366,2018-01-02,255.694412,255.693649,0.208834,2.251209,0.0,0,118.0,10.734896632332532
367,2018-01-03,252.791885,252.79158,0.21622,2.173347,0.0,0,118.0,10.734896632332532
368,2018-01-04,272.299988,272.299713,0.199769,2.218539,0.1,0,108.0,9.821754693549567
369,2018-01-05,271.324463,271.324646,0.207716,2.317177,0.0,0,118.0,10.734896632332532
370,2018-01-06,272.835754,272.835602,0.207967,2.538671,0.0,0,118.0,10.734896632332532
371,2018-01-07,256.594238,256.593842,0.343473,2.607893,0.0,0,118.0,10.734896632332532
372,2018-01-08,255.972977,255.972778,0.289426,2.807195,0.06,0,112.0,10.187011469062753
373,2018-01-09,263.171783,263.171936,0.868732,2.469957,0.0,0,118.0,10.734896632332532
374,2018-01-10,260.999146,260.999023,0.244934,2.747859,0.0,0,118.0,10.734896632332532
375,2018-01-11,261.03241,261.032715,0.212292,2.673959,0.0,0,118.0,10.734896632332532
376,2018-01-12,292.757568,292.757599,0.290216,2.525243,0.37,0,82.0,7.447585652713859
377,2018-01-13,302.213593,302.213165,0.439618,2.830593,0.11,0,107.0,9.73044049967127
378,2018-01-14,251.053436,251.053268,0.252791,2.711189,0.0,0,118.0,10.734896632332532
379,2018-01-15,262.337646,262.337006,0.212177,2.659945,0.0,0,118.0,10.734896632332532
380,2018-01-16,254.421585,254.421707,0.288358,2.656131,0.0,0,118.0,10.734896632332532
381,2018-01-17,261.60321,261.602936,0.229307,2.592802,0.03,0,115.0,10.460954050697643
382,2018-01-18,253.501907,253.501617,0.296346,2.665587,0.0,0,118.0,10.734896632332532
383,2018-01-19,255.159164,255.158554,0.297404,2.618058,0.0,0,118.0,10.734896632332532
384,2018-01-20,253.352798,253.352921,0.307627,2.622509,0.0,0,118.0,10.734896632332532
385,2018-01-21,245.845581,245.845596,0.381741,2.569667,0.0,0,118.0,10.734896632332532
386,2018-01-22,259.259216,259.259644,0.331942,2.574215,0.0,0,118.0,10.734896632332532
387,2018-01-23,253.92337,253.923401,0.319395,2.503077,0.11,0,107.0,9.73044049967127
388,2018-01-24,249.778625,249.778519,0.276253,2.496222,0.0,0,118.0,10.734896632332532
389,2018-01-25,248.847137,248.847061,0.280554,2.451872,0.0,0,118.0,10.734896632332532
390,2018-01-26,244.495605,244.49614,0.332903,2.482531,0.0,0,118.0,10.734896632332532
391,2018-01-27,242.908768,242.908737,0.37518,2.562881,0.0,0,118.0,10.734896632332532
392,2018-01-28,256.727234,256.727051,0.454015,2.506193,0.16,0,102.0,9.273869530279788
393,2018-01-29,244.779709,244.779709,0.691685,2.414191,0.0,0,118.0,10.734896632332532
394,2018-01-30,244.512543,244.512497,0.398282,2.4518,0.0,0,118.0,10.734896632332532
395,2018-01-31,239.40892,239.408539,0.362363,2.434479,0.0,0,118.0,10.734896632332532
396,2018-02-01,237.345444,237.345398,0.387974,2.538447,0.02,0,116.0,10.552268244575938
397,2018-02-02,244.266327,244.266281,0.283184,2.554142,0.04,0,114.0,10.369639856819344
398,2018-02-03,235.790543,235.790146,0.16311,2.558408,0.0,0,118.0,10.734896632332532
399,2018-02-04,353.900085,332.240051,0.569394,2.650085,1.12,1,29.0,2.6079333771641466
400,2018-02-05,282.958893,282.958923,4.001664,2.706793,0.0,0,118.0,10.734896632332532
401,2018-02-06,261.882935,261.882599,0.158335,2.18201,0.0,0,118.0,10.734896632332532
402,2018-02-07,328.228302,328.228119,0.519888,2.729376,0.49,0,74.0,6.717072101687487
403,2018-02-08,276.992188,276.99176,2.651522,2.623243,0.0,0,118.0,10.734896632332532
404,2018-02-09,260.608368,260.608063,0.156441,2.510843,0.0,0,118.0,10.734896632332532
405,2018-02-10,369.175537,340.92688,0.748863,2.587824,1.06,1,31.0,2.7905617649207395
406,2018-02-11,542.177063,482.618958,2.232944,2.734841,1.05,1,32.0,2.881875958799036
407,2018-02-12,356.494324,356.494751,0.237437,2.109325,0.09,1,109.0,9.913068887427864
408,2018-02-13,279.474304,279.474609,0.165173,2.386778,0.0,0,118.0,10.734896632332532
409,2018-02-14,274.768951,274.769012,0.159903,2.325475,0.03,0,115.0,10.460954050697643
410,2018-02-15,268.724365,268.724243,0.201912,2.252159,0.01,0,117.0,10.643582438454233
411,2018-02-16,272.273315,272.272888,0.197992,2.338924,0.05,0,113.0,10.278325662941048
412,2018-02-17,287.002014,287.00177,0.238308,2.343174,0.42,0,79.0,7.17364307107897
413,2018-02-18,305.708374,305.708466,0.55427,2.813649,0.0,0,118.0,10.734896632332532
414,2018-02-19,269.88089,269.881104,0.208601,2.150343,0.02,0,116.0,10.552268244575938
415,2018-02-20,267.225983,267.22540300000003,0.232045,2.116393,0.0,0,118.0,10.734896632332532
416,2018-02-21,266.2005,266.20105,0.228739,2.256104,0.0,0,118.0,10.734896632332532
417,2018-02-22,263.172638,263.172211,0.226242,2.245965,0.06,0,112.0,10.187011469062753
418,2018-02-23,254.493393,254.493317,0.35538,2.803749,0.0,0,118.0,10.734896632332532
419,2018-02-24,262.372437,262.371674,0.253343,2.063856,0.16,0,102.0,9.273869530279788
420,2018-02-25,294.523682,294.524536,0.237973,2.383676,0.17,0,101.0,9.182555336401492
421,2018-02-26,272.079376,272.079681,0.199938,2.260344,0.0,0,118.0,10.734896632332532
422,2018-02-27,261.472382,261.472198,0.208198,2.33374,0.0,0,118.0,10.734896632332532
423,2018-02-28,264.043243,264.042969,0.190628,2.40483,0.0,0,118.0,10.734896632332532
424,2018-03-01,263.674103,263.674377,0.193026,2.527845,0.09,0,109.0,9.913068887427864
425,2018-03-02,269.116211,269.116364,0.193539,2.758741,0.01,0,117.0,10.643582438454233
426,2018-03-03,251.220734,251.22081,0.188105,2.342256,0.0,0,118.0,10.734896632332532
427,2018-03-04,253.929779,253.930054,0.185753,2.369078,0.0,0,118.0,10.734896632332532
428,2018-03-05,256.937592,256.937653,0.205718,2.350939,0.0,0,118.0,10.734896632332532
429,2018-03-06,262.689026,267.646454,0.353739,2.985648,0.3,0,88.0,7.995470815983638
430,2018-03-07,285.113586,285.15799,0.792923,3.399918,0.03,0,115.0,10.460954050697643
431,2018-03-08,253.511185,257.311005,0.201274,2.814045,0.0,0,118.0,10.734896632332532
432,2018-03-09,256.574097,256.576324,0.187957,2.611426,0.0,0,118.0,10.734896632332532
433,2018-03-10,248.749756,248.751404,0.175891,2.669052,0.0,0,118.0,10.734896632332532
434,2018-03-11,252.979156,252.98056,0.203977,2.861995,0.0,0,118.0,10.734896632332532
435,2018-03-12,251.797073,251.79863,0.206796,2.687633,0.01,0,117.0,10.643582438454233
436,2018-03-13,253.926804,253.928406,0.212278,2.560953,0.0,0,118.0,10.734896632332532
437,2018-03-14,245.951797,245.953796,0.206694,2.551772,0.0,0,118.0,10.734896632332532
438,2018-03-15,248.191116,251.591858,0.208384,2.944136,0.0,0,118.0,10.734896632332532
439,2018-03-16,242.883453,242.884766,0.201841,2.438674,0.0,0,118.0,10.734896632332532
440,2018-03-17,241.434875,241.43663,0.208994,2.195925,0.0,0,118.0,10.734896632332532
441,2018-03-18,234.879654,234.888168,0.211583,2.348642,0.0,0,118.0,10.734896632332532
442,2018-03-19,245.042953,250.946869,0.231556,2.027873,0.0,0,118.0,10.734896632332532
443,2018-03-20,344.200165,362.3013,1.050263,2.247005,0.87,1,45.0,4.068960479216891
444,2018-03-21,301.450409,307.41568,2.050339,2.865398,0.49,0,74.0,6.717072101687487
445,2018-03-22,309.291382,317.408905,0.260083,2.639378,0.0,0,118.0,10.734896632332532
446,2018-03-23,284.130157,284.481171,0.184256,2.622548,0.0,0,118.0,10.734896632332532
447,2018-03-24,267.452881,267.454102,0.173419,2.254861,0.0,0,118.0,10.734896632332532
448,2018-03-25,257.477417,257.479736,0.19997,2.206133,0.0,0,118.0,10.734896632332532
449,2018-03-26,260.937775,260.939758,0.209502,2.26534,0.0,0,118.0,10.734896632332532
450,2018-03-27,261.447266,261.452789,0.207193,2.307142,0.02,0,116.0,10.552268244575938
451,2018-03-28,259.532837,259.534332,0.185548,2.335432,0.1,0,108.0,9.821754693549567
452,2018-03-29,253.818344,253.770569,0.177239,2.768065,0.0,0,118.0,10.734896632332532
453,2018-03-30,261.236755,261.23822,0.176417,2.371721,0.0,0,118.0,10.734896632332532
454,2018-03-31,247.63913,247.640915,0.18906,2.287914,0.0,0,118.0,10.734896632332532
455,2018-04-01,257.832489,257.834412,0.172425,2.262595,0.0,0,118.0,10.734896632332532
456,2018-04-02,254.011673,254.013992,0.185044,2.148297,0.02,0,116.0,10.552268244575938
457,2018-04-03,253.057281,252.913452,0.182443,1.986698,0.01,0,117.0,10.643582438454233
458,2018-04-04,256.630127,256.930969,0.182481,2.059664,0.0,0,118.0,10.734896632332532
459,2018-04-05,257.019592,257.198425,0.180519,2.082431,0.0,0,118.0,10.734896632332532
460,2018-04-06,260.315796,260.178589,0.193987,2.068786,0.0,0,118.0,10.734896632332532
461,2018-04-07,248.79451,248.795929,0.195548,2.107795,0.0,0,118.0,10.734896632332532
462,2018-04-08,250.495148,250.496521,0.179207,2.190734,0.0,0,118.0,10.734896632332532
463,2018-04-09,257.886932,257.35788,0.188417,2.172915,0.02,0,116.0,10.552268244575938
464,2018-04-10,253.405884,253.407654,0.197142,2.306615,0.0,0,118.0,10.734896632332532
465,2018-04-11,251.778458,251.657333,0.185032,2.379973,0.0,0,118.0,10.734896632332532
466,2018-04-12,249.809372,250.102692,0.187286,2.427788,0.0,0,118.0,10.734896632332532
467,2018-04-13,257.017303,257.019104,0.183691,2.785493,0.0,0,118.0,10.734896632332532
468,2018-04-14,245.665207,245.666779,0.19942,3.194904,0.0,0,118.0,10.734896632332532
469,2018-04-15,261.280487,261.28891,0.205252,3.025205,0.13,0,105.0,9.547812111914677
470,2018-04-16,430.096924,477.500488,3.993293,2.979136,1.88,1,9.0,0.7816494995982177
471,2018-04-17,289.073639,347.963135,0.505724,2.907769,0.0,0,118.0,10.734896632332532
472,2018-04-18,274.461853,274.759155,0.175964,2.161259,0.0,0,118.0,10.734896632332532
473,2018-04-19,273.785675,264.299561,0.217131,2.115937,0.03,0,115.0,10.460954050697643
474,2018-04-20,257.168854,257.171051,0.381265,2.040045,0.0,0,118.0,10.734896632332532
475,2018-04-21,247.093246,247.095184,0.205284,2.101797,0.0,0,118.0,10.734896632332532
476,2018-04-22,251.720871,251.722229,0.21219,2.13551,0.0,0,118.0,10.734896632332532
477,2018-04-23,259.35202,261.588013,0.225158,2.050668,0.0,0,118.0,10.734896632332532
478,2018-04-24,274.995728,278.02356,0.226234,2.026644,0.46,0,77.0,6.991014683322376
479,2018-04-25,361.644653,381.261963,2.176389,2.844184,0.32,1,86.0,7.812842428227045
480,2018-04-26,272.56424,272.566132,0.183529,2.228911,0.0,0,118.0,10.734896632332532
481,2018-04-27,387.117279,427.242279,0.955889,2.630769,0.72,1,55.0,4.9821024179998545
482,2018-04-28,290.358643,290.360901,0.147237,2.305411,0.0,0,118.0,10.734896632332532
483,2018-04-29,275.096649,275.098053,0.170498,2.096787,0.0,0,118.0,10.734896632332532
484,2018-04-30,274.156708,274.158905,0.177277,2.045909,0.0,0,118.0,10.734896632332532
485,2018-05-01,266.323822,266.325378,0.190202,1.941246,0.0,0,118.0,10.734896632332532
486,2018-05-02,269.95578,269.957245,0.18325,2.237134,0.0,0,118.0,10.734896632332532
487,2018-05-03,271.492188,271.494049,0.188129,2.479776,0.0,0,118.0,10.734896632332532
488,2018-05-04,275.192596,275.194275,0.173096,2.953242,0.0,0,118.0,10.734896632332532
489,2018-05-05,261.736176,261.737976,0.183062,2.040045,0.0,0,118.0,10.734896632332532
490,2018-05-06,253.129349,253.131393,0.192192,2.171495,0.0,0,118.0,10.734896632332532
491,2018-05-07,257.377502,257.379364,0.194672,2.130563,0.0,0,118.0,10.734896632332532
492,2018-05-08,257.846405,257.847778,0.203943,2.145684,0.0,0,118.0,10.734896632332532
493,2018-05-09,255.86879,255.871201,0.179521,2.060207,0.0,0,118.0,10.734896632332532
494,2018-05-10,255.106873,255.108856,0.182565,2.178719,0.0,0,118.0,10.734896632332532
495,2018-05-11,252.910477,252.912445,0.205172,2.17681,0.0,0,118.0,10.734896632332532
496,2018-05-12,263.954163,263.956146,0.192595,2.165596,0.15,0,103.0,9.365183724158085
497,2018-05-13,304.177185,304.17926,0.223207,2.277341,0.52,0,71.0,6.443129520052598
498,2018-05-14,307.476196,314.32843,0.192633,2.257339,1.49,0,16.0,1.420848856746293
499,2018-05-15,380.676788,451.350677,1.626755,2.754605,0.41,1,80.0,7.264957264957266
500,2018-05-16,360.339294,381.13501,0.279689,2.711375,0.82,1,47.0,4.251588866973483
501,2018-05-17,502.778564,528.192505,0.758024,2.783406,0.97,1,39.0,3.5210753159471113
502,2018-05-18,539.348755,539.518616,0.111374,2.01052,1.01,1,36.0,3.247132734312222
503,2018-05-19,525.65271,530.075134,1.751962,5.394731,0.77,1,50.0,4.525531448608373
504,2018-05-20,403.330963,410.101288,25.054081,2.144834,0.0,1,118.0,10.734896632332532
505,2018-05-21,352.350739,352.3526,25.070557,2.463504,0.0,1,118.0,10.734896632332532
506,2018-05-22,385.733856,391.587738,0.181838,2.605506,1.23,1,26.0,2.333990795529257
507,2018-05-23,379.079926,445.940979,0.410932,2.571738,0.0,1,118.0,10.734896632332532
508,2018-05-24,312.691345,312.693329,0.16669,1.932564,0.0,0,118.0,10.734896632332532
509,2018-05-25,317.38028,317.382355,0.197349,2.04099,0.0,0,118.0,10.734896632332532
510,2018-05-26,316.114502,316.116577,0.198274,2.34937,0.03,0,115.0,10.460954050697643
511,2018-05-27,293.804138,293.805969,0.181472,2.130756,0.0,0,118.0,10.734896632332532
512,2018-05-28,279.324066,279.32608,0.183887,1.814026,0.01,0,117.0,10.643582438454233
513,2018-05-29,287.30954,287.311584,0.203078,1.997081,0.0,0,118.0,10.734896632332532
514,2018-05-30,288.870819,288.872559,0.230902,2.686857,0.0,0,118.0,10.734896632332532
515,2018-05-31,325.305908,329.8685,0.217216,2.2885,1.32,0,23.0,2.060048213894368
516,2018-06-01,352.938812,409.795319,1.126096,2.680242,0.0,1,118.0,10.734896632332532
517,2018-06-02,305.253021,305.254822,0.173981,2.429308,0.05,0,113.0,10.278325662941048
518,2018-06-03,417.772064,422.160187,0.229581,2.746747,1.65,1,11.0,0.9642778873548107
519,2018-06-04,447.610626,491.619873,0.154003,2.371196,0.0,1,118.0,10.734896632332532
520,2018-06-05,356.379242,356.381042,0.198046,2.410199,0.0,1,118.0,10.734896632332532
521,2018-06-06,318.032532,327.527802,0.203243,2.549335,0.0,0,118.0,10.734896632332532
522,2018-06-07,302.704254,302.705536,0.198682,2.693411,0.0,0,118.0,10.734896632332532
523,2018-06-08,304.926392,304.927948,0.199476,2.577436,0.96,0,40.0,3.612389509825408
524,2018-06-09,319.983795,319.985443,0.207185,2.391398,0.1,0,108.0,9.821754693549567
525,2018-06-10,300.903534,300.905884,0.19215,2.324775,0.0,0,118.0,10.734896632332532
526,2018-06-11,341.516663,356.568848,0.227784,2.582603,0.42,1,79.0,7.17364307107897
527,2018-06-12,286.440918,286.443146,0.193206,1.927039,0.0,0,118.0,10.734896632332532
528,2018-06-13,295.982178,295.983856,0.201241,2.393919,0.0,0,118.0,10.734896632332532
529,2018-06-14,291.956451,291.958832,0.720135,2.891628,0.0,0,118.0,10.734896632332532
530,2018-06-15,277.718628,277.719818,0.205962,2.669867,0.0,0,118.0,10.734896632332532
531,2018-06-16,268.983307,268.984741,0.222397,2.449567,0.0,0,118.0,10.734896632332532
532,2018-06-17,262.315521,262.317474,0.226068,2.433036,0.0,0,118.0,10.734896632332532
533,2018-06-18,277.054352,277.056213,0.222413,2.434512,0.0,0,118.0,10.734896632332532
534,2018-06-19,336.22821,352.167145,0.292813,2.548731,1.12,1,29.0,2.6079333771641466
535,2018-06-20,300.05719,310.926697,0.543253,2.744247,0.13,0,105.0,9.547812111914677
536,2018-06-21,295.537628,295.539642,0.252472,2.97863,0.0,0,118.0,10.734896632332532
537,2018-06-22,331.728424,331.730469,0.199077,3.086928,0.57,0,66.0,5.986558550661115
538,2018-06-23,284.152008,284.154327,0.208551,2.981406,0.06,0,112.0,10.187011469062753
539,2018-06-24,282.078552,282.127502,0.204274,2.790202,0.11,0,107.0,9.73044049967127
540,2018-06-25,273.918427,277.472839,0.195054,2.878201,0.0,0,118.0,10.734896632332532
541,2018-06-26,259.612579,264.431854,0.204432,2.780319,0.0,0,118.0,10.734896632332532
542,2018-06-27,275.726898,275.72934,0.213269,2.436312,0.04,0,114.0,10.369639856819344
543,2018-06-28,265.887848,265.890259,0.210577,2.394742,0.0,0,118.0,10.734896632332532
544,2018-06-29,263.7547,263.75766,0.213842,2.495631,0.0,0,118.0,10.734896632332532
545,2018-06-30,245.657608,245.660812,0.210169,2.562967,0.0,0,118.0,10.734896632332532
546,2018-07-01,250.136597,250.14093,0.224448,2.774373,0.0,0,118.0,10.734896632332532
547,2018-07-02,261.704254,261.709137,0.224966,2.843817,0.0,0,118.0,10.734896632332532
548,2018-07-03,266.580078,266.80246,0.222103,2.890904,0.0,0,118.0,10.734896632332532
549,2018-07-04,255.879471,256.055542,0.223399,2.812945,0.0,0,118.0,10.734896632332532
550,2018-07-05,259.089905,259.336731,0.220601,2.794299,0.0,0,118.0,10.734896632332532
551,2018-07-06,258.40448,258.519531,0.222503,2.711375,0.0,0,118.0,10.734896632332532
552,2018-07-07,246.097305,262.596985,0.215344,2.642902,0.0,0,118.0,10.734896632332532
553,2018-07-08,249.604202,277.784729,0.23429,2.589154,0.0,0,118.0,10.734896632332532
554,2018-07-09,254.856812,279.30545,0.230901,2.514035,0.0,0,118.0,10.734896632332532
555,2018-07-10,211.180542,211.18277,0.215166,2.551263,0.0,0,118.0,10.734896632332532
556,2018-07-11,293.186768,293.188629,0.212957,2.670078,0.0,0,118.0,10.734896632332532
557,2018-07-12,272.618744,272.619843,0.229902,2.512531,0.0,0,118.0,10.734896632332532
558,2018-07-13,251.676712,251.677109,0.230646,2.488947,0.0,0,118.0,10.734896632332532
559,2018-07-14,233.922287,237.144302,0.23306,2.451727,0.0,0,118.0,10.734896632332532
560,2018-07-15,237.075104,237.075165,0.231105,2.39288,0.0,0,118.0,10.734896632332532
561,2018-07-16,249.921234,249.921173,0.24217,2.470934,0.0,0,118.0,10.734896632332532
562,2018-07-17,301.112885,325.137482,0.345515,2.584523,2.79,0,5.0,0.41639272408503175
563,2018-07-18,262.270813,313.070496,1.015342,3.004685,0.0,0,118.0,10.734896632332532
564,2018-07-19,253.197693,253.825699,0.187357,2.679818,0.0,0,118.0,10.734896632332532
565,2018-07-20,244.243225,244.270447,0.210673,2.568722,0.0,0,118.0,10.734896632332532
566,2018-07-21,363.6987,366.717438,0.619983,2.703864,4.0,1,1.0,0.05113594857184602
567,2018-07-22,502.751953,529.798462,0.386223,2.723042,1.35,1,22.0,1.9687340200160715
568,2018-07-23,449.364624,491.174805,0.234389,2.475338,0.06,1,112.0,10.187011469062753
569,2018-07-24,399.661896,418.091064,0.215581,2.845385,0.32,1,86.0,7.812842428227045
570,2018-07-25,379.119293,386.429626,0.191609,2.558285,0.67,1,59.0,5.34735919351304
571,2018-07-26,419.884552,472.420441,0.172125,2.666192,0.0,1,118.0,10.734896632332532
572,2018-07-27,329.312317,329.31601,0.165554,2.690995,0.0,0,118.0,10.734896632332532
573,2018-07-28,290.150116,290.155029,0.188418,2.702769,0.0,0,118.0,10.734896632332532
574,2018-07-29,284.63208,284.636597,0.146202,2.735504,0.0,0,118.0,10.734896632332532
575,2018-07-30,331.352509,362.432556,0.089599,2.760578,0.51,1,72.0,6.534443713930894
576,2018-07-31,301.782501,302.055786,0.269308,3.142381,0.03,0,115.0,10.460954050697643
577,2018-08-01,383.280182,394.691498,0.434132,3.070504,0.25,1,93.0,8.452041785375119
578,2018-08-02,411.16629,436.978088,0.262555,2.965549,1.03,1,34.0,3.064504346555629
579,2018-08-03,381.054352,429.818024,0.447517,2.354901,0.31,1,87.0,7.90415662210534
580,2018-08-04,347.871918,351.002716,0.510966,2.410713,0.11,1,107.0,9.73044049967127
581,2018-08-05,318.655029,318.65979,0.427444,2.246775,0.0,0,118.0,10.734896632332532
582,2018-08-06,314.043701,314.047638,0.566843,2.530146,0.18,0,100.0,9.091241142523195
583,2018-08-07,336.531921,336.537018,0.574094,2.563272,0.12,1,106.0,9.639126305792974
584,2018-08-08,308.513214,319.196381,0.251557,2.842004,0.0,0,118.0,10.734896632332532
585,2018-08-09,298.646515,298.652405,0.089858,2.502713,0.0,0,118.0,10.734896632332532
586,2018-08-10,300.555176,300.561005,0.090135,2.732788,0.0,0,118.0,10.734896632332532
587,2018-08-11,289.19104,289.197144,0.089849,2.767154,0.01,0,117.0,10.643582438454233
588,2018-08-12,302.956482,302.962799,0.088438,2.613456,0.36,0,83.0,7.538899846592155
589,2018-08-13,297.609985,297.615631,0.08811,2.694346,0.0,0,118.0,10.734896632332532
590,2018-08-14,291.955475,297.968658,0.087236,2.602581,0.0,0,118.0,10.734896632332532
591,2018-08-15,289.744995,289.750122,0.087652,2.641443,0.0,0,118.0,10.734896632332532
592,2018-08-16,285.08374,285.088989,0.09228,2.665556,0.0,0,118.0,10.734896632332532
593,2018-08-17,291.18103,291.186737,0.091756,2.714397,0.0,0,118.0,10.734896632332532
594,2018-08-18,285.752289,285.758087,0.091139,2.643919,0.0,0,118.0,10.734896632332532
595,2018-08-19,275.803711,275.810181,0.088835,2.550766,0.0,0,118.0,10.734896632332532
596,2018-08-20,276.866699,276.872223,0.089083,2.611907,0.0,0,118.0,10.734896632332532
597,2018-08-21,377.943359,381.854736,0.312952,2.826618,2.46,1,7.0,0.5990211118416247
598,2018-08-22,380.806244,463.006897,0.421836,2.834943,0.02,1,116.0,10.552268244575938
599,2018-08-23,309.699371,331.662323,0.090725,2.49956,0.0,0,118.0,10.734896632332532
600,2018-08-24,284.465088,284.468109,0.088358,2.44626,0.0,0,118.0,10.734896632332532
601,2018-08-25,273.969086,273.972382,0.088295,2.461102,0.0,0,118.0,10.734896632332532
602,2018-08-26,272.114807,272.118713,0.091155,2.479405,0.0,0,118.0,10.734896632332532
603,2018-08-27,295.638184,297.214935,0.091934,2.529786,0.0,0,118.0,10.734896632332532
604,2018-08-28,291.770294,291.774994,0.092984,2.866067,0.0,0,118.0,10.734896632332532
605,2018-08-29,298.823029,298.967743,0.092553,2.638026,0.0,0,118.0,10.734896632332532
606,2018-08-30,292.250885,292.260223,0.092394,2.610393,0.04,0,114.0,10.369639856819344
607,2018-08-31,301.621063,301.648529,0.092013,2.694902,0.3,0,88.0,7.995470815983638
608,2018-09-01,318.358459,318.364655,0.092967,2.928369,0.81,0,48.0,4.342903060851779
609,2018-09-02,293.055725,293.061279,0.093874,2.674118,0.0,0,118.0,10.734896632332532
610,2018-09-03,283.384766,283.391052,0.093318,2.410066,0.0,0,118.0,10.734896632332532
611,2018-09-04,304.594666,304.607117,0.09306,2.419493,0.0,0,118.0,10.734896632332532
612,2018-09-05,296.183929,305.448059,0.125819,2.477687,0.0,0,118.0,10.734896632332532
613,2018-09-06,295.574951,295.582184,0.091924,2.658828,0.0,0,118.0,10.734896632332532
614,2018-09-07,314.76651,319.766296,0.090413,2.714893,2.89,0,4.0,0.3250785302067354
615,2018-09-08,386.955597,465.903748,1.020276,3.182444,0.45,1,78.0,7.082328877200673
616,2018-09-09,476.993164,521.138733,0.085798,3.028036,1.59,1,13.0,1.1469062751114034
617,2018-09-10,390.928101,466.65097,0.080599,2.682968,0.02,1,116.0,10.552268244575938
618,2018-09-11,344.715912,345.91333,0.338636,2.698323,0.0,1,118.0,10.734896632332532
619,2018-09-12,364.569244,364.572327,0.089302,2.897062,0.01,1,117.0,10.643582438454233
620,2018-09-13,357.647247,357.65033,0.089956,3.189546,0.0,1,118.0,10.734896632332532
621,2018-09-14,322.69812,324.354095,0.088914,2.821571,0.0,0,118.0,10.734896632332532
622,2018-09-15,315.601105,315.605042,0.089143,2.859728,0.0,0,118.0,10.734896632332532
623,2018-09-16,308.276062,308.279449,0.08955,2.846024,0.0,0,118.0,10.734896632332532
624,2018-09-17,360.457336,360.461334,0.088994,2.857784,1.26,1,24.0,2.1513624077726643
625,2018-09-18,492.456299,531.615234,0.819626,3.260972,0.22,1,96.0,8.725984367010009
626,2018-09-19,358.894318,377.617706,0.089056,2.690227,0.0,1,118.0,10.734896632332532
627,2018-09-20,330.764038,330.767883,0.088676,2.715186,0.0,0,118.0,10.734896632332532
628,2018-09-21,332.937042,332.940613,0.088199,2.756414,0.28,1,90.0,8.17809920374023
629,2018-09-22,320.648926,320.652618,0.088914,2.817437,0.01,0,117.0,10.643582438454233
630,2018-09-23,405.092743,405.095856,0.097841,2.995996,0.71,1,56.0,5.073416611878151
631,2018-09-24,402.308655,413.805908,0.09561,3.146124,0.29,1,89.0,8.086785009861934
632,2018-09-25,419.298615,419.301422,0.088709,3.088892,0.1,1,108.0,9.821754693549567
633,2018-09-26,398.021881,398.024384,0.093319,3.031519,0.19,1,99.0,8.999926948644898
634,2018-09-27,410.754089,440.7966,0.15497,3.163284,0.59,1,64.0,5.803930162904523
635,2018-09-28,499.958862,528.769836,0.124007,3.129769,0.31,1,87.0,7.90415662210534
636,2018-09-29,381.09317,387.394501,0.090248,2.821102,0.0,1,118.0,10.734896632332532
637,2018-09-30,345.335724,345.338806,0.090458,2.85341,0.0,1,118.0,10.734896632332532
638,2018-10-01,348.737335,349.367371,0.092013,3.06764,0.0,1,118.0,10.734896632332532
639,2018-10-02,341.484497,341.487,0.092615,3.321754,0.0,1,118.0,10.734896632332532
640,2018-10-03,326.10611,326.109741,4.83628,2.733027,0.0,0,118.0,10.734896632332532
641,2018-10-04,329.036224,329.039429,0.2036,3.609631,0.0,0,118.0,10.734896632332532
642,2018-10-05,321.99057,321.993652,0.403264,3.319958,0.0,0,118.0,10.734896632332532
643,2018-10-06,301.808533,301.811798,0.456108,3.505799,0.0,0,118.0,10.734896632332532
644,2018-10-07,308.332825,308.336121,0.092133,2.857953,0.0,0,118.0,10.734896632332532
645,2018-10-08,307.701447,307.705353,0.091139,2.826134,0.0,0,118.0,10.734896632332532
646,2018-10-09,312.293274,312.296631,0.091809,2.920252,0.0,0,118.0,10.734896632332532
647,2018-10-10,310.090515,310.094116,0.091724,3.097341,0.0,0,118.0,10.734896632332532
648,2018-10-11,371.875549,378.948669,0.08901,3.23107,1.51,1,15.0,1.3295346628679963
649,2018-10-12,375.480621,433.450012,0.43751,3.2791,0.0,1,118.0,10.734896632332532
650,2018-10-13,298.305786,298.30957,0.091281,2.87868,0.02,0,116.0,10.552268244575938
651,2018-10-14,297.110748,297.114471,0.091536,2.906455,0.01,0,117.0,10.643582438454233
652,2018-10-15,328.821259,328.824005,0.091956,2.97586,0.18,0,100.0,9.091241142523195
653,2018-10-16,309.853699,309.856598,0.101948,2.977721,0.0,0,118.0,10.734896632332532
654,2018-10-17,300.68042,300.683319,0.102022,3.108035,0.0,0,118.0,10.734896632332532
655,2018-10-18,293.102631,293.104614,0.092331,3.313893,0.0,0,118.0,10.734896632332532
656,2018-10-19,300.617218,302.800415,0.094307,3.347052,0.02,0,116.0,10.552268244575938
657,2018-10-20,290.932709,290.948944,0.096509,3.168411,0.07,0,111.0,10.095697275184456
658,2018-10-21,283.963562,283.965973,0.112876,3.313696,0.0,0,118.0,10.734896632332532
659,2018-10-22,292.172699,292.175415,0.094352,3.349596,0.0,0,118.0,10.734896632332532
660,2018-10-23,289.456421,289.459625,0.094204,3.199381,0.0,0,118.0,10.734896632332532
661,2018-10-24,278.304504,278.364502,0.092876,2.934881,0.0,0,118.0,10.734896632332532
662,2018-10-25,274.75885,273.812683,0.106688,2.859372,0.0,0,118.0,10.734896632332532
663,2018-10-26,301.852051,300.838318,0.098331,2.85873,0.74,0,53.0,4.799474030243261
664,2018-10-27,442.474731,442.844635,0.228696,2.922217,0.49,1,74.0,6.717072101687487
665,2018-10-28,303.811584,303.465515,0.115595,2.760968,0.02,0,116.0,10.552268244575938
666,2018-10-29,295.623474,312.985718,0.104125,2.962986,0.0,0,118.0,10.734896632332532
667,2018-10-30,278.34317,279.783112,0.156917,3.284169,0.0,0,118.0,10.734896632332532
668,2018-10-31,276.559784,276.376282,0.237089,3.095766,0.0,0,118.0,10.734896632332532
669,2018-11-01,283.371063,283.64209,0.330225,3.173331,0.0,0,118.0,10.734896632332532
670,2018-11-02,293.684235,294.360046,0.387254,3.03876,0.75,0,52.0,4.708159836364965
671,2018-11-03,366.512634,407.693939,0.785063,3.584703,0.03,1,115.0,10.460954050697643
672,2018-11-04,281.301666,281.526794,0.716674,3.439389,0.0,0,118.0,10.734896632332532
673,2018-11-05,418.428497,450.554199,0.776897,4.043745,1.44,1,19.0,1.694791438381182
674,2018-11-06,447.628906,492.157471,1.023889,3.994117,0.79,1,49.0,4.4342172547300756
675,2018-11-07,363.74411,389.971985,1.031673,4.172392,0.0,1,118.0,10.734896632332532
676,2018-11-08,321.495636,321.199432,1.03215,4.049977,0.0,0,118.0,10.734896632332532
677,2018-11-09,376.968018,377.275604,0.969164,3.591275,0.54,1,69.0,6.260501132296005
678,2018-11-10,329.577698,329.885956,1.084921,4.218723,0.0,0,118.0,10.734896632332532
679,2018-11-11,310.416351,310.532135,1.315102,3.91407,0.0,0,118.0,10.734896632332532
680,2018-11-12,342.93927,343.941833,1.485801,4.106992,0.6,1,63.0,5.712615969026226
681,2018-11-13,470.815643,503.438965,1.238538,4.732038,0.34,1,85.0,7.721528234348749
682,2018-11-14,339.093811,339.350098,0.198264,2.712329,0.0,1,118.0,10.734896632332532
683,2018-11-15,419.476074,420.975861,0.318966,2.92397,1.15,1,28.0,2.51661918328585
684,2018-11-16,476.95755,520.184021,0.36403,3.06513,0.05,1,113.0,10.278325662941048
685,2018-11-17,349.420837,350.091919,0.09935,2.664629,0.0,1,118.0,10.734896632332532
686,2018-11-18,327.538147,327.222412,0.123271,2.662636,0.0,0,118.0,10.734896632332532
687,2018-11-19,329.572632,329.712646,0.127993,2.649016,0.0,0,118.0,10.734896632332532
688,2018-11-20,322.092926,322.100647,0.148486,2.775434,0.0,0,118.0,10.734896632332532
689,2018-11-21,316.314331,316.318237,0.16386,2.678597,0.0,0,118.0,10.734896632332532
690,2018-11-22,296.81723,296.821869,0.176249,2.609078,0.0,0,118.0,10.734896632332532
691,2018-11-23,271.130707,271.134155,0.134472,2.560672,0.0,0,118.0,10.734896632332532
692,2018-11-24,382.00824,387.633118,0.371553,2.722921,1.42,1,20.0,1.7861056322594784
693,2018-11-25,382.448883,461.020966,0.529781,2.923611,0.0,1,118.0,10.734896632332532
694,2018-11-26,408.579285,411.085449,0.111334,2.728486,0.45,1,78.0,7.082328877200673
695,2018-11-27,344.141113,364.39389,0.105776,2.78124,0.0,1,118.0,10.734896632332532
696,2018-11-28,330.173096,330.178955,0.120534,2.722119,0.0,0,118.0,10.734896632332532
697,2018-11-29,312.659271,312.664093,0.13625,2.707954,0.0,0,118.0,10.734896632332532
698,2018-11-30,312.936493,312.940765,0.130998,2.811469,0.01,0,117.0,10.643582438454233
699,2018-12-01,322.814941,322.818634,0.139712,2.755563,0.21,0,97.0,8.817298560888306
700,2018-12-02,334.046753,334.04953,0.134466,2.666039,0.11,1,107.0,9.73044049967127
701,2018-12-03,307.849884,307.852936,0.137992,2.491029,0.0,0,118.0,10.734896632332532
702,2018-12-04,309.24527,309.248749,0.130484,2.739808,0.0,0,118.0,10.734896632332532
703,2018-12-05,306.281616,306.285583,0.144485,2.773142,0.0,0,118.0,10.734896632332532
704,2018-12-06,298.979553,298.984222,0.142311,2.588143,0.0,0,118.0,10.734896632332532
705,2018-12-07,299.194031,299.198151,0.152324,2.693355,0.0,0,118.0,10.734896632332532
706,2018-12-08,291.999542,292.004822,0.167299,2.544761,0.0,0,118.0,10.734896632332532
707,2018-12-09,293.369293,293.374207,0.194028,2.618947,0.0,0,118.0,10.734896632332532
708,2018-12-10,305.2547,305.259888,0.192848,2.716536,0.0,0,118.0,10.734896632332532
709,2018-12-11,290.693878,290.69873,0.210382,2.780983,0.0,0,118.0,10.734896632332532
710,2018-12-12,294.230347,294.23526,0.214127,2.772828,0.0,0,118.0,10.734896632332532
711,2018-12-13,286.262939,286.268097,0.220838,2.50493,0.0,0,118.0,10.734896632332532
712,2018-12-14,318.199707,318.204895,0.250442,1.905678,0.29,0,89.0,8.086785009861934
713,2018-12-15,480.585144,482.294861,1.968481,2.997303,2.55,1,6.0,0.5077069179633282
714,2018-12-16,527.380554,530.998352,0.217289,2.416364,0.6,1,63.0,5.712615969026226
715,2018-12-17,438.642181,466.320313,0.208706,2.460123,0.0,1,118.0,10.734896632332532
716,2018-12-18,363.839233,363.844025,0.128686,2.740129,0.0,1,118.0,10.734896632332532
717,2018-12-19,339.907928,339.911835,0.145402,2.714924,0.0,1,118.0,10.734896632332532
718,2018-12-20,371.935394,371.940033,0.166003,2.655403,0.36,1,83.0,7.538899846592155
719,2018-12-21,406.893738,415.731903,0.873289,2.949145,0.17,1,101.0,9.182555336401492
720,2018-12-22,346.503601,346.508484,0.199463,2.458994,0.0,1,118.0,10.734896632332532
721,2018-12-23,323.763397,323.768463,0.20575,2.332373,0.02,0,116.0,10.552268244575938
722,2018-12-24,318.231903,318.237732,0.232829,2.326516,0.0,0,118.0,10.734896632332532
723,2018-12-25,291.137512,291.143402,0.219885,2.279174,0.0,0,118.0,10.734896632332532
724,2018-12-26,288.734894,288.740967,0.212469,2.27256,0.0,0,118.0,10.734896632332532
725,2018-12-27,304.635345,304.640961,0.159736,2.440453,0.01,0,117.0,10.643582438454233
726,2018-12-28,470.048828,485.146179,1.326577,2.716309,1.02,1,35.0,3.155818540433926
727,2018-12-29,352.071106,376.413086,1.351661,2.28502,0.0,1,118.0,10.734896632332532
728,2018-12-30,318.856689,318.861603,0.891728,2.676366,0.0,0,118.0,10.734896632332532
729,2018-12-31,389.619568,389.668091,1.848162,3.129216,0.48,1,75.0,6.808386295565784
730,2019-01-01,353.501434,353.506378,1.2293,2.837594,0.0,1,118.0,10.734896632332532
731,2019-01-02,335.949921,356.874756,0.111504,2.510368,0.0,1,118.0,10.734896632332532
732,2019-01-03,324.758087,325.223724,0.120251,2.533591,0.0,0,118.0,10.734896632332532
733,2019-01-04,327.171082,327.176788,0.132949,2.41539,0.04,0,114.0,10.369639856819344
734,2019-01-05,320.877747,320.883026,0.130021,2.53306,0.04,0,114.0,10.369639856819344
735,2019-01-06,308.380341,308.386536,0.128462,2.491374,0.0,0,118.0,10.734896632332532
736,2019-01-07,304.931976,304.937988,0.11358,2.627832,0.0,0,118.0,10.734896632332532
737,2019-01-08,333.639587,333.644989,0.21353,2.893736,0.24,1,94.0,8.543355979253416
738,2019-01-09,321.50296,321.509216,0.250246,2.958642,0.0,0,118.0,10.734896632332532
739,2019-01-10,300.4216,300.427368,0.120443,2.799671,0.0,0,118.0,10.734896632332532
740,2019-01-11,303.000671,312.995178,0.139093,2.992466,0.0,0,118.0,10.734896632332532
741,2019-01-12,288.360809,288.366669,0.152345,3.196232,0.13,0,105.0,9.547812111914677
742,2019-01-13,307.73877,307.744629,0.174714,3.121772,0.71,0,56.0,5.073416611878151
743,2019-01-14,327.872711,327.878418,0.185512,3.059206,0.0,0,118.0,10.734896632332532
744,2019-01-15,322.649353,322.655548,0.143348,2.913043,0.0,0,118.0,10.734896632332532
745,2019-01-16,318.586853,318.592926,0.165693,2.870445,0.0,0,118.0,10.734896632332532
746,2019-01-17,323.274933,323.280182,0.153497,2.92732,0.09,0,109.0,9.913068887427864
747,2019-01-18,337.530029,337.536255,0.15323,3.008785,0.02,1,116.0,10.552268244575938
748,2019-01-19,360.3685,360.374756,0.138998,2.772773,0.61,1,62.0,5.62130177514793
749,2019-01-20,474.051575,511.325958,0.948103,3.116655,0.19,1,99.0,8.999926948644898
750,2019-01-21,356.167938,356.174438,0.162368,2.591044,0.0,1,118.0,10.734896632332532
751,2019-01-22,335.52829,335.53418,0.149664,2.418303,0.0,1,118.0,10.734896632332532
752,2019-01-23,335.925049,335.931061,0.216848,2.506085,0.0,1,118.0,10.734896632332532
753,2019-01-24,469.61554,480.236511,0.324251,3.029656,1.03,1,34.0,3.064504346555629
754,2019-01-25,378.856781,422.414764,0.370277,2.919855,0.0,1,118.0,10.734896632332532
755,2019-01-26,337.595642,337.59787,0.221915,2.750879,0.0,1,118.0,10.734896632332532
756,2019-01-27,331.991394,331.993286,0.37274,2.74613,0.0,0,118.0,10.734896632332532
757,2019-01-28,326.81131,326.812866,0.511388,2.549134,0.0,0,118.0,10.734896632332532
758,2019-01-29,339.636963,339.638672,0.657527,2.668344,0.2,1,98.0,8.908612754766603
759,2019-01-30,306.970001,306.971405,0.912979,2.553405,0.0,0,118.0,10.734896632332532
760,2019-01-31,309.237671,309.239868,0.483622,2.743986,0.0,0,118.0,10.734896632332532
761,2019-02-01,307.773132,307.774994,0.118046,3.339862,0.05,0,113.0,10.278325662941048
762,2019-02-02,303.009796,303.011658,0.135984,2.807371,0.0,0,118.0,10.734896632332532
763,2019-02-03,305.079803,305.081909,0.200081,2.311599,0.0,0,118.0,10.734896632332532
764,2019-02-04,302.451782,312.220001,0.399912,2.230259,0.0,0,118.0,10.734896632332532
765,2019-02-05,313.573456,316.09082,0.305805,2.875998,0.0,0,118.0,10.734896632332532
766,2019-02-06,311.700806,311.706512,0.160224,3.050138,0.03,0,115.0,10.460954050697643
767,2019-02-07,301.11731,301.123383,0.182881,2.785112,0.0,0,118.0,10.734896632332532
768,2019-02-08,303.002502,303.009125,0.179011,2.680473,0.0,0,118.0,10.734896632332532
769,2019-02-09,299.441895,299.448242,0.193484,2.602644,0.0,0,118.0,10.734896632332532
770,2019-02-10,301.684723,301.690277,0.191648,2.735101,0.11,0,107.0,9.73044049967127
771,2019-02-11,375.874451,375.88028,0.379586,3.20789,0.35,1,84.0,7.630214040470451
772,2019-02-12,454.389282,454.394165,0.647419,3.178581,0.68,1,58.0,5.256044999634744
773,2019-02-13,362.910034,362.915558,0.91394,2.940256,0.0,1,118.0,10.734896632332532
774,2019-02-14,339.401459,339.407471,0.185889,2.656339,0.0,1,118.0,10.734896632332532
775,2019-02-15,327.975281,334.667816,0.183682,3.010275,0.0,0,118.0,10.734896632332532
776,2019-02-16,310.943481,310.94873,0.177514,2.938891,0.0,0,118.0,10.734896632332532
777,2019-02-17,317.696381,317.702209,0.184685,2.628839,0.21,0,97.0,8.817298560888306
778,2019-02-18,389.845337,389.85144,1.262138,3.076794,0.25,1,93.0,8.452041785375119
779,2019-02-19,325.703918,325.710358,0.336545,2.034956,0.0,0,118.0,10.734896632332532
780,2019-02-20,357.645721,357.649597,0.212383,2.864474,0.73,1,54.0,4.890788224121558
781,2019-02-21,403.365662,403.371185,1.005809,3.25502,0.0,1,118.0,10.734896632332532
782,2019-02-22,361.792542,361.798126,0.518774,3.056879,0.02,1,116.0,10.552268244575938
783,2019-02-23,357.592743,357.598816,0.210428,2.814145,0.15,1,103.0,9.365183724158085
784,2019-02-24,481.827759,507.13974,1.99174,3.156032,0.94,1,41.0,3.703703703703704
785,2019-02-25,359.307068,359.312958,0.658037,2.910105,0.0,1,118.0,10.734896632332532
786,2019-02-26,328.969055,328.975311,0.29632,3.056542,0.0,0,118.0,10.734896632332532
787,2019-02-27,329.491882,329.49765,0.387812,3.31806,0.0,0,118.0,10.734896632332532
788,2019-02-28,326.285919,326.291992,0.508757,3.325418,0.0,0,118.0,10.734896632332532
789,2019-03-01,383.875793,383.881897,0.426463,3.282146,0.64,1,61.0,5.5299875812696335
790,2019-03-02,411.083984,411.090088,2.444241,3.152572,0.05,1,113.0,10.278325662941048
791,2019-03-03,388.976929,421.155182,0.221566,3.076643,0.52,1,71.0,6.443129520052598
792,2019-03-04,427.362305,448.240265,2.367732,3.15008,0.01,1,117.0,10.643582438454233
793,2019-03-05,355.242188,355.248047,0.316015,3.259235,0.0,1,118.0,10.734896632332532
794,2019-03-06,341.941895,341.947693,0.347854,2.996239,0.0,1,118.0,10.734896632332532
795,2019-03-07,328.332275,328.338806,0.241434,3.093995,0.0,0,118.0,10.734896632332532
796,2019-03-08,350.24942,350.254974,0.22594,3.133716,0.21,1,97.0,8.817298560888306
797,2019-03-09,335.663605,335.669373,0.793891,3.143974,0.07,1,111.0,10.095697275184456
798,2019-03-10,419.569946,419.575928,1.435528,3.066432,0.41,1,80.0,7.264957264957266
799,2019-03-11,350.275574,366.392365,0.231669,3.045185,0.0,1,118.0,10.734896632332532
800,2019-03-12,342.781769,342.787872,0.19748,2.931703,0.0,1,118.0,10.734896632332532
801,2019-03-13,321.272827,321.278839,0.205626,2.915725,0.0,0,118.0,10.734896632332532
802,2019-03-14,319.910797,319.916351,0.201388,2.961979,0.0,0,118.0,10.734896632332532
803,2019-03-15,327.390747,327.395355,0.537645,2.971428,0.0,0,118.0,10.734896632332532
804,2019-03-16,314.817932,314.822876,2.140667,3.006126,0.0,0,118.0,10.734896632332532
805,2019-03-17,310.87558,310.881104,2.041599,2.963165,0.0,0,118.0,10.734896632332532
806,2019-03-18,307.093658,307.099701,1.433159,2.998225,0.0,0,118.0,10.734896632332532
807,2019-03-19,303.002441,303.007233,0.441175,3.00169,0.0,0,118.0,10.734896632332532
808,2019-03-20,304.666412,304.6698,0.36399,2.97111,0.0,0,118.0,10.734896632332532
809,2019-03-21,442.673798,444.757904,2.150466,3.011691,1.96,1,8.0,0.6903353057199212
810,2019-03-22,495.624817,529.140137,1.135865,3.057395,0.09,1,109.0,9.913068887427864
811,2019-03-23,378.799011,379.069305,1.430163,2.996372,0.0,1,118.0,10.734896632332532
812,2019-03-24,343.812897,343.818237,0.598532,3.1886,0.0,1,118.0,10.734896632332532
813,2019-03-25,342.363831,342.369446,0.679296,3.037278,0.0,1,118.0,10.734896632332532
814,2019-03-26,327.935089,327.941162,1.738434,3.113925,0.0,0,118.0,10.734896632332532
815,2019-03-27,327.797913,327.804077,2.778165,2.444033,0.0,0,118.0,10.734896632332532
816,2019-03-28,326.575867,326.581573,0.735592,3.022846,0.0,0,118.0,10.734896632332532
817,2019-03-29,325.44339,325.449524,0.243588,2.706499,0.0,0,118.0,10.734896632332532
818,2019-03-30,316.31012,316.314453,0.251371,2.341619,0.0,0,118.0,10.734896632332532
819,2019-03-31,317.464661,317.468903,0.201378,1.964914,0.04,0,114.0,10.369639856819344
820,2019-04-01,318.120331,318.126038,0.906326,2.310396,0.0,0,118.0,10.734896632332532
821,2019-04-02,314.991394,314.997498,5.842297,4.743474,0.04,0,114.0,10.369639856819344
822,2019-04-03,304.804962,304.810364,6.828876,5.762216,0.0,0,118.0,10.734896632332532
823,2019-04-04,307.45224,307.457397,6.911005,3.003778,0.0,0,118.0,10.734896632332532
824,2019-04-05,319.514099,319.520508,1.059966,2.437705,0.09,0,109.0,9.913068887427864
825,2019-04-06,301.71402,301.719269,0.260844,2.383971,0.0,0,118.0,10.734896632332532
826,2019-04-07,305.297546,305.302094,0.40413,2.31536,0.0,0,118.0,10.734896632332532
827,2019-04-08,311.258514,311.263153,0.562089,2.219202,0.03,0,115.0,10.460954050697643
828,2019-04-09,307.199921,307.204529,0.582604,2.242111,0.01,0,117.0,10.643582438454233
829,2019-04-10,303.770264,303.775787,0.256066,2.268946,0.0,0,118.0,10.734896632332532
830,2019-04-11,288.506592,288.512146,0.268763,2.270868,0.0,0,118.0,10.734896632332532
831,2019-04-12,310.594666,310.599457,0.248821,2.24793,0.05,0,113.0,10.278325662941048
832,2019-04-13,350.897552,350.902527,0.840784,2.33143,0.37,1,82.0,7.447585652713859
833,2019-04-14,305.864319,305.870148,0.212617,2.022618,0.0,0,118.0,10.734896632332532
834,2019-04-15,362.935577,390.03772,1.564662,2.298282,0.72,1,55.0,4.9821024179998545
835,2019-04-16,290.59729,290.602966,0.209312,2.053997,0.0,0,118.0,10.734896632332532
836,2019-04-17,285.28363,285.289154,0.179568,2.139404,0.0,0,118.0,10.734896632332532
837,2019-04-18,286.909332,286.914856,0.358912,2.383143,0.0,0,118.0,10.734896632332532
838,2019-04-19,326.54776,326.552856,0.199963,2.22082,0.31,0,87.0,7.90415662210534
839,2019-04-20,297.969635,297.974915,0.411791,2.026842,0.0,0,118.0,10.734896632332532
840,2019-04-21,279.844269,279.84964,0.193925,1.842313,0.0,0,118.0,10.734896632332532
841,2019-04-22,292.959747,292.965118,0.190098,1.795644,0.0,0,118.0,10.734896632332532
842,2019-04-23,298.947601,298.952789,0.211418,2.140332,0.0,0,118.0,10.734896632332532
843,2019-04-24,294.864746,294.870117,0.225902,2.209037,0.0,0,118.0,10.734896632332532
844,2019-04-25,291.976105,291.981812,0.181038,2.113278,0.0,0,118.0,10.734896632332532
845,2019-04-26,341.209106,341.214844,0.264971,2.036739,0.59,1,64.0,5.803930162904523
846,2019-04-27,295.827209,295.832794,0.901344,1.893988,0.03,0,115.0,10.460954050697643
847,2019-04-28,291.325897,291.331848,0.814409,1.084343,0.0,0,118.0,10.734896632332532
848,2019-04-29,291.860657,311.138397,1.369159,1.360018,0.0,0,118.0,10.734896632332532
849,2019-04-30,294.775665,294.782074,1.522412,0.683359,0.0,0,118.0,10.734896632332532
850,2019-05-01,282.494141,282.498749,0.301906,1.645879,0.0,0,118.0,10.734896632332532
851,2019-05-02,355.853149,367.090515,0.340395,1.706851,0.48,1,75.0,6.808386295565784
852,2019-05-03,339.529114,386.286499,4.073267,1.93772,0.0,1,118.0,10.734896632332532
853,2019-05-04,287.477631,287.482849,0.110818,1.662045,0.55,0,68.0,6.169186938417708
854,2019-05-05,427.844025,434.523407,1.344651,1.892279,0.65,1,60.0,5.438673387391337
855,2019-05-06,354.3349,405.611572,0.160246,2.002263,0.0,1,118.0,10.734896632332532
856,2019-05-07,324.349609,324.354126,0.106585,1.887543,0.0,0,118.0,10.734896632332532
857,2019-05-08,297.002502,297.00769,0.153567,2.434184,0.0,0,118.0,10.734896632332532
858,2019-05-09,293.515869,293.522095,0.116037,2.624517,0.0,0,118.0,10.734896632332532
859,2019-05-10,341.30899,341.315582,0.193989,2.54904,0.52,1,71.0,6.443129520052598
860,2019-05-11,378.764954,381.316467,2.859993,2.407264,0.41,1,80.0,7.264957264957266
861,2019-05-12,449.686951,488.813416,1.195069,2.584617,0.49,1,74.0,6.717072101687487
862,2019-05-13,458.762573,467.915497,0.103499,2.226131,0.59,1,64.0,5.803930162904523
863,2019-05-14,360.322418,360.327332,0.586337,1.998588,0.0,1,118.0,10.734896632332532
864,2019-05-15,332.98172,332.986603,0.103039,2.120212,0.0,1,118.0,10.734896632332532
865,2019-05-16,323.873383,323.878296,0.105685,2.092532,0.01,0,117.0,10.643582438454233
866,2019-05-17,332.135468,332.140686,0.103151,1.999007,0.0,0,118.0,10.734896632332532
867,2019-05-18,316.800629,316.805115,0.117086,1.855837,0.0,0,118.0,10.734896632332532
868,2019-05-19,320.974335,320.980286,0.108281,1.916184,0.24,0,94.0,8.543355979253416
869,2019-05-20,318.613739,318.619659,0.108692,1.936995,0.0,0,118.0,10.734896632332532
870,2019-05-21,302.730957,302.73822,0.107116,2.09585,0.0,0,118.0,10.734896632332532
871,2019-05-22,295.095428,295.102051,0.100906,2.036183,0.0,0,118.0,10.734896632332532
872,2019-05-23,341.147705,341.154297,0.221059,2.054984,0.31,1,87.0,7.90415662210534
873,2019-05-24,305.051483,326.162231,0.762359,2.283322,0.0,0,118.0,10.734896632332532
874,2019-05-25,288.110596,288.116913,0.095498,1.883196,0.0,0,118.0,10.734896632332532
875,2019-05-26,291.601044,291.606567,0.095761,2.189773,0.24,0,94.0,8.543355979253416
876,2019-05-27,281.160339,281.166687,0.091753,2.302905,0.0,0,118.0,10.734896632332532
877,2019-05-28,353.752716,353.760193,0.155257,2.289364,0.19,1,99.0,8.999926948644898
878,2019-05-29,308.323273,328.989594,0.092837,2.169546,0.0,0,118.0,10.734896632332532
879,2019-05-30,317.771332,317.778687,0.095518,2.245782,0.29,0,89.0,8.086785009861934
880,2019-05-31,294.117737,294.12439,0.159255,2.169213,0.0,0,118.0,10.734896632332532
881,2019-06-01,282.793121,282.799988,0.095893,2.2553010000000002,0.0,0,118.0,10.734896632332532
882,2019-06-02,312.391083,312.398438,0.095233,2.073009,0.01,0,117.0,10.643582438454233
883,2019-06-03,286.596527,305.726532,0.23968,2.519718,0.0,0,118.0,10.734896632332532
884,2019-06-04,285.417786,285.42392,0.091038,1.964527,0.0,0,118.0,10.734896632332532
885,2019-06-05,293.272644,293.278625,0.095173,2.094131,0.01,0,117.0,10.643582438454233
886,2019-06-06,287.490051,287.497162,0.08955,2.203354,0.0,0,118.0,10.734896632332532
887,2019-06-07,276.55127,276.55838,0.088656,2.200812,0.0,0,118.0,10.734896632332532
888,2019-06-08,277.573425,277.579834,0.093959,2.076341,0.0,0,118.0,10.734896632332532
889,2019-06-09,283.741394,283.74823,0.099306,1.670263,0.13,0,105.0,9.547812111914677
890,2019-06-10,336.316833,336.323792,0.094677,0.939189,0.37,1,82.0,7.447585652713859
891,2019-06-11,284.731354,284.737274,0.095231,1.258858,0.14,0,104.0,9.45649791803638
892,2019-06-12,289.333252,289.338837,0.094417,1.886156,0.08,0,110.0,10.004383081306159
893,2019-06-13,376.187744,389.780945,0.378904,2.39994,1.05,1,32.0,2.881875958799036
894,2019-06-14,291.035339,291.04071,0.157514,1.856185,0.0,0,118.0,10.734896632332532
895,2019-06-15,267.376587,267.383545,0.091,1.591688,0.0,0,118.0,10.734896632332532
896,2019-06-16,272.119324,272.125275,0.092093,1.831812,0.0,0,118.0,10.734896632332532
897,2019-06-17,322.410004,322.417603,0.103326,2.070952,0.99,0,37.0,3.3384469281905185
898,2019-06-18,349.512665,350.936371,1.364397,3.346565,1.16,1,27.0,2.425304989407554
899,2019-06-19,340.198608,390.294312,1.08738,2.866652,0.0,1,118.0,10.734896632332532
900,2019-06-20,300.653473,300.660706,0.097001,2.259274,0.08,0,110.0,10.004383081306159
901,2019-06-21,282.528076,282.537262,0.092431,2.264256,0.0,0,118.0,10.734896632332532
902,2019-06-22,274.647247,274.653839,0.090007,2.097434,0.0,0,118.0,10.734896632332532
903,2019-06-23,267.551361,267.56015,0.091118,2.022712,0.0,0,118.0,10.734896632332532
904,2019-06-24,284.535614,284.543976,0.111238,1.998225,0.02,0,116.0,10.552268244575938
905,2019-06-25,326.070953,326.078491,0.500505,2.923527,0.19,0,99.0,8.999926948644898
906,2019-06-26,282.698578,282.705902,0.090125,2.244924,0.0,0,118.0,10.734896632332532
907,2019-06-27,288.761139,288.769745,0.121882,2.769028,0.0,0,118.0,10.734896632332532
908,2019-06-28,279.312622,279.321838,1.177986,3.430431,0.0,0,118.0,10.734896632332532
909,2019-06-29,279.706665,279.716339,0.092252,3.050583,0.04,0,114.0,10.369639856819344
910,2019-06-30,264.795776,264.805054,0.091556,2.822656,0.0,0,118.0,10.734896632332532
911,2019-07-01,282.018768,282.029114,0.091397,2.590077,0.0,0,118.0,10.734896632332532
912,2019-07-02,318.207092,318.216064,0.093027,2.847882,0.42,0,79.0,7.17364307107897
913,2019-07-03,307.405029,346.608154,1.737751,3.366325,0.0,0,118.0,10.734896632332532
914,2019-07-04,295.803986,295.813141,0.091656,2.73294,0.23,0,95.0,8.634670173131713
915,2019-07-05,290.858337,290.865906,0.096404,3.190065,0.01,0,117.0,10.643582438454233
916,2019-07-06,320.107666,320.116241,0.096285,2.651325,0.72,0,55.0,4.9821024179998545
917,2019-07-07,295.365906,348.46991,0.895593,3.133302,0.0,0,118.0,10.734896632332532
918,2019-07-08,416.482666,440.927979,0.783918,3.071984,3.44,1,2.0,0.14245014245014248
919,2019-07-09,332.773682,386.831573,0.13405,3.206917,0.0,1,118.0,10.734896632332532
920,2019-07-10,315.231476,315.238373,0.093046,2.620178,0.0,0,118.0,10.734896632332532
921,2019-07-11,374.11676,374.124176,0.1398,2.998423,0.88,1,44.0,3.9776462853385937
922,2019-07-12,327.10199,350.036957,2.120628,3.199086,0.0,1,118.0,10.734896632332532
923,2019-07-13,296.561249,296.569305,0.094,2.692852,0.0,0,118.0,10.734896632332532
924,2019-07-14,289.931091,289.939789,0.093285,2.733493,0.0,0,118.0,10.734896632332532
925,2019-07-15,293.815033,293.824158,0.093046,2.75813,0.0,0,118.0,10.734896632332532
926,2019-07-16,303.415771,303.423981,0.09251,2.328161,0.0,0,118.0,10.734896632332532
927,2019-07-17,303.735382,303.744812,0.092371,2.402751,0.29,0,89.0,8.086785009861934
928,2019-07-18,296.41864,296.427002,0.14685,2.598668,0.0,0,118.0,10.734896632332532
929,2019-07-19,291.746124,291.755432,0.094437,2.213894,0.0,0,118.0,10.734896632332532
930,2019-07-20,291.832764,291.841766,0.094696,2.191026,0.0,0,118.0,10.734896632332532
931,2019-07-21,292.881622,292.890045,0.095689,2.070225,0.0,0,118.0,10.734896632332532
932,2019-07-22,299.212067,299.220703,0.09406,2.029934,0.03,0,115.0,10.460954050697643
933,2019-07-23,295.913177,295.923187,0.091676,1.974868,0.08,0,110.0,10.004383081306159
934,2019-07-24,303.373657,303.382477,0.086271,1.735118,0.37,0,82.0,7.447585652713859
935,2019-07-25,274.065155,285.507172,0.198615,2.362419,0.01,0,117.0,10.643582438454233
936,2019-07-26,277.124664,277.132874,0.091377,1.888764,0.0,0,118.0,10.734896632332532
937,2019-07-27,263.74826,263.754547,0.085199,1.682572,0.0,0,118.0,10.734896632332532
938,2019-07-28,262.087708,262.095856,0.08645,1.668678,0.0,0,118.0,10.734896632332532
939,2019-07-29,265.79953,265.808533,0.088219,1.718493,0.0,0,118.0,10.734896632332532
940,2019-07-30,268.762543,268.80307,0.091715,1.695367,0.0,0,118.0,10.734896632332532
941,2019-07-31,276.070709,276.077179,0.090324,1.845002,0.01,0,117.0,10.643582438454233
942,2019-08-01,269.40451,269.40921,0.08947,1.954066,0.0,0,118.0,10.734896632332532
943,2019-08-02,265.839447,265.84256,0.089112,1.905981,0.0,0,118.0,10.734896632332532
944,2019-08-03,258.082367,258.086334,0.093325,1.958041,0.0,0,118.0,10.734896632332532
945,2019-08-04,263.325043,263.329926,0.249727,2.997873,0.0,0,118.0,10.734896632332532
946,2019-08-05,272.772552,272.775848,0.590362,2.897475,0.0,0,118.0,10.734896632332532
947,2019-08-06,278.926453,278.929749,0.092808,2.000497,0.0,0,118.0,10.734896632332532
948,2019-08-07,331.089874,335.372284,0.095709,2.396923,0.9,1,42.0,3.795017897582001
949,2019-08-08,276.717621,312.637543,0.621083,2.748106,0.0,0,118.0,10.734896632332532
950,2019-08-09,277.396637,277.404907,0.085855,1.425756,0.0,0,118.0,10.734896632332532
951,2019-08-10,254.518387,254.527023,0.083987,1.347442,0.0,0,118.0,10.734896632332532
952,2019-08-11,253.334747,253.343491,0.087344,1.531404,0.0,0,118.0,10.734896632332532
953,2019-08-12,262.983582,262.993683,0.089073,1.560138,0.0,0,118.0,10.734896632332532
954,2019-08-13,275.514435,275.522949,0.08192,1.575637,0.12,0,106.0,9.639126305792974
955,2019-08-14,267.457733,267.466248,0.083967,1.615389,0.0,0,118.0,10.734896632332532
956,2019-08-15,271.657745,271.667603,0.08802,1.606896,0.2,0,98.0,8.908612754766603
957,2019-08-16,266.548309,266.557861,0.086411,1.651238,0.0,0,118.0,10.734896632332532
958,2019-08-17,263.233795,263.241516,0.089272,1.783369,0.0,0,118.0,10.734896632332532
959,2019-08-18,264.033203,264.04303,0.090583,1.808553,0.0,0,118.0,10.734896632332532
960,2019-08-19,271.290924,271.300629,0.095848,1.803754,0.0,0,118.0,10.734896632332532
961,2019-08-20,326.26712,329.37384,0.096895,2.01262,0.36,0,83.0,7.538899846592155
962,2019-08-21,299.872559,389.22464,1.1433,2.946836,0.01,1,117.0,10.643582438454233
963,2019-08-22,293.534393,295.224182,0.090762,2.377634,0.0,0,118.0,10.734896632332532
964,2019-08-23,337.890594,337.900024,0.15175,2.275862,0.38,1,81.0,7.356271458835563
965,2019-08-24,259.575989,259.584991,0.422733,2.758929,0.0,0,118.0,10.734896632332532
966,2019-08-25,267.340546,267.348969,0.096067,2.099376,0.0,0,118.0,10.734896632332532
967,2019-08-26,267.15506,267.163757,0.0971,2.034442,0.0,0,118.0,10.734896632332532
968,2019-08-27,262.857391,262.865936,0.092569,2.095576,0.0,0,118.0,10.734896632332532
969,2019-08-28,270.770447,270.780243,0.089074,2.233949,0.02,0,116.0,10.552268244575938
970,2019-08-29,274.637146,274.646027,0.094337,2.370506,0.0,0,118.0,10.734896632332532
971,2019-08-30,263.50824,263.519562,0.094377,2.107355,0.0,0,118.0,10.734896632332532
972,2019-08-31,249.882751,249.891602,0.088596,2.044619,0.0,0,118.0,10.734896632332532
973,2019-09-01,253.945496,253.955597,0.089073,2.027922,0.0,0,118.0,10.734896632332532
974,2019-09-02,258.71817,258.727295,0.089391,1.997287,0.05,0,113.0,10.278325662941048
975,2019-09-03,267.371368,267.381958,0.09251,2.154286,0.0,0,118.0,10.734896632332532
976,2019-09-04,286.78775,286.797028,0.092113,1.928759,0.02,0,116.0,10.552268244575938
977,2019-09-05,271.74353,271.753052,0.108583,2.432744,0.0,0,118.0,10.734896632332532
978,2019-09-06,255.612961,255.622955,0.089649,1.961697,0.0,0,118.0,10.734896632332532
979,2019-09-07,244.598938,244.608429,0.091457,1.966091,0.0,0,118.0,10.734896632332532
980,2019-09-08,247.646118,247.655823,0.090841,1.956893,0.0,0,118.0,10.734896632332532
981,2019-09-09,259.099274,259.108856,0.090662,1.913937,0.0,0,118.0,10.734896632332532
982,2019-09-10,258.812469,258.822113,0.093126,2.125659,0.0,0,118.0,10.734896632332532
983,2019-09-11,277.292633,277.301636,0.095002,2.319135,0.01,0,117.0,10.643582438454233
984,2019-09-12,271.270111,271.279968,0.092614,2.53727,0.03,0,115.0,10.460954050697643
985,2019-09-13,250.322601,250.332245,0.091572,2.431561,0.0,0,118.0,10.734896632332532
986,2019-09-14,246.601456,246.610779,0.093444,2.136441,0.0,0,118.0,10.734896632332532
987,2019-09-15,248.278122,248.287292,0.091956,2.260492,0.0,0,118.0,10.734896632332532
988,2019-09-16,265.481689,265.491058,0.149522,2.055014,0.0,0,118.0,10.734896632332532
989,2019-09-17,263.976044,263.985107,0.323862,1.693462,0.0,0,118.0,10.734896632332532
990,2019-09-18,254.637573,254.645981,0.288368,1.884218,0.0,0,118.0,10.734896632332532
991,2019-09-19,243.759308,243.767624,0.179455,1.815056,0.0,0,118.0,10.734896632332532
992,2019-09-20,252.004333,252.012146,0.085694,1.993921,0.0,0,118.0,10.734896632332532
993,2019-09-21,238.074829,238.082092,0.081505,1.942798,0.0,0,118.0,10.734896632332532
994,2019-09-22,250.195114,250.204346,0.090921,1.696173,0.0,0,118.0,10.734896632332532
995,2019-09-23,263.668854,263.677979,0.089609,1.584173,0.0,0,118.0,10.734896632332532
996,2019-09-24,248.04097,248.050049,0.127304,1.728567,0.0,0,118.0,10.734896632332532
997,2019-09-25,246.223114,246.232056,0.239877,1.270381,0.0,0,118.0,10.734896632332532
998,2019-09-26,250.858063,250.866974,0.348602,1.457512,0.0,0,118.0,10.734896632332532
999,2019-09-27,253.895752,253.9039,0.128635,1.597008,0.0,0,118.0,10.734896632332532
1000,2019-09-28,243.942963,243.951691,0.095005,1.531792,0.0,0,118.0,10.734896632332532
1001,2019-09-29,247.632355,247.640991,0.090488,2.192322,0.0,0,118.0,10.734896632332532
1002,2019-09-30,266.687317,266.695709,0.091461,1.617261,0.14,0,104.0,9.45649791803638
1003,2019-10-01,254.997498,255.005447,0.114595,2.179758,0.0,0,118.0,10.734896632332532
1004,2019-10-02,258.015717,258.025269,0.102973,1.560623,0.0,0,118.0,10.734896632332532
1005,2019-10-03,259.292206,259.301392,0.169217,1.204132,0.0,0,118.0,10.734896632332532
1006,2019-10-04,239.883438,239.892807,0.162981,1.518267,0.0,0,118.0,10.734896632332532
1007,2019-10-05,235.69545,235.70224,0.08746,1.424456,0.0,0,118.0,10.734896632332532
1008,2019-10-06,237.680527,237.687561,0.090824,1.466071,0.0,0,118.0,10.734896632332532
1009,2019-10-07,258.053802,258.060974,0.087683,1.536135,0.02,0,116.0,10.552268244575938
1010,2019-10-08,246.18251,246.189514,0.137864,1.727093,0.0,0,118.0,10.734896632332532
1011,2019-10-09,240.48143,240.488419,0.27854,1.636467,0.0,0,118.0,10.734896632332532
1012,2019-10-10,235.120941,235.128128,0.252883,1.767723,0.0,0,118.0,10.734896632332532
1013,2019-10-11,242.666077,242.673294,0.091257,2.064575,0.0,0,118.0,10.734896632332532
1014,2019-10-12,237.889481,237.896347,0.097842,2.505412,0.0,0,118.0,10.734896632332532
1015,2019-10-13,239.719604,239.72612,0.113527,2.072848,0.12,0,106.0,9.639126305792974
1016,2019-10-14,232.548645,232.554733,0.114348,1.89592,0.0,0,118.0,10.734896632332532
1017,2019-10-15,244.561478,244.5681,0.306688,2.094453,0.0,0,118.0,10.734896632332532
1018,2019-10-16,333.5065,360.796478,0.842211,2.183223,1.35,1,22.0,1.9687340200160715
1019,2019-10-17,248.667892,298.68808,0.886701,2.820937,0.0,0,118.0,10.734896632332532
1020,2019-10-18,242.380539,242.386581,0.094816,1.935349,0.0,0,118.0,10.734896632332532
1021,2019-10-19,232.437119,232.443756,0.106816,2.027786,0.0,0,118.0,10.734896632332532
1022,2019-10-20,401.963928,408.278625,0.458796,2.050142,1.6,1,12.0,1.055592081233107
1023,2019-10-21,284.934875,360.87326,0.475707,2.490338,0.0,0,118.0,10.734896632332532
1024,2019-10-22,327.513245,334.955627,0.237685,1.444066,0.58,0,65.0,5.895244356782819
1025,2019-10-23,263.791229,279.058716,0.789536,2.550638,0.0,0,118.0,10.734896632332532
1026,2019-10-24,248.660706,248.667038,0.513458,2.304382,0.0,0,118.0,10.734896632332532
1027,2019-10-25,238.801285,238.807678,0.513458,2.304382,0.0,0,118.0,10.734896632332532
1028,2019-10-26,239.958817,239.965485,0.513458,2.304382,0.0,0,118.0,10.734896632332532
1029,2019-10-27,395.641937,415.807281,0.513458,2.304382,1.48,1,17.0,1.5121630506245891
1030,2019-10-28,268.004211,314.531921,0.513458,2.304382,0.0,0,118.0,10.734896632332532
1031,2019-10-29,257.587067,257.948151,0.513458,2.304382,0.0,0,118.0,10.734896632332532
1032,2019-10-30,280.78244,280.788513,0.513458,2.304382,0.26,0,92.0,8.360727591496824
1033,2019-10-31,348.269379,348.27597,0.513458,2.304382,1.25,1,25.0,2.2426766016509605
1034,2019-11-01,380.359558,460.625244,0.513458,2.304382,0.0,1,118.0,10.734896632332532
1035,2019-11-02,272.660126,278.680145,0.513458,2.304382,0.0,0,118.0,10.734896632332532
1036,2019-11-03,248.974777,248.981277,0.513458,2.304382,0.0,0,118.0,10.734896632332532
1037,2019-11-04,251.465454,251.471863,0.513458,2.304382,0.0,0,118.0,10.734896632332532
1038,2019-11-05,248.646439,248.653091,0.513458,2.304382,0.0,0,118.0,10.734896632332532
1039,2019-11-06,247.46524,247.471451,0.513458,2.304382,0.0,0,118.0,10.734896632332532
1040,2019-11-07,249.96846,249.975204,0.513458,2.304382,0.06,0,112.0,10.187011469062753
1041,2019-11-08,236.80043,236.80661,0.513458,2.304382,0.0,0,118.0,10.734896632332532
1042,2019-11-09,243.962875,243.964752,0.513458,2.304382,0.0,0,118.0,10.734896632332532
1043,2019-11-10,239.394928,239.397003,0.513458,2.304382,0.0,0,118.0,10.734896632332532
1044,2019-11-11,249.359894,249.362045,0.513458,2.304382,0.0,0,118.0,10.734896632332532
1045,2019-11-12,245.917328,245.919312,0.513458,2.304382,0.07,0,111.0,10.095697275184456
1046,2019-11-13,247.545929,247.54805,0.513458,2.304382,0.0,0,118.0,10.734896632332532
1047,2019-11-14,246.861221,246.863266,0.513458,2.304382,0.0,0,118.0,10.734896632332532
1048,2019-11-15,236.801453,236.803375,0.513458,2.304382,0.0,0,118.0,10.734896632332532
1049,2019-11-16,239.379089,239.380951,0.513458,2.304382,0.0,0,118.0,10.734896632332532
1050,2019-11-17,239.12085,239.12262,0.513458,2.304382,0.0,0,118.0,10.734896632332532
1051,2019-11-18,257.438599,257.440491,0.513458,2.304382,0.29,0,89.0,8.086785009861934
1052,2019-11-19,266.283508,266.284943,0.16834,1.709515,0.02,0,116.0,10.552268244575938
1053,2019-11-20,246.953613,246.955963,0.10036,1.488714,0.0,0,118.0,10.734896632332532
1054,2019-11-21,242.439285,242.441177,0.105054,1.56739,0.0,0,118.0,10.734896632332532
1055,2019-11-22,256.783386,256.784821,0.10823,1.751128,0.22,0,96.0,8.725984367010009
1056,2019-11-23,249.745392,249.747147,0.110769,0.754236,0.42,0,79.0,7.17364307107897
1057,2019-11-24,341.218323,341.220367,1.742616,0.138588,0.28,1,90.0,8.17809920374023
1058,2019-11-25,258.60321,277.976776,0.109373,0.690741,0.0,0,118.0,10.734896632332532
1059,2019-11-26,249.680847,249.687393,0.143086,1.140454,0.0,0,118.0,10.734896632332532
1060,2019-11-27,247.176468,247.182709,0.103096,1.110797,0.01,0,117.0,10.643582438454233
1061,2019-11-28,240.781433,240.787796,0.0989,1.336919,0.0,0,118.0,10.734896632332532
1062,2019-11-29,217.235672,217.242157,0.096067,1.308229,0.0,0,118.0,10.734896632332532
1063,2019-11-30,231.494141,231.500854,0.10228,1.062124,0.0,0,118.0,10.734896632332532
1064,2019-12-01,300.153076,300.15979,0.316997,1.238785,0.5,0,73.0,6.625757907809191
1065,2019-12-02,274.095795,274.102173,0.572124,1.127648,0.01,0,117.0,10.643582438454233
1066,2019-12-03,254.62999,254.636246,0.109394,0.973945,0.0,0,118.0,10.734896632332532
1067,2019-12-04,247.950211,247.956604,0.11278,1.006492,0.01,0,117.0,10.643582438454233
1068,2019-12-05,244.617157,244.62355,0.099197,1.112246,0.0,0,118.0,10.734896632332532
1069,2019-12-06,237.886841,237.893219,0.098757,1.087841,0.0,0,118.0,10.734896632332532
1070,2019-12-07,242.370316,242.376846,0.101062,1.071014,0.0,0,118.0,10.734896632332532
1071,2019-12-08,243.711182,243.717514,0.10259,1.070616,0.0,0,118.0,10.734896632332532
1072,2019-12-09,337.493713,337.5,0.531459,1.061129,0.75,1,52.0,4.708159836364965
1073,2019-12-10,287.287476,287.294373,1.25209,1.106734,0.13,0,105.0,9.547812111914677
1074,2019-12-11,284.882721,299.969086,0.117794,0.853754,0.09,0,109.0,9.913068887427864
1075,2019-12-12,258.89917,258.90567,0.114205,0.892303,0.0,0,118.0,10.734896632332532
1076,2019-12-13,278.030853,278.037506,0.1133,1.063536,0.27,0,91.0,8.269413397618527
1077,2019-12-14,299.451691,299.457855,0.114186,1.145275,0.12,0,106.0,9.639126305792974
1078,2019-12-15,265.692078,265.698456,0.11231,0.84397,0.0,0,118.0,10.734896632332532
1079,2019-12-16,342.403625,342.409973,0.181207,1.060172,0.41,1,80.0,7.264957264957266
1080,2019-12-17,314.540161,314.545898,0.275735,1.196765,0.13,0,105.0,9.547812111914677
1081,2019-12-18,265.267426,265.273499,0.106716,0.74473,0.0,0,118.0,10.734896632332532
1082,2019-12-19,270.677063,270.683411,0.113281,0.952406,0.0,0,118.0,10.734896632332532
1083,2019-12-20,254.92128,254.92778,0.115623,1.202835,0.0,0,118.0,10.734896632332532
1084,2019-12-21,248.550812,248.557022,0.115537,1.210612,0.0,0,118.0,10.734896632332532
1085,2019-12-22,253.414368,253.42067,0.11632,1.185435,0.0,0,118.0,10.734896632332532
1086,2019-12-23,246.244354,246.250458,0.111602,1.059835,0.0,0,118.0,10.734896632332532
1087,2019-12-24,243.181,243.186005,0.109656,0.90752,0.0,0,118.0,10.734896632332532
1088,2019-12-25,233.639786,233.646042,0.103953,1.062627,0.0,0,118.0,10.734896632332532
1089,2019-12-26,237.671371,237.677277,0.103928,1.057364,0.0,0,118.0,10.734896632332532
1090,2019-12-27,247.732742,247.739014,0.104093,1.039605,0.0,0,118.0,10.734896632332532
1091,2019-12-28,242.053772,242.060364,0.107584,0.91907,0.0,0,118.0,10.734896632332532
1092,2019-12-29,326.478485,326.484985,0.116487,1.028385,0.6,0,63.0,5.712615969026226
1093,2019-12-30,330.899902,330.90567,0.516752,1.283349,0.26,0,92.0,8.360727591496824
1094,2019-12-31,288.509155,288.510406,0.101232,1.006434,0.0,0,118.0,10.734896632332532
