,datetime,mean_prcp_imp,prcp_1yr,prcp_2yr,prcp_5yr,int_one,int_two,int_five,1 year ,2 year,5 year,influent_flow_imp,influent_flow_east_imp,influent_flow_west_imp,complete_flow_imp,ammonia_ppm_imp,nitrate_ppm_imp,nitrite_ppm_imp,orthophosphate_imp,TIN,performance
66534,7/6/2019 23:00,0,0,0,0,0,0,0,#N/A,#N/A,#N/A,563.38,424.53,140.63,563.39,0.090026,2.749938,0.031357,0.02,2.871321,99.998225
66535,7/6/2019 23:10,0,0,0,0,0,0,0,#N/A,#N/A,#N/A,556.54,419.7,138.67,556.55,0.090026,2.749938,0.031357,0.02,2.871321,99.99820318
66536,7/6/2019 23:20,0,0,0,0,0,0,0,#N/A,#N/A,#N/A,552.24,416.14,137.88,552.25,0.090026,2.749938,0.031357,0.02,2.871321,99.99818919
66537,7/6/2019 23:30,0,0,0,0,0,0,0,#N/A,#N/A,#N/A,548.58,407.34,143.01,548.59,0.090026,2.749938,0.031357,0.02,2.871321,99.99817711
66538,7/6/2019 23:40,0,0,0,0,0,0,0,#N/A,#N/A,#N/A,541.97,399.77,143.86,541.98,0.090948,2.844248,0.031357,0.02,2.966553,99.99815488
66539,7/6/2019 23:50,0,0,0,0,0,0,0,#N/A,#N/A,#N/A,530.54,392.48,139.74,530.55,0.091934,2.943725,0.031357,0.02,3.067016,99.99811513
66540,7/7/2019 0:00,0,0,0,0,0,0,0,#N/A,#N/A,#N/A,525.9,389.17,138.54,525.91,0.091934,2.943725,0.031357,0.02,3.067016,99.9980985
66541,7/7/2019 0:10,0,0,0,0,0,0,0,#N/A,#N/A,#N/A,514.67,381.52,134.91,514.68,0.091934,2.943725,0.031357,0.02,3.067016,99.99805701
66542,7/7/2019 0:20,0,0,0,0,0,0,0,#N/A,#N/A,#N/A,503.86,373.56,132.1,503.87,0.091934,2.943725,0.031357,0.02,3.067016,99.99801532
66543,7/7/2019 0:30,0,0,0,0,0,0,0,#N/A,#N/A,#N/A,491.39,362.93,130.14,491.4,0.091934,2.943725,0.031338,0.02,3.066997,99.99796496
66544,7/7/2019 0:40,0,0,0,0,0,0,0,#N/A,#N/A,#N/A,446.78,324.02,124.3,446.79,0.091934,3.118235,0.029068,0.02,3.239237,99.99776176
66545,7/7/2019 0:50,0,0,0,0,0,0,0,#N/A,#N/A,#N/A,428.77,306.05,124.52,428.78,0.091934,3.302307,0.029068,0.02,3.423309,99.99766775
66546,7/7/2019 1:00,0,0,0,0,0,0,0,#N/A,#N/A,#N/A,415.98,293.12,124.62,415.99,0.091934,3.302307,0.029068,0.02,3.423309,99.99759604
66547,7/7/2019 1:10,0,0,0,0,0,0,0,#N/A,#N/A,#N/A,380.06,268.23,113.64,380.07,0.091934,3.302307,0.029068,0.02,3.423309,99.99736884
66548,7/7/2019 1:20,0,0,0,0,0,0,0,#N/A,#N/A,#N/A,372.86,262.04,112.56,372.86,0.091934,3.302307,0.029068,0.02,3.423309,100
66549,7/7/2019 1:30,0,0,0,0,0,0,0,#N/A,#N/A,#N/A,369.89,259.14,112.53,369.9,0.091934,3.302307,0.029084,0.02,3.423325,99.99729649
66550,7/7/2019 1:40,0,0,0,0,0,0,0,#N/A,#N/A,#N/A,367.12,256.4,112.53,367.13,0.117747,3.30305,0.030975,0.02,3.451772,99.9972761
66551,7/7/2019 1:50,0,0,0,0,0,0,0,#N/A,#N/A,#N/A,340.64,229.07,113.34,340.65,0.14534,3.303833,0.030975,0.02,3.480148,99.99706435
66552,7/7/2019 2:00,0,0,0,0,0,0,0,#N/A,#N/A,#N/A,343.05,231.18,113.64,343.05,0.14534,3.303833,0.030975,0.02,3.480148,100
66553,7/7/2019 2:10,0,0,0,0,0,0,0,#N/A,#N/A,#N/A,351.62,240.05,113.38,351.63,0.14534,3.303833,0.030975,0.02,3.480148,99.99715602
66554,7/7/2019 2:20,0,0,0,0,0,0,0,#N/A,#N/A,#N/A,348.28,237.84,112.29,348.29,0.14534,3.303833,0.030975,0.02,3.480148,99.99712875
66555,7/7/2019 2:30,0,0,0,0,0,0,0,#N/A,#N/A,#N/A,347.54,236.74,112.57,347.53,0.14534,3.303833,0.030978,0.02,3.480151,100.0028774
66556,7/7/2019 2:40,0,0,0,0,0,0,0,#N/A,#N/A,#N/A,343.71,232.81,112.77,343.73,0.389468,3.348389,0.031357,0.02,3.769214,99.99418114
66557,7/7/2019 2:50,0,0,0,0,0,0,0,#N/A,#N/A,#N/A,333.4,225.67,109.5,333.4,0.646973,3.395386,0.031357,0.02,4.073716,100
66558,7/7/2019 3:00,0,0,0,0,0,0,0,#N/A,#N/A,#N/A,302.57,214.48,90.11,302.57,0.646973,3.395386,0.031357,0.02,4.073716,100
66559,7/7/2019 3:10,0,0,0,0,0,0,0,#N/A,#N/A,#N/A,296.75,210.87,87.93,296.76,0.646973,3.395386,0.031357,0.02,4.073716,99.99663016
66560,7/7/2019 3:20,0,0,0,0,0,0,0,#N/A,#N/A,#N/A,302.22,206.11,98.14,302.22,0.646973,3.395386,0.031357,0.02,4.073716,100
66561,7/7/2019 3:30,0,0,0,0,0,0,0,#N/A,#N/A,#N/A,307.91,207.17,102.67,307.91,0.646973,3.395386,0.031354,0.02,4.073713,100
66562,7/7/2019 3:40,0,0,0,0,0,0,0,#N/A,#N/A,#N/A,304.37,205.45,100.89,304.36,0.970236,3.384989,0.030975,0.02,4.3862,100.0032855
66563,7/7/2019 3:50,0,0,0,0,0,0,0,#N/A,#N/A,#N/A,300.01,203.12,98.84,300.02,1.308822,3.374023,0.030975,0.02,4.71382,99.99666678
66564,7/7/2019 4:00,0,0,0,0,0,0,0,#N/A,#N/A,#N/A,279.87,183.95,97.88,279.87,1.308822,3.374023,0.030975,0.02,4.71382,100
66565,7/7/2019 4:10,0,0,0,0,0,0,0,#N/A,#N/A,#N/A,268.27,173.63,96.71,268.27,1.308822,3.374023,0.030975,0.02,4.71382,100
66566,7/7/2019 4:20,0,0,0,0,0,0,0,#N/A,#N/A,#N/A,256.74,159.88,98.79,256.75,1.308822,3.374023,0.030975,0.02,4.71382,99.99610501
66567,7/7/2019 4:30,0,0,0,0,0,0,0,#N/A,#N/A,#N/A,250.54,152.18,100.32,250.53,1.308822,3.374023,0.030994,0.02,4.713839,100.0039914
66568,7/7/2019 4:40,0,0,0,0,0,0,0,#N/A,#N/A,#N/A,249.15,152.15,99.02,249.16,1.651344,3.377736,0.033264,0.02,5.062344,99.99598635
66569,7/7/2019 4:50,0,0,0,0,0,0,0,#N/A,#N/A,#N/A,249.55,152.02,99.45,249.56,2.012634,3.381653,0.033264,0.02,5.427551,99.99599279
66570,7/7/2019 5:00,0,0,0,0,0,0,0,#N/A,#N/A,#N/A,245.94,148.27,99.63,245.95,2.012634,3.381653,0.033264,0.02,5.427551,99.99593397
66571,7/7/2019 5:10,0,0,0,0,0,0,0,#N/A,#N/A,#N/A,230.47,133.64,98.74,230.48,2.012634,3.381653,0.033264,0.02,5.427551,99.99566104
66572,7/7/2019 5:20,0,0,0,0,0,0,0,#N/A,#N/A,#N/A,219.29,122.63,98.74,219.3,2.012634,3.381653,0.033264,0.02,5.427551,99.99543983
66573,7/7/2019 5:30,0,0,0,0,0,0,0,#N/A,#N/A,#N/A,218,121.35,98.64,218.01,2.012634,3.381653,0.033274,0.02,5.427561,99.99541284
66574,7/7/2019 5:40,0,0,0,0,0,0,0,#N/A,#N/A,#N/A,217.78,121.61,98.23,217.79,2.247607,3.366058,0.034408,0.02,5.648073,99.99540821
66575,7/7/2019 5:50,0,0,0,0,0,0,0,#N/A,#N/A,#N/A,219.04,122.25,98.79,219.04,2.497101,3.349609,0.034408,0.02,5.881118,100
66576,7/7/2019 6:00,0,0,0,0,0,0,0,#N/A,#N/A,#N/A,220.31,123.2,99.06,221.87,2.497101,3.349609,0.034408,0.02,5.881118,99.29190686
66577,7/7/2019 6:10,0,0,0,0,0,0,0,#N/A,#N/A,#N/A,219.19,122.42,98.79,245.81,2.497101,3.349609,0.034408,0.02,5.881118,87.85528537
66578,7/7/2019 6:20,0,0,0,0,0,0,0,#N/A,#N/A,#N/A,218.72,122.29,98.43,273.33,2.497101,3.349609,0.034408,0.02,5.881118,75.03200439
66579,7/7/2019 6:30,0,0,0,0,0,0,0,#N/A,#N/A,#N/A,218.4,121.99,98.42,273.43,2.497101,3.349609,0.034414,0.02,5.881124,74.80311355
66580,7/7/2019 6:40,0,0,0,0,0,0,0,#N/A,#N/A,#N/A,219.09,121.93,99.17,279.9,2.659544,3.388224,0.035171,0.02,6.082939,72.24428317
66581,7/7/2019 6:50,0,0,0,0,0,0,0,#N/A,#N/A,#N/A,217.89,122.62,97.3,294.47,2.830887,3.428955,0.035171,0.02,6.295013,64.85382532
66582,7/7/2019 7:00,0,0,0,0,0,0,0,#N/A,#N/A,#N/A,215.69,121.58,96.07,292.68,2.830887,3.428955,0.035171,0.02,6.295013,64.30525291
66583,7/7/2019 7:10,0,0,0,0,0,0,0,#N/A,#N/A,#N/A,215.55,120.99,96.59,292.46,2.830887,3.428955,0.035171,0.02,6.295013,64.31918348
66584,7/7/2019 7:20,0,0,0,0,0,0,0,#N/A,#N/A,#N/A,216.28,120.9,97.39,293.72,2.830887,3.428955,0.035171,0.02,6.295013,64.1945626
66585,7/7/2019 7:30,0,0,0,0,0,0,0,#N/A,#N/A,#N/A,185.96,122.76,64.96,263.99,2.830887,3.428955,0.035139,0.02,6.294981,58.0393633
66586,7/7/2019 7:40,0,0,0,0,0,0,0,#N/A,#N/A,#N/A,177.41,121.22,57.96,255.16,2.907931,3.405192,0.031357,0.02,6.34448,56.17496195
66587,7/7/2019 7:50,0,0,0,0,0,0,0,#N/A,#N/A,#N/A,190.57,133.74,58.63,268.32,2.989197,3.380127,0.031357,0.02,6.400681,59.20134334
66588,7/7/2019 8:00,0,0,0,0,0,0,0,#N/A,#N/A,#N/A,206.1,148.76,59.21,284.14,2.989197,3.380127,0.031357,0.02,6.400681,62.13488598
66589,7/7/2019 8:10,0,0,0,0,0,0,0,#N/A,#N/A,#N/A,207.32,149.39,59.73,284.96,2.989197,3.380127,0.031357,0.02,6.400681,62.55064634
66590,7/7/2019 8:20,0,0,0,0,0,0,0,#N/A,#N/A,#N/A,208.93,150.41,60.42,286.31,2.989197,3.380127,0.031357,0.02,6.400681,62.96367204
66591,7/7/2019 8:30,0,0,0,0,0,0,0,#N/A,#N/A,#N/A,234.46,175.88,60.38,311.71,2.989197,3.380127,0.031354,0.02,6.400678,67.05194916
66592,7/7/2019 8:40,0,0,0,0,0,0,0,#N/A,#N/A,#N/A,255.39,187.49,69.81,332.82,2.888947,3.44696,0.030975,0.02,6.366882,69.68166334
66593,7/7/2019 8:50,0,0,0,0,0,0,0,#N/A,#N/A,#N/A,261.02,191.99,70.86,339.49,2.783203,3.517456,0.030975,0.02,6.331634,69.93716957
66594,7/7/2019 9:00,0,0,0,0,0,0,0,#N/A,#N/A,#N/A,260.01,192.09,69.87,338.56,2.783203,3.517456,0.030975,0.02,6.331634,69.78962348
66595,7/7/2019 9:10,0,0,0,0,0,0,0,#N/A,#N/A,#N/A,232.82,189.61,44.9,311.21,2.783203,3.517456,0.030975,0.02,6.331634,66.33021218
66596,7/7/2019 9:20,0,0,0,0,0,0,0,#N/A,#N/A,#N/A,235.62,181.55,55.89,313.43,2.783203,3.517456,0.030975,0.02,6.331634,66.97648756
66597,7/7/2019 9:30,0,0,0,0,0,0,0,#N/A,#N/A,#N/A,235.5,180.33,57.06,313.26,2.783203,3.517456,0.030975,0.02,6.331634,66.98089172
66598,7/7/2019 9:40,0,0,0,0,0,0,0,#N/A,#N/A,#N/A,237.51,182.27,57.01,315.2,2.459068,3.448395,0.030975,0.02,5.938438,67.28979832
66599,7/7/2019 9:50,0,0,0,0,0,0,0,#N/A,#N/A,#N/A,240.47,184.48,57.78,318.18,2.119445,3.375549,0.030975,0.02,5.525969,67.6841186
66600,7/7/2019 10:00,0,0,0,0,0,0,0,#N/A,#N/A,#N/A,239.46,183.3,58.03,317.09,2.119445,3.375549,0.030975,0.02,5.525969,67.58122442
66601,7/7/2019 10:10,0,0,0,0,0,0,0,#N/A,#N/A,#N/A,236.72,179.97,58.59,314.28,2.119445,3.375549,0.030975,0.02,5.525969,67.23555255
66602,7/7/2019 10:20,0,0,0,0,0,0,0,#N/A,#N/A,#N/A,238.49,181.94,58.3,314.93,2.119445,3.375549,0.030975,0.02,5.525969,67.94834165
66603,7/7/2019 10:30,0,0,0,0,0,0,0,#N/A,#N/A,#N/A,240.16,182.97,58.99,316.11,2.119445,3.375549,0.030969,0.02,5.525963,68.37524983
66604,7/7/2019 10:40,0,0,0,0,0,0,0,#N/A,#N/A,#N/A,243.12,184.42,60.52,318.99,1.832567,3.315399,0.030212,0.02,5.178178,68.79318855
66605,7/7/2019 10:50,0,0,0,0,0,0,0,0,0,0,274.09,216.35,59.58,349.72,1.531982,3.251953,0.030212,0.02,4.814147,72.40687365
66606,7/7/2019 11:00,0,0,0,0,0,0,0,0,0,0,281,223.35,59.4,356.85,1.531982,3.251953,0.030212,0.02,4.814147,73.00711744
66607,7/7/2019 11:10,0,0,0,0,0,0,0,0,0,0,279.18,222.53,58.49,353.73,1.531982,3.251953,0.030212,0.02,4.814147,73.29679776
66608,7/7/2019 11:20,0,0,0,0,0,0,0,0,0,0,250.25,192.78,59.21,326.7,1.531982,3.251953,0.030212,0.02,4.814147,69.45054945
66609,7/7/2019 11:30,0,0,0,0,0,0,0,0,0,0,241.84,182.92,60.72,317.97,1.531982,3.251953,0.030212,0.02,4.814147,68.52050943
66610,7/7/2019 11:40,0,0,0,0,0,0,0,0,0,0,246.37,186.24,61.92,322.44,1.262814,3.287597,0.030212,0.02,4.580623,69.12367577
66611,7/7/2019 11:50,0,0,0,0,0,0,0,0,0,0,262.41,201.66,62.58,338.57,0.978851,3.325195,0.030212,0.02,4.334258,70.97671583
66612,7/7/2019 12:00,0,0,0,0,0,0,0,0,0,0,265.6,204.33,63.1,341.63,0.978851,3.325195,0.030212,0.02,4.334258,71.37424699
66613,7/7/2019 12:10,0,0,0,0,0,0,0,0,0,0,266.02,204.96,62.92,341.83,0.978851,3.325195,0.030212,0.02,4.334258,71.5021427
66614,7/7/2019 12:20,0,0,0,0,0,0,0,0,0,0,268.94,207.34,63.59,344.53,0.978851,3.325195,0.030212,0.02,4.334258,71.89335911
66615,7/7/2019 12:30,0,0,0,0,0,0,0,0,0,0,276.31,214.97,63.29,351.69,0.978851,3.325195,0.03025,0.02,4.334296,72.71904745
66616,7/7/2019 12:40,0,0,0,0,0,0,0,0,0,0,278.06,216.18,63.89,353.4,0.728696,3.325195,0.03479,0.02,4.088681,72.90512839
66617,7/7/2019 12:50,0,0,0,0,0,0,0,0,0,0,277.38,215.31,64.07,352.55,0.463867,3.325195,0.03479,0.02,3.823852,72.89999279
66618,7/7/2019 13:00,0,0,0,0,0,0,0,0,0,0,278.03,215.91,64.17,353.09,0.463867,3.325195,0.03479,0.02,3.823852,73.00291335
66619,7/7/2019 13:10,0,0,0,0,0,0,0,0,0,0,288.91,226.36,64.62,364.04,0.463867,3.325195,0.03479,0.02,3.823852,73.99536188
66620,7/7/2019 13:20,0,0,0,0,0,0,0,0,0,0,291.37,228.82,64.63,366.11,0.463867,3.325195,0.03479,0.02,3.823852,74.34876617
66621,7/7/2019 13:30,0,0,0,0,0,0,0,0,0,0,306.66,244.17,64.5,382.37,0.463867,3.325195,0.034755,0.02,3.823817,75.31141981
66622,7/7/2019 13:40,0,0,0,0,0,0,0,0,0,0,291.9,229.04,64.86,367.47,0.313491,3.351928,0.030594,0.02,3.696013,74.11099692
66623,7/7/2019 13:50,0,0,0,0,0,0,0,0,0,0,295.88,233.57,64.45,370.68,0.154876,3.380127,0.030594,0.02,3.565597,74.71948087
66624,7/7/2019 14:00,0,0,0,0,0,0,0,0,0,0,296.42,234.32,64.25,370.88,0.154876,3.380127,0.030594,0.02,3.565597,74.8802375
66625,7/7/2019 14:10,0,0,0,0,0,0,0,0,0,0,294.62,233.29,63.49,368.74,0.154876,3.380127,0.030594,0.02,3.565597,74.84216957
66626,7/7/2019 14:20,0,0,0,0,0,0,0,0,0,0,293.67,232.77,63.06,367.74,0.154876,3.380127,0.030594,0.02,3.565597,74.77781183
66627,7/7/2019 14:30,0,0,0,0,0,0,0,0,0,0,292.94,232.19,62.92,366.64,0.154876,3.380127,0.030597,0.02,3.5656,74.84126442
66628,7/7/2019 14:40,0,0,0,0,0,0,0,0,0,0,294.15,232.89,63.48,366.66,0.124244,3.325918,0.030975,0.02,3.481137,75.34931158
66629,7/7/2019 14:50,0,0,0,0,0,0,0,0,0,0,294.18,232.45,63.97,366.7,0.091934,3.268738,0.030975,0.02,3.391647,75.34842613
66630,7/7/2019 15:00,0,0,0,0,0,0,0,0,0,0,294.72,233.23,63.62,367.04,0.091934,3.268738,0.030975,0.02,3.391647,75.46145494
66631,7/7/2019 15:10,0.013333333,0.013333333,0.01868,0.025986667,0.08,0.11208,0.15592,0.001111111,0.001556667,0.002165556,295.42,233.41,64.12,367.04,0.091934,3.268738,0.030975,0.02,3.391647,75.75655
66632,7/7/2019 15:20,0,0,0,0,0,0,0,0.001111111,0.001556667,0.002165556,298.83,237.2,63.63,370.4,0.091934,3.268738,0.030975,0.02,3.391647,76.04992805
66633,7/7/2019 15:30,0,0,0,0,0,0,0,0.001111111,0.001556667,0.002165556,301.38,238.99,64.24,372.08,0.091934,3.268738,0.030959,0.02,3.391631,76.54124361
66634,7/7/2019 15:40,0,0,0,0,0,0,0,0.001111111,0.001556667,0.002165556,302.03,239.78,63.98,372.9,0.092862,3.187795,0.029068,0.02,3.309725,76.5354435
66635,7/7/2019 15:50,0,0,0,0,0,0,0,0.001111111,0.001556667,0.002165556,303.51,241.03,64.27,374.43,0.093841,3.102417,0.029068,0.02,3.225326,76.63338934
66636,7/7/2019 16:00,0,0,0,0,0,0,0,0.001111111,0.001556667,0.002165556,301.65,239.02,64.39,372.51,0.093841,3.102417,0.029068,0.02,3.225326,76.5091994
66637,7/7/2019 16:10,0,0,0,0,0,0,0,0.001111111,0.001556667,0.002165556,303.47,240.54,64.71,373.89,0.093841,3.102417,0.029068,0.02,3.225326,76.79507035
66638,7/7/2019 16:20,0,0,0,0,0,0,0,0.001111111,0.001556667,0.002165556,304.8,241.59,64.99,375.28,0.093841,3.102417,0.029068,0.02,3.225326,76.87664042
66639,7/7/2019 16:30,0,0,0,0,0,0,0,0.001111111,0.001556667,0.002165556,309.6,245.45,65.83,379.68,0.093841,3.102417,0.029068,0.02,3.225326,77.36434109
66640,7/7/2019 16:40,0,0,0,0,0,0,0,0.001111111,0.001556667,0.002165556,310.17,245.67,66.25,380.37,0.092913,3.077911,0.029068,0.02,3.199892,77.36725022
66641,7/7/2019 16:50,0,0,0,0,0,0,0,0.001111111,0.001556667,0.002165556,309.72,244.9,66.64,379.73,0.091934,3.052063,0.029068,0.02,3.173065,77.39571226
66642,7/7/2019 17:00,0,0,0,0,0,0,0,0.001111111,0.001556667,0.002165556,310.1,244.62,67.31,380.03,0.091934,3.052063,0.029068,0.02,3.173065,77.44920993
66643,7/7/2019 17:10,0,0,0,0,0,0,0,0.001111111,0.001556667,0.002165556,311.6,245.54,67.83,381.47,0.091934,3.052063,0.029068,0.02,3.173065,77.57702182
66644,7/7/2019 17:20,0,0,0,0,0,0,0,0.001111111,0.001556667,0.002165556,311.68,245.74,67.82,381.67,0.091934,3.052063,0.029068,0.02,3.173065,77.54427618
66645,7/7/2019 17:30,0,0,0,0,0,0,0,0.001111111,0.001556667,0.002165556,313.03,247.13,67.7,383.02,0.091934,3.052063,0.029087,0.02,3.173084,77.64112066
66646,7/7/2019 17:40,0,0,0,0,0,0,0,0.001111111,0.001556667,0.002165556,311.45,245.55,67.7,381.22,0.093791,2.964437,0.031357,0.02,3.089585,77.59833039
66647,7/7/2019 17:50,0,0,0,0,0,0,0,0.001111111,0.001556667,0.002165556,310.83,245.44,67.46,380.84,0.095749,2.872009,0.031357,0.02,2.999115,77.47643406
66648,7/7/2019 18:00,0,0,0,0,0,0,0,0.001111111,0.001556667,0.002165556,311.73,245.7,68.15,381.35,0.095749,2.872009,0.031357,0.02,2.999115,77.66657043
66649,7/7/2019 18:10,0,0,0,0,0,0,0,0.001111111,0.001556667,0.002165556,310.61,244.81,67.87,380.42,0.095749,2.872009,0.031357,0.02,2.999115,77.52487042
66650,7/7/2019 18:20,0,0,0,0,0,0,0,0.001111111,0.001556667,0.002165556,310.79,244.91,67.97,380.07,0.095749,2.872009,0.031357,0.02,2.999115,77.70842048
66651,7/7/2019 18:30,0,0,0,0,0,0,0,0.001111111,0.001556667,0.002165556,310.25,244.66,67.72,379.55,0.095749,2.872009,0.031357,0.02,2.999115,77.66317486
66652,7/7/2019 18:40,0,0,0,0,0,0,0,0.001111111,0.001556667,0.002165556,312.38,244.38,70.16,381.44,0.09482,2.798492,0.031357,0.02,2.924669,77.89231065
66653,7/7/2019 18:50,0,0,0,0,0,0,0,0.001111111,0.001556667,0.002165556,314.44,243,73.6,383.74,0.093841,2.720947,0.031357,0.02,2.846145,77.96081923
66654,7/7/2019 19:00,0,0,0,0,0,0,0,0.001111111,0.001556667,0.002165556,317.58,245.52,74.27,386.78,0.093841,2.720947,0.031357,0.02,2.846145,78.21021475
66655,7/7/2019 19:10,0,0,0,0,0,0,0,0.001111111,0.001556667,0.002165556,347.41,276.38,73.13,416.32,0.093841,2.720947,0.031357,0.02,2.846145,80.16464696
66656,7/7/2019 19:20,0,0,0,0,0,0,0,0.001111111,0.001556667,0.002165556,357.66,287.36,72.46,426.37,0.093841,2.720947,0.031357,0.02,2.846145,80.7890175
66657,7/7/2019 19:30,0,0,0,0,0,0,0,0.001111111,0.001556667,0.002165556,352.87,283.97,71.08,421.74,0.093841,2.720947,0.031357,0.02,2.846145,80.48289738
66658,7/7/2019 19:40,0,0,0,0,0,0,0,0.001111111,0.001556667,0.002165556,350.79,281.99,70.68,419.34,0.09477,2.649658,0.031357,0.02,2.775785,80.45839391
66659,7/7/2019 19:50,0,0,0,0,0,0,0,0.001111111,0.001556667,0.002165556,347.3,279.13,70.03,415.93,0.095749,2.574463,0.031357,0.02,2.701569,80.23898647
66660,7/7/2019 20:00,0,0,0,0,0,0,0,0.001111111,0.001556667,0.002165556,346.24,278.91,69.13,414.76,0.095749,2.574463,0.031357,0.02,2.701569,80.21025878
66661,7/7/2019 20:10,0.01,0.01,0.01401,0.01949,0.06,0.08406,0.11694,0.001944444,0.002724167,0.003789722,342.44,276.21,68.02,410.68,0.095749,2.574463,0.031357,0.02,2.701569,80.07242145
66662,7/7/2019 20:20,0,0,0,0,0,0,0,0.001944444,0.002724167,0.003789722,331.06,265.71,67.28,399.27,0.095749,2.574463,0.031357,0.02,2.701569,79.39648402
66663,7/7/2019 20:30,0,0,0,0,0,0,0,0.001944444,0.002724167,0.003789722,325.17,260.13,67.14,393.34,0.095749,2.574463,0.031338,0.02,2.70155,79.03558139
66664,7/7/2019 20:40,0,0,0,0,0,0,0,0.001944444,0.002724167,0.003789722,323.86,258.53,67.37,392.07,0.095749,2.600453,0.029068,0.02,2.72527,78.93843019
66665,7/7/2019 20:50,0,0,0,0,0,0,0,0.001944444,0.002724167,0.003789722,324.38,259.03,67.51,392.27,0.095749,2.627868,0.029068,0.02,2.752685,79.07084284
66666,7/7/2019 21:00,0,0,0,0,0,0,0,0.001944444,0.002724167,0.003789722,322.92,257.98,66.86,390.78,0.095749,2.627868,0.029068,0.02,2.752685,78.98550725
66667,7/7/2019 21:10,0,0,0,0,0,0,0,0.001944444,0.002724167,0.003789722,323.6,258.17,67.25,391.04,0.095749,2.627868,0.029068,0.02,2.752685,79.15945612
66668,7/7/2019 21:20,0,0,0,0,0,0,0,0.001944444,0.002724167,0.003789722,322.11,257.29,66.7,389.81,0.095749,2.627868,0.029068,0.02,2.752685,78.98233523
66669,7/7/2019 21:30,0,0,0,0,0,0,0,0.001944444,0.002724167,0.003789722,316.16,251.57,66.64,383.59,0.095749,2.627868,0.029068,0.02,2.752685,78.6721913
66670,7/7/2019 21:40,0,0,0,0,0,0,0,0.001944444,0.002724167,0.003789722,312.48,248.14,66.28,379.83,0.093892,2.537271,0.029068,0.02,2.660231,78.44662058
66671,7/7/2019 21:50,0,0,0,0,0,0,0,0.001944444,0.002724167,0.003789722,312.82,248.6,66.24,380.14,0.091934,2.441711,0.029068,0.02,2.562713,78.47963685
66672,7/7/2019 22:00,0,0,0,0,0,0,0,0.001944444,0.002724167,0.003789722,313.74,249.04,66.68,380.42,0.091934,2.441711,0.029068,0.02,2.562713,78.74673296
66673,7/7/2019 22:10,0,0,0,0,0,0,0,0.001944444,0.002724167,0.003789722,314.14,249.7,66.47,380.57,0.091934,2.441711,0.029068,0.02,2.562713,78.85337748
66674,7/7/2019 22:20,0,0,0,0,0,0,0,0.001944444,0.002724167,0.003789722,312.36,248.08,66.28,378.04,0.091934,2.441711,0.029068,0.02,2.562713,78.97297989
66675,7/7/2019 22:30,0,0,0,0,0,0,0,0.001944444,0.002724167,0.003789722,313.27,248.87,66.27,378.84,0.091934,2.441711,0.029087,0.02,2.562732,79.06917356
66676,7/7/2019 22:40,0,0,0,0,0,0,0,0.001944444,0.002724167,0.003789722,311.89,247.82,66.07,377.48,0.093791,2.51597,0.031357,0.02,2.641118,78.97014973
66677,7/7/2019 22:50,0,0,0,0,0,0,0,0.001944444,0.002724167,0.003789722,312.18,247.89,66.19,377.86,0.095749,2.594299,0.031357,0.02,2.721405,78.96085592
66678,7/7/2019 23:00,0,0,0,0,0,0,0,0.001944444,0.002724167,0.003789722,312.22,247.89,66.25,377.35,0.095749,2.594299,0.031357,0.02,2.721405,79.13970918
66679,7/7/2019 23:10,0,0,0,0,0,0,0,0.001944444,0.002724167,0.003789722,312.92,248.53,66.36,378.31,0.095749,2.594299,0.031357,0.02,2.721405,79.10328518
66680,7/7/2019 23:20,0,0,0,0,0,0,0,0.001944444,0.002724167,0.003789722,311.56,247.47,66.13,376.75,0.095749,2.594299,0.031357,0.02,2.721405,79.07626139
66681,7/7/2019 23:30,0,0,0,0,0,0,0,0.001944444,0.002724167,0.003789722,311.94,248.12,65.79,377.23,0.095749,2.594299,0.031338,0.02,2.721386,79.06969289
66682,7/7/2019 23:40,0,0,0,0,0,0,0,0.001944444,0.002724167,0.003789722,311.12,247.24,65.94,376.12,0.095749,2.586873,0.029068,0.02,2.71169,79.10773978
66683,7/7/2019 23:50,0,0,0,0,0,0,0,0.001944444,0.002724167,0.003789722,309.07,246.27,64.7,374.02,0.095749,2.57904,0.029068,0.02,2.703857,78.98534313
66684,7/8/2019 0:00,0,0,0,0,0,0,0,0.001944444,0.002724167,0.003789722,311.71,247.38,66.32,376.21,0.095749,2.57904,0.029068,0.02,2.703857,79.30768984
66685,7/8/2019 0:10,0,0,0,0,0,0,0,0.001944444,0.002724167,0.003789722,311.18,247.28,65.76,376.01,0.095749,2.57904,0.029068,0.02,2.703857,79.16639887
66686,7/8/2019 0:20,0,0,0,0,0,0,0,0.001944444,0.002724167,0.003789722,303.38,239.5,65.86,348.58,0.095749,2.57904,0.029068,0.02,2.703857,85.10119322
66687,7/8/2019 0:30,0,0,0,0,0,0,0,0.001944444,0.002724167,0.003789722,299.23,235.51,65.58,327,0.095749,2.57904,0.029068,0.02,2.703857,90.71951342
66688,7/8/2019 0:40,0,0,0,0,0,0,0,0.001944444,0.002724167,0.003789722,301.52,237.02,66.27,327.67,0.095749,2.572357,0.029068,0.02,2.697174,91.32727514
66689,7/8/2019 0:50,0,0,0,0,0,0,0,0.001944444,0.002724167,0.003789722,300.75,236.76,65.83,327.01,0.095749,2.565307,0.029068,0.02,2.690124,91.26849543
66690,7/8/2019 1:00,0,0,0,0,0,0,0,0.001944444,0.002724167,0.003789722,300.44,235.89,66.43,345.31,0.095749,2.565307,0.029068,0.02,2.690124,85.06523765
66691,7/8/2019 1:10,0.006666667,0.006666667,0.00934,0.012993333,0.04,0.05604,0.07796,0.0025,0.0035025,0.0048725,299.48,235.07,66.14,360.03,0.095749,2.565307,0.029068,0.02,2.690124,79.78162148
66692,7/8/2019 1:20,0,0,0,0,0,0,0,0.0025,0.0035025,0.0048725,300.51,236.04,66.31,350.77,0.095749,2.565307,0.029068,0.02,2.690124,83.275099
66693,7/8/2019 1:30,0.013333333,0.013333333,0.01868,0.025986667,0.08,0.11208,0.15592,0.003611111,0.005059167,0.007038056,299.1,234.86,65.96,348.8,0.095749,2.565307,0.029071,0.02,2.690127,83.38348378
66694,7/8/2019 1:40,0.013333333,0.013333333,0.01868,0.025986667,0.08,0.11208,0.15592,0.004722222,0.006615833,0.009203611,300.49,235.99,66.29,351.04,0.095749,2.565307,0.029449,0.02,2.690505,83.17747679
66695,7/8/2019 1:50,0,0,0,0,0,0,0,0.004722222,0.006615833,0.009203611,297.71,233.28,66.21,347.91,0.095749,2.565307,0.029449,0.02,2.690505,83.13795304
66696,7/8/2019 2:00,0.003333333,0.003333333,0.00467,0.006496667,0.02,0.02802,0.03898,0.005,0.007005,0.009745,294.71,230.57,65.84,343.49,0.095749,2.565307,0.029449,0.02,2.690505,83.44813546
66697,7/8/2019 2:10,0.016666667,0.016666667,0.02335,0.032483333,0.1,0.1401,0.1949,0.006388889,0.008950833,0.012451944,283.67,219.64,65.72,331.78,0.095749,2.565307,0.029449,0.02,2.690505,83.04015229
66698,7/8/2019 2:20,0,0,0,0,0,0,0,0.006388889,0.008950833,0.012451944,286.65,222.88,65.45,334.19,0.095749,2.565307,0.029449,0.02,2.690505,83.41531484
66699,7/8/2019 2:30,0.016666667,0.016666667,0.02335,0.032483333,0.1,0.1401,0.1949,0.007777778,0.010896667,0.015158889,285.14,221.74,65.13,332.44,0.095749,2.565307,0.029449,0.02,2.690505,83.41165743
66700,7/8/2019 2:40,0.02,0.02,0.02802,0.03898,0.12,0.16812,0.23388,0.009444444,0.013231667,0.018407222,280.45,216.52,65.55,327.37,0.09482,2.64625,0.029449,0.02,2.770519,83.26974505
66701,7/8/2019 2:50,0,0,0,0,0,0,0,0.009444444,0.013231667,0.018407222,263.58,199.26,65.85,309.94,0.093841,2.731628,0.029449,0.02,2.854918,82.41141209
66702,7/8/2019 3:00,0.02,0.02,0.02802,0.03898,0.12,0.16812,0.23388,0.011111111,0.015566667,0.021655556,265.01,200.67,66.02,311.06,0.093841,2.731628,0.029449,0.02,2.854918,82.62329723
66703,7/8/2019 3:10,0.02,0.02,0.02802,0.03898,0.12,0.16812,0.23388,0.011666667,0.016345,0.022738333,266.59,202.03,66.23,312.51,0.093841,2.731628,0.029449,0.02,2.854918,82.77504783
66704,7/8/2019 3:20,0,0,0,0,0,0,0,0.011666667,0.016345,0.022738333,267.03,202.73,65.96,313.94,0.093841,2.731628,0.029449,0.02,2.854918,82.43268547
66705,7/8/2019 3:30,0.013333333,0.013333333,0.01868,0.025986667,0.08,0.11208,0.15592,0.012777778,0.017901667,0.024903889,266.92,201.87,66.59,314.29,0.093841,2.731628,0.029465,0.02,2.854934,82.25310955
66706,7/8/2019 3:40,0.003333333,0.003333333,0.00467,0.006496667,0.02,0.02802,0.03898,0.013055556,0.018290833,0.025445278,258.06,193.52,66.14,304.64,0.093841,2.745738,0.031357,0.02,2.870936,81.94993412
66707,7/8/2019 3:50,0,0,0,0,0,0,0,0.013055556,0.018290833,0.025445278,252.5,186.77,67.48,297.84,0.093841,2.76062,0.031357,0.02,2.885818,82.04356436
66708,7/8/2019 4:00,0,0,0,0,0,0,0,0.013055556,0.018290833,0.025445278,254.77,188.11,68.38,299.13,0.093841,2.76062,0.031357,0.02,2.885818,82.58821682
66709,7/8/2019 4:10,0,0,0,0,0,0,0,0.013055556,0.018290833,0.025445278,255.63,189.12,68.32,306.36,0.093841,2.76062,0.031357,0.02,2.885818,80.1549114
66710,7/8/2019 4:20,0,0,0,0,0,0,0,0.013055556,0.018290833,0.025445278,251.62,186.22,67.22,305.42,0.093841,2.76062,0.031357,0.02,2.885818,78.61855178
66711,7/8/2019 4:30,0,0,0,0,0,0,0,0.013055556,0.018290833,0.025445278,248.95,184.08,66.72,302.06,0.093841,2.76062,0.031338,0.02,2.885799,78.66639888
66712,7/8/2019 4:40,0,0,0,0,0,0,0,0.013055556,0.018290833,0.025445278,244.79,181.35,65.45,280.92,0.093841,2.779185,0.029068,0.02,2.902094,85.24041015
66713,7/8/2019 4:50,0,0,0,0,0,0,0,0.013055556,0.018290833,0.025445278,242.49,179.13,65.27,242.5,0.093841,2.798767,0.029068,0.02,2.921676,99.99587612
66714,7/8/2019 5:00,0,0,0,0,0,0,0,0.013055556,0.018290833,0.025445278,233.24,153.61,81.54,233.26,0.093841,2.798767,0.029068,0.02,2.921676,99.99142514
66715,7/8/2019 5:10,0,0,0,0,0,0,0,0.013055556,0.018290833,0.025445278,224.33,142.34,84.05,224.33,0.093841,2.798767,0.029068,0.02,2.921676,100
66716,7/8/2019 5:20,0,0,0,0,0,0,0,0.013055556,0.018290833,0.025445278,215.11,132.75,84.42,215.12,0.093841,2.798767,0.029068,0.02,2.921676,99.99535122
66717,7/8/2019 5:30,0,0,0,0,0,0,0,0.013055556,0.018290833,0.025445278,212.92,130.31,84.7,212.92,0.093841,2.798767,0.029087,0.02,2.921695,100
66718,7/8/2019 5:40,0,0,0,0,0,0,0,0.013055556,0.018290833,0.025445278,212.43,130.1,84.42,212.44,0.093841,2.796539,0.031357,0.02,2.921737,99.99529257
66719,7/8/2019 5:50,0,0,0,0,0,0,0,0.013055556,0.018290833,0.025445278,182.5,113.14,71.33,182.51,0.093841,2.794189,0.031357,0.02,2.919387,99.99452055
66720,7/8/2019 6:00,0,0,0,0,0,0,0,0.013055556,0.018290833,0.025445278,173.8,113.9,61.84,173.81,0.093841,2.794189,0.031357,0.02,2.919387,99.99424626
66721,7/8/2019 6:10,0,0,0,0,0,0,0,0.013055556,0.018290833,0.025445278,176.28,115.03,63.16,176.25,0.093841,2.794189,0.031357,0.02,2.919387,100.0170184
66722,7/8/2019 6:20,0,0,0,0,0,0,0,0.013055556,0.018290833,0.025445278,177.07,115.35,63.63,177.08,0.093841,2.794189,0.031357,0.02,2.919387,99.99435252
66723,7/8/2019 6:30,0,0,0,0,0,0,0,0.013055556,0.018290833,0.025445278,177.18,115.28,63.91,177.19,0.093841,2.794189,0.031338,0.02,2.919368,99.99435602
66724,7/8/2019 6:40,0,0,0,0,0,0,0,0.013055556,0.018290833,0.025445278,178.75,116.92,63.9,178.75,0.091984,2.831319,0.029068,0.02,2.952371,100
66725,7/8/2019 6:50,0,0,0,0,0,0,0,0.013055556,0.018290833,0.025445278,216.58,147.74,70.92,216.59,0.090026,2.870483,0.029068,0.02,2.989577,99.99538277
66726,7/8/2019 7:00,0.3,0.3,0.4203,0.5847,1.8,2.5218,3.5082,0.038055556,0.053315833,0.074170278,227.93,150.82,79.3,227.94,0.090026,2.870483,0.029068,0.02,2.989577,99.99561269
66727,7/8/2019 7:10,0.81,0.81,1.13481,1.57869,4.86,6.80886,9.47214,0.105555556,0.147883333,0.205727778,237.55,154.21,85.63,237.56,0.090026,2.870483,0.029068,0.02,2.989577,99.99579036
66728,7/8/2019 7:20,0,0,0,0,0,0,0,0.105555556,0.147883333,0.205727778,233.7,150.26,85.77,233.71,0.090026,2.870483,0.029068,0.02,2.989577,99.99572101
66729,7/8/2019 7:30,0.66,0.66,0.92466,1.28634,3.96,5.54796,7.71804,0.160555556,0.224938333,0.312922778,233.47,149.42,85.39,233.49,0.090026,2.870483,0.029074,0.02,2.989583,99.99143359
66730,7/8/2019 7:40,0.49,0.49,0.68649,0.95501,2.94,4.11894,5.73006,0.201388889,0.282145833,0.392506944,235.43,150.49,85.8,235.44,0.091883,2.885335,0.029831,0.02,3.007049,99.99575245
66731,7/8/2019 7:50,0,0,0,0,0,0,0,0.201388889,0.282145833,0.392506944,238.01,151.85,86.99,238.02,0.093841,2.901001,0.029831,0.02,3.024673,99.9957985
66732,7/8/2019 8:00,0.063333333,0.063333333,0.08873,0.123436667,0.38,0.53238,0.74062,0.206666667,0.28954,0.402793333,238.64,152.05,87.5,238.65,0.093841,2.901001,0.029831,0.02,3.024673,99.99580959
66733,7/8/2019 8:10,0.036666667,0.036666667,0.05137,0.071463333,0.22,0.30822,0.42878,0.208888889,0.292653333,0.407124444,266.19,171.39,95.68,266.19,0.093841,2.901001,0.029831,0.02,3.024673,100
66734,7/8/2019 8:20,0,0,0,0,0,0,0,0.208888889,0.292653333,0.407124444,308.04,209.23,99.71,308.06,0.093841,2.901001,0.029831,0.02,3.024673,99.99350734
66735,7/8/2019 8:30,0.033333333,0.033333333,0.0467,0.064966667,0.2,0.2802,0.3898,0.211666667,0.296545,0.412538333,307.12,210.26,97.69,307.13,0.093841,2.901001,0.029825,0.02,3.024667,99.99674394
66736,7/8/2019 8:40,0,0,0,0,0,0,0,0.211666667,0.296545,0.412538333,294.61,199.62,95.9,294.62,0.093841,2.918081,0.029068,0.02,3.04099,99.99660568
66737,7/8/2019 8:50,0.13,0.13,0.18213,0.25337,0.78,1.09278,1.52022,0.2225,0.3117225,0.4336525,294.31,199.31,95.96,294.32,0.093841,2.936096,0.029068,0.02,3.059005,99.99660222
66738,7/8/2019 9:00,0.14,0.14,0.19614,0.27286,0.84,1.17684,1.63716,0.234166667,0.3280675,0.456390833,329.52,233.13,97.22,329.53,0.093841,2.936096,0.029068,0.02,3.059005,99.99696528
66739,7/8/2019 9:10,0.14,0.14,0.19614,0.27286,0.84,1.17684,1.63716,0.245833333,0.3444125,0.479129167,366.12,261.01,106.29,366.14,0.093841,2.936096,0.029068,0.02,3.059005,99.99453731
66740,7/8/2019 9:20,0.26,0.26,0.36426,0.50674,1.56,2.18556,3.04044,0.2675,0.3747675,0.5213575,443.43,334.69,109.86,443.44,0.093841,2.936096,0.029068,0.02,3.059005,99.99774485
66741,7/8/2019 9:30,0.07,0.07,0.09807,0.13643,0.42,0.58842,0.81858,0.273333333,0.38294,0.532726667,539.31,425.68,114.95,539.35,0.093841,2.936096,0.029068,0.02,3.059005,99.99258312
66742,7/8/2019 9:40,0.035,0.035,0.049035,0.068215,0.21,0.29421,0.40929,0.27625,0.38702625,0.53841125,506.14,413.21,94.14,506.15,0.093841,2.952433,0.029068,0.02,3.075342,99.99802426
66743,7/8/2019 9:50,0.05,0.05,0.07005,0.09745,0.3,0.4203,0.5847,0.280416667,0.39286375,0.546532083,537.62,457.17,82.57,538.47,0.093841,2.969666,0.029068,0.02,3.092575,99.84189576
66744,7/8/2019 10:00,0.006666667,0.006666667,0.00934,0.012993333,0.04,0.05604,0.07796,0.280972222,0.393642083,0.547614861,533.5,455.5,81.7,562.4,0.093841,2.969666,0.029068,0.02,3.092575,94.58294283
66745,7/8/2019 10:10,0.008333333,0.008333333,0.011675,0.016241667,0.05,0.07005,0.09745,0.281666667,0.394615,0.548968333,524.1,444.19,81.25,577.99,0.093841,2.969666,0.029068,0.02,3.092575,89.71761114
66746,7/8/2019 10:20,0.015,0.015,0.021015,0.029235,0.09,0.12609,0.17541,0.282916667,0.39636625,0.551404583,528.74,438.8,91.33,582.92,0.093841,2.969666,0.029068,0.02,3.092575,89.75299769
66747,7/8/2019 10:30,0,0,0,0,0,0,0,0.282916667,0.39636625,0.551404583,500.34,409.62,92.17,559.14,0.093841,2.969666,0.029065,0.02,3.092572,88.24799137
66748,7/8/2019 10:40,0.001666667,0.001666667,0.002335,0.003248333,0.01,0.01401,0.01949,0.283055556,0.396560833,0.551675278,523.01,429.92,94.66,568.73,0.091984,2.779561,0.028687,0.02,2.900232,91.25829334
66749,7/8/2019 10:50,0,0,0,0,0,0,0,0.283055556,0.396560833,0.551675278,579.08,471.49,108.98,585.92,0.090026,2.57904,0.028687,0.02,2.697753,98.81881605
66750,7/8/2019 11:00,0.006666667,0.006666667,0.00934,0.012993333,0.04,0.05604,0.07796,0.283611111,0.397339167,0.552758056,575.74,467.33,109.82,576.1,0.090026,2.57904,0.028687,0.02,2.697753,99.93747178
66751,7/8/2019 11:10,0.043333333,0.043333333,0.06071,0.084456667,0.26,0.36426,0.50674,0.287222222,0.402398333,0.559796111,577.55,461.97,117.29,577.59,0.090026,2.57904,0.028687,0.02,2.697753,99.99307419
66752,7/8/2019 11:20,0,0,0,0,0,0,0,0.287222222,0.402398333,0.559796111,580.37,446.84,135.47,580.96,0.090026,2.57904,0.028687,0.02,2.697753,99.89834071
66753,7/8/2019 11:30,0.04,0.04,0.05604,0.07796,0.24,0.33624,0.46776,0.290555556,0.407068333,0.566292778,573.92,437.67,138.19,575.52,0.090026,2.57904,0.028693,0.02,2.697759,99.7212155
66754,7/8/2019 11:40,0.001666667,0.001666667,0.002335,0.003248333,0.01,0.01401,0.01949,0.290694444,0.407262917,0.566563472,572.08,435.67,138.34,573.87,0.090026,2.547852,0.029449,0.02,2.667327,99.6871067
66755,7/8/2019 11:50,0,0,0,0,0,0,0,0.290694444,0.407262917,0.566563472,573.63,440.97,134.62,574.24,0.090026,2.514954,0.029449,0.02,2.634429,99.89365968
66756,7/8/2019 12:00,0,0,0,0,0,0,0,0.290694444,0.407262917,0.566563472,569.66,438.6,132.99,571.57,0.090026,2.514954,0.029449,0.02,2.634429,99.66471228
66757,7/8/2019 12:10,0,0,0,0,0,0,0,0.290694444,0.407262917,0.566563472,577.43,448.97,130.43,578.52,0.090026,2.514954,0.029449,0.02,2.634429,99.81123253
66758,7/8/2019 12:20,0,0,0,0,0,0,0,0.290694444,0.407262917,0.566563472,581.9,453.76,130.1,581.9,0.090026,2.514954,0.029449,0.02,2.634429,100
66759,7/8/2019 12:30,0,0,0,0,0,0,0,0.290694444,0.407262917,0.566563472,576.64,449.49,129.09,576.65,0.090026,2.514954,0.029446,0.02,2.634426,99.99826582
66760,7/8/2019 12:40,0,0,0,0,0,0,0,0.290694444,0.407262917,0.566563472,573.92,446.65,129.18,573.93,0.090955,2.724365,0.029068,0.02,2.844388,99.9982576
66761,7/8/2019 12:50,0,0,0,0,0,0,0,0.290694444,0.407262917,0.566563472,574.6,448.08,128.46,575.06,0.091934,2.945251,0.029068,0.02,3.066253,99.91994431
66762,7/8/2019 13:00,0,0,0,0,0,0,0,0.290694444,0.407262917,0.566563472,575.12,448.93,128.19,575.94,0.091934,2.945251,0.029068,0.02,3.066253,99.85742106
66763,7/8/2019 13:10,0,0,0,0,0,0,0,0.290138889,0.406484583,0.565480694,582.36,457.78,126.97,582.36,0.091934,2.945251,0.029068,0.02,3.066253,100
66764,7/8/2019 13:20,0.005,0.005,0.007005,0.009745,0.03,0.04203,0.05847,0.290555556,0.407068333,0.566292778,570.66,448.21,124.77,571.7,0.091934,2.945251,0.029068,0.02,3.066253,99.81775488
66765,7/8/2019 13:30,0.005,0.005,0.007005,0.009745,0.03,0.04203,0.05847,0.289861111,0.406095417,0.564939306,566.24,442.21,126.44,566.78,0.091934,2.945251,0.029084,0.02,3.066269,99.90463408
66766,7/8/2019 13:40,0.001666667,0.001666667,0.002335,0.003248333,0.01,0.01401,0.01949,0.288888889,0.404733333,0.563044444,567.9,443.82,126.51,567.9,0.091934,3.083847,0.030975,0.02,3.206756,100
66767,7/8/2019 13:50,0.005,0.005,0.007005,0.009745,0.03,0.04203,0.05847,0.289305556,0.405317083,0.563856528,567.34,443.4,126.25,567.34,0.091934,3.229065,0.030975,0.02,3.351974,100
66768,7/8/2019 14:00,0.021666667,0.021666667,0.030355,0.042228333,0.13,0.18213,0.25337,0.290833333,0.4074575,0.566834167,583.97,460.26,125.99,583.98,0.091934,3.229065,0.030975,0.02,3.351974,99.99828758
66769,7/8/2019 14:10,0.066666667,0.066666667,0.0934,0.129933333,0.4,0.5604,0.7796,0.295,0.413295,0.574955,538.31,413.91,126.82,538.47,0.091934,3.229065,0.030975,0.02,3.351974,99.97027735
66770,7/8/2019 14:20,0,0,0,0,0,0,0,0.295,0.413295,0.574955,542.38,418.92,125.86,542.39,0.091934,3.229065,0.030975,0.02,3.351974,99.99815627
66771,7/8/2019 14:30,0.03,0.03,0.04203,0.05847,0.18,0.25218,0.35082,0.296111111,0.414851667,0.577120556,538.98,415,126.39,538.97,0.091934,3.229065,0.030959,0.02,3.351958,100.0018554
66772,7/8/2019 14:40,0.005,0.005,0.007005,0.009745,0.03,0.04203,0.05847,0.294861111,0.413100417,0.574684306,535.79,410.9,127.3,535.8,0.224196,3.229065,0.029068,0.02,3.482329,99.9981336
66773,7/8/2019 14:50,0,0,0,0,0,0,0,0.294861111,0.413100417,0.574684306,535.14,411.31,126.22,535.14,0.362777,3.229065,0.029068,0.02,3.62091,100
66774,7/8/2019 15:00,0.003333333,0.003333333,0.00467,0.006496667,0.02,0.02802,0.03898,0.293472222,0.411154583,0.571977361,531.78,407.93,126.25,531.79,0.362777,3.229065,0.029068,0.02,3.62091,99.99811952
66775,7/8/2019 15:10,0.003333333,0.003333333,0.00467,0.006496667,0.02,0.02802,0.03898,0.292083333,0.40920875,0.569270417,534.09,411.55,124.89,534.1,0.362777,3.229065,0.029068,0.02,3.62091,99.99812766
66776,7/8/2019 15:20,0,0,0,0,0,0,0,0.292083333,0.40920875,0.569270417,537.09,416.77,122.72,537.1,0.362777,3.229065,0.029068,0.02,3.62091,99.99813811
66777,7/8/2019 15:30,0,0,0,0,0,0,0,0.290972222,0.407652083,0.567104861,534.05,413.8,122.68,534.08,0.362777,3.229065,0.029071,0.02,3.620913,99.99438255
66778,7/8/2019 15:40,0.003333333,0.003333333,0.00467,0.006496667,0.02,0.02802,0.03898,0.290972222,0.407652083,0.567104861,532.11,411.54,122.97,532.11,0.806071,3.36422,0.029449,0.02,4.19974,100
66779,7/8/2019 15:50,0,0,0,0,0,0,0,0.290972222,0.407652083,0.567104861,531.51,411.54,122.31,531.51,1.276398,3.506775,0.029449,0.02,4.812622,100
66780,7/8/2019 16:00,0,0,0,0,0,0,0,0.290972222,0.407652083,0.567104861,531.69,411.73,122.33,531.9,1.276398,3.506775,0.029449,0.02,4.812622,99.9605033
66781,7/8/2019 16:10,0,0,0,0,0,0,0,0.290972222,0.407652083,0.567104861,538.28,419.05,121.59,538.29,1.276398,3.506775,0.029449,0.02,4.812622,99.99814223
66782,7/8/2019 16:20,0,0,0,0,0,0,0,0.290972222,0.407652083,0.567104861,535.47,416.84,121.07,535.48,1.276398,3.506775,0.029449,0.02,4.812622,99.99813248
66783,7/8/2019 16:30,0,0,0,0,0,0,0,0.290972222,0.407652083,0.567104861,532.94,414.03,121.17,532.95,1.276398,3.506775,0.029481,0.02,4.812654,99.99812362
66784,7/8/2019 16:40,0,0,0,0,0,0,0,0.290972222,0.407652083,0.567104861,522.44,403.45,121.11,525.94,1.714528,3.459991,0.033264,0.02,5.207783,99.33006661
66785,7/8/2019 16:50,0,0,0,0,0,0,0,0.290972222,0.407652083,0.567104861,522.64,405.42,119.26,527.44,2.176666,3.410644,0.033264,0.02,5.620574,99.0815858
66786,7/8/2019 17:00,0,0,0,0,0,0,0,0.290972222,0.407652083,0.567104861,523.81,405.83,120.05,528.22,2.176666,3.410644,0.033264,0.02,5.620574,99.15809167
66787,7/8/2019 17:10,0,0,0,0,0,0,0,0.290972222,0.407652083,0.567104861,528.86,411.37,119.47,528.97,2.176666,3.410644,0.033264,0.02,5.620574,99.97920054
66788,7/8/2019 17:20,0,0,0,0,0,0,0,0.290972222,0.407652083,0.567104861,527.37,410.48,119.03,527.6,2.176666,3.410644,0.033264,0.02,5.620574,99.95638736
66789,7/8/2019 17:30,0,0,0,0,0,0,0,0.290972222,0.407652083,0.567104861,524.42,407.66,118.92,526.02,2.176666,3.410644,0.033239,0.02,5.620549,99.69490103
66790,7/8/2019 17:40,0,0,0,0,0,0,0,0.290972222,0.407652083,0.567104861,524.46,407.25,119.39,526.91,2.533401,3.40099,0.030212,0.02,5.964603,99.53285284
66791,7/8/2019 17:50,0,0,0,0,0,0,0,0.290972222,0.407652083,0.567104861,512.73,394.59,120.39,522.55,2.907181,3.390808,0.030212,0.02,6.328201,98.08476196
66792,7/8/2019 18:00,0,0,0,0,0,0,0,0.290972222,0.407652083,0.567104861,503.03,384.98,120.48,534.84,2.907181,3.390808,0.030212,0.02,6.328201,93.67632149
66793,7/8/2019 18:10,0,0,0,0,0,0,0,0.290972222,0.407652083,0.567104861,544.58,425.96,120.75,546.82,2.907181,3.390808,0.030212,0.02,6.328201,99.58867384
66794,7/8/2019 18:20,0,0,0,0,0,0,0,0.290972222,0.407652083,0.567104861,533.64,417.03,118.8,533.66,2.907181,3.390808,0.030212,0.02,6.328201,99.99625216
66795,7/8/2019 18:30,0,0,0,0,0,0,0,0.290972222,0.407652083,0.567104861,530.85,414.46,118.67,530.86,2.907181,3.390808,0.030218,0.02,6.328207,99.99811623
66796,7/8/2019 18:40,0,0,0,0,0,0,0,0.290972222,0.407652083,0.567104861,531.54,415.69,118.14,531.55,2.91277,3.411601,0.030975,0.02,6.355346,99.99811867
66797,7/8/2019 18:50,0,0,0,0,0,0,0,0.290972222,0.407652083,0.567104861,527.38,411.85,117.65,527.71,2.918625,3.433533,0.030975,0.02,6.383133,99.93742652
66798,7/8/2019 19:00,0,0,0,0,0,0,0,0.265972222,0.372627083,0.518379861,526.95,412.01,117.16,527.41,2.918625,3.433533,0.030975,0.02,6.383133,99.91270519
66799,7/8/2019 19:10,0,0,0,0,0,0,0,0.198472222,0.278059583,0.386822361,527.76,413.59,116.43,527.97,2.918625,3.433533,0.030975,0.02,6.383133,99.96020919
66800,7/8/2019 19:20,0,0,0,0,0,0,0,0.198472222,0.278059583,0.386822361,522.46,409.16,115.58,525.56,2.918625,3.433533,0.030975,0.02,6.383133,99.40665314
66801,7/8/2019 19:30,0,0,0,0,0,0,0,0.143472222,0.201004583,0.279627361,518.96,406.14,115,525.17,2.918625,3.433533,0.030972,0.02,6.38313,98.80337598
66802,7/8/2019 19:40,0,0,0,0,0,0,0,0.102638889,0.143797083,0.200043194,515.03,402.95,114.32,525.12,2.801733,3.458038,0.030594,0.02,6.290365,98.04089082
66803,7/8/2019 19:50,0,0,0,0,0,0,0,0.102638889,0.143797083,0.200043194,512.72,401.46,113.5,525.27,2.678298,3.483886,0.030594,0.02,6.192778,97.55227024
66804,7/8/2019 20:00,0,0,0,0,0,0,0,0.097361111,0.136402917,0.189756806,507.55,397.08,112.63,525.15,2.678298,3.483886,0.030594,0.02,6.192778,96.53236134
66805,7/8/2019 20:10,0,0,0,0,0,0,0,0.094305556,0.132122083,0.183801528,503.22,393.78,111.68,525.69,2.678298,3.483886,0.030594,0.02,6.192778,95.53475617
66806,7/8/2019 20:20,0,0,0,0,0,0,0,0.094305556,0.132122083,0.183801528,497.78,389.27,110.7,525.06,2.678298,3.483886,0.030594,0.02,6.192778,94.51966732
66807,7/8/2019 20:30,0,0,0,0,0,0,0,0.091527778,0.128230417,0.178387639,477.85,368.47,111.43,521.15,2.678298,3.483886,0.030604,0.02,6.192788,90.93857905
66808,7/8/2019 20:40,0,0,0,0,0,0,0,0.091527778,0.128230417,0.178387639,455.48,345.94,111.72,525.14,2.415637,3.583735,0.031738,0.02,6.03111,84.70624396
66809,7/8/2019 20:50,0,0,0,0,0,0,0,0.080694444,0.113052917,0.157273472,456.63,347.05,111.85,525.9,2.140426,3.688354,0.031738,0.02,5.860518,84.83016885
66810,7/8/2019 21:00,0,0,0,0,0,0,0,0.069027778,0.096707917,0.134535139,456.01,346.45,111.74,525.96,2.140426,3.688354,0.031738,0.02,5.860518,84.66042411
66811,7/8/2019 21:10,0,0,0,0,0,0,0,0.057361111,0.080362917,0.111796806,454.64,345.42,111.36,525.85,2.140426,3.688354,0.031738,0.02,5.860518,84.33705789
66812,7/8/2019 21:20,0,0,0,0,0,0,0,0.035694444,0.050007917,0.069568472,452.75,343.91,111.01,525.27,2.140426,3.688354,0.031738,0.02,5.860518,83.9823302
66813,7/8/2019 21:30,0,0,0,0,0,0,0,0.029861111,0.041835417,0.058199306,428.49,340.85,90,517.8,2.140426,3.688354,0.031773,0.02,5.860553,79.15703984
66814,7/8/2019 21:40,0,0,0,0,0,0,0,0.026944444,0.037749167,0.052514722,421.89,327.15,97.18,519.19,1.897325,3.727847,0.035934,0.02,5.661106,76.93711631
66815,7/8/2019 21:50,0,0,0,0,0,0,0,0.022777778,0.031911667,0.044393889,440.32,344.65,98.08,531.48,1.642608,3.769226,0.035934,0.02,5.447768,79.296875
66816,7/8/2019 22:00,0,0,0,0,0,0,0,0.022222222,0.031133333,0.043311111,452.6,357.48,97.62,537.45,1.642608,3.769226,0.035934,0.02,5.447768,81.25276182
66817,7/8/2019 22:10,0,0,0,0,0,0,0,0.021527778,0.030160417,0.041957639,465.99,370.15,98.2,537.59,1.642608,3.769226,0.035934,0.02,5.447768,84.63486341
66818,7/8/2019 22:20,0,0,0,0,0,0,0,0.020277778,0.028409167,0.039521389,457.4,362.99,96.73,534.64,1.642608,3.769226,0.035934,0.02,5.447768,83.1132488
66819,7/8/2019 22:30,0,0,0,0,0,0,0,0.020277778,0.028409167,0.039521389,456.06,361.47,96.93,535.45,1.642608,3.769226,0.03588,0.02,5.447714,82.59220278
66820,7/8/2019 22:40,0,0,0,0,0,0,0,0.020138889,0.028214583,0.039250694,456.08,362.27,96,535.65,1.408691,3.770716,0.029449,0.02,5.208856,82.55349939
66821,7/8/2019 22:50,0,0,0,0,0,0,0,0.020138889,0.028214583,0.039250694,451.55,358.46,95.06,535.06,1.161957,3.772278,0.029449,0.02,4.963684,81.50592404
66822,7/8/2019 23:00,0,0,0,0,0,0,0,0.019583333,0.02743625,0.038167917,447.5,356.02,93.49,535.2,1.161957,3.772278,0.029449,0.02,4.963684,80.40223464
66823,7/8/2019 23:10,0,0,0,0,0,0,0,0.015972222,0.022377083,0.031129861,443.71,353.26,92.36,535.35,1.161957,3.772278,0.029449,0.02,4.963684,79.3468707
66824,7/8/2019 23:20,0,0,0,0,0,0,0,0.015972222,0.022377083,0.031129861,436.72,349.01,89.67,532.5,1.161957,3.772278,0.029449,0.02,4.963684,78.06832753
66825,7/8/2019 23:30,0,0,0,0,0,0,0,0.012638889,0.017707083,0.024633194,430.19,344.21,87.97,529.64,1.161957,3.772278,0.029487,0.02,4.963722,76.88230782
66826,7/8/2019 23:40,0,0,0,0,0,0,0,0.0125,0.0175125,0.0243625,425.37,340.37,86.86,525.26,0.940107,3.78569,0.034027,0.02,4.759824,76.51691469
66827,7/8/2019 23:50,0,0,0,0,0,0,0,0.0125,0.0175125,0.0243625,416.54,331.54,86.87,516.59,0.7061,3.799743,0.034027,0.02,4.53987,75.98069813
66828,7/9/2019 0:00,0,0,0,0,0,0,0,0.0125,0.0175125,0.0243625,416.33,331.55,86.63,516.35,0.7061,3.799743,0.034027,0.02,4.53987,75.97578844
66829,7/9/2019 0:10,0,0,0,0,0,0,0,0.0125,0.0175125,0.0243625,411.51,327.33,86.1,511.63,0.7061,3.799743,0.034027,0.02,4.53987,75.67009307
66830,7/9/2019 0:20,0,0,0,0,0,0,0,0.0125,0.0175125,0.0243625,411.35,327.53,85.69,511.42,0.7061,3.799743,0.034027,0.02,4.53987,75.67278473
66831,7/9/2019 0:30,0,0,0,0,0,0,0,0.0125,0.0175125,0.0243625,417.9,334.34,85.38,517.96,0.7061,3.799743,0.034021,0.02,4.539864,76.05647284
66832,7/9/2019 0:40,0,0,0,0,0,0,0,0.0125,0.0175125,0.0243625,424.14,341.89,84.15,524.15,0.599718,3.813155,0.033264,0.02,4.446137,76.42052153
66833,7/9/2019 0:50,0,0,0,0,0,0,0,0.0125,0.0175125,0.0243625,421.65,340.32,83.24,520.95,0.486755,3.827209,0.033264,0.02,4.347228,76.44966204
66834,7/9/2019 1:00,0,0,0,0,0,0,0,0.0125,0.0175125,0.0243625,418.7,338.3,82.22,518.81,0.486755,3.827209,0.033264,0.02,4.347228,76.09027944
66835,7/9/2019 1:10,0,0,0,0,0,0,0,0.0125,0.0175125,0.0243625,417.6,338.28,81.29,517.68,0.486755,3.827209,0.033264,0.02,4.347228,76.03448276
66836,7/9/2019 1:20,0,0,0,0,0,0,0,0.012083333,0.01692875,0.023550417,401.68,322.99,80.65,501.73,0.486755,3.827209,0.033264,0.02,4.347228,75.09211312
66837,7/9/2019 1:30,0,0,0,0,0,0,0,0.011666667,0.016345,0.022738333,344.38,267.07,79.44,443.83,0.486755,3.827209,0.033239,0.02,4.347203,71.12201638
66838,7/9/2019 1:40,0,0,0,0,0,0,0,0.011527778,0.016150417,0.022467639,347.82,270.44,79.51,447.08,0.354493,3.829445,0.030212,0.02,4.21415,71.46225059
66839,7/9/2019 1:50,0,0,0,0,0,0,0,0.011111111,0.015566667,0.021655556,358.47,280.43,80.17,456.57,0.215911,3.831787,0.030212,0.02,4.07791,72.6336932
66840,7/9/2019 2:00,0,0,0,0,0,0,0,0.009305556,0.013037083,0.018136528,360.02,280.97,81.22,457.35,0.215911,3.831787,0.030212,0.02,4.07791,72.96539081
66841,7/9/2019 2:10,0,0,0,0,0,0,0,0.00375,0.00525375,0.00730875,360.24,280.77,81.71,457.53,0.215911,3.831787,0.030212,0.02,4.07791,72.99300466
66842,7/9/2019 2:20,0,0,0,0,0,0,0,0.00375,0.00525375,0.00730875,360.82,280.76,82.35,458.48,0.215911,3.831787,0.030212,0.02,4.07791,72.93387285
66843,7/9/2019 2:30,0,0,0,0,0,0,0,0.00125,0.00175125,0.00243625,359.25,280.49,81.03,456.1,0.215911,3.831787,0.030218,0.02,4.077916,73.04105776
66844,7/9/2019 2:40,0,0,0,0,0,0,0,0.000833333,0.0011675,0.001624167,359.9,280.63,81.63,456.16,0.1563,3.827316,0.030975,0.02,4.014591,73.25368158
66845,7/9/2019 2:50,0,0,0,0,0,0,0,0.000833333,0.0011675,0.001624167,359.71,280.32,81.71,455.44,0.093841,3.822632,0.030975,0.02,3.947448,73.386895
66846,7/9/2019 3:00,0,0,0,0,0,0,0,0.000555556,0.000778333,0.001082778,354.17,275.79,80.68,449.93,0.093841,3.822632,0.030975,0.02,3.947448,72.96213683
66847,7/9/2019 3:10,0,0,0,0,0,0,0,0.000277778,0.000389167,0.000541389,347.02,268.63,80.67,442.34,0.093841,3.822632,0.030975,0.02,3.947448,72.53184255
66848,7/9/2019 3:20,0,0,0,0,0,0,0,0.000277778,0.000389167,0.000541389,324.4,246.49,80.17,419.91,0.093841,3.822632,0.030975,0.02,3.947448,70.55795314
66849,7/9/2019 3:30,0,0,0,0,0,0,0,0.000277778,0.000389167,0.000541389,284.89,209.24,77.89,381.06,0.093841,3.822632,0.030962,0.02,3.947435,66.24311138
66850,7/9/2019 3:40,0,0,0,0,0,0,0,0,0,0,290.22,213.51,78.92,387.6,0.095704,3.822632,0.029449,0.02,3.947785,66.4461443
66851,7/9/2019 3:50,0,0,0,0,0,0,0,0,0,0,287.4,211.09,78.52,385.3,0.097656,3.822632,0.029449,0.02,3.949737,65.93597773
66852,7/9/2019 4:00,0,0,0,0,0,0,0,0,0,0,287.5,210.42,79.43,386.97,0.097656,3.822632,0.029449,0.02,3.949737,65.40173913
66853,7/9/2019 4:10,0,0,0,0,0,0,0,0,0,0,286.93,209.54,79.66,385.83,0.097656,3.822632,0.029449,0.02,3.949737,65.53166277
66854,7/9/2019 4:20,0,0,0,0,0,0,0,0,0,0,289.58,210.9,80.92,388.08,0.097656,3.822632,0.029449,0.02,3.949737,65.98521997
66855,7/9/2019 4:30,0,0,0,0,0,0,0,0,0,0,288.43,210.33,80.01,386.61,0.097656,3.822632,0.029452,0.02,3.94974,65.96054502
66856,7/9/2019 4:40,0,0,0,0,0,0,0,0,0,0,288.4,210.47,80.06,386.5,0.094862,3.817416,0.029831,0.02,3.942109,65.98474341
66857,7/9/2019 4:50,0,0,0,0,0,0,0,0,0,0,288.51,210.46,80.31,386.34,0.091934,3.811951,0.029831,0.02,3.933716,66.09129666
66858,7/9/2019 5:00,0,0,0,0,0,0,0,0,0,0,288.22,209.53,80.88,385.81,0.091934,3.811951,0.029831,0.02,3.933716,66.14044827
66859,7/9/2019 5:10,0,0,0,0,0,0,0,0,0,0,287.45,208.93,80.58,385.01,0.091934,3.811951,0.029831,0.02,3.933716,66.06018438
66860,7/9/2019 5:20,0,0,0,0,0,0,0,0,0,0,287.48,209.36,80.17,384.57,0.091934,3.811951,0.029831,0.02,3.933716,66.22721581
66861,7/9/2019 5:30,0,0,0,0,0,0,0,0,0,0,283.16,207.49,77.68,380.09,0.091934,3.811951,0.029828,0.02,3.933713,65.76847012
66862,7/9/2019 5:40,0,0,0,0,0,0,0,0,0,0,281.57,206.99,76.64,378.4,0.092865,3.80748,0.029449,0.02,3.929794,65.61068296
66863,7/9/2019 5:50,0,0,0,0,0,0,0,0,0,0,234.87,160.12,76.76,331.52,0.093841,3.802795,0.029449,0.02,3.926085,58.84957636
66864,7/9/2019 6:00,0,0,0,0,0,0,0,0,0,0,220.61,144.82,77.81,316.94,0.093841,3.802795,0.029449,0.02,3.926085,56.33470831
66865,7/9/2019 6:10,0,0,0,0,0,0,0,0,0,0,223.63,146.63,79.04,319.61,0.093841,3.802795,0.029449,0.02,3.926085,57.08089255
66866,7/9/2019 6:20,0,0,0,0,0,0,0,0,0,0,227.09,149.64,79.5,322.93,0.093841,3.802795,0.029449,0.02,3.926085,57.79646836
66867,7/9/2019 6:30,0,0,0,0,0,0,0,0,0,0,229.7,150.82,81.04,325.08,0.093841,3.802795,0.029465,0.02,3.926101,58.4762734
66868,7/9/2019 6:40,0,0,0,0,0,0,0,0,0,0,230.77,152.04,80.82,325.77,0.09291,3.796834,0.031357,0.02,3.921101,58.83347056
66869,7/9/2019 6:50,0,0,0,0,0,0,0,0,0,0,245.7,167.03,80.72,340.5,0.091934,3.790588,0.031357,0.02,3.913879,61.41636142
66870,7/9/2019 7:00,0,0,0,0,0,0,0,0,0,0,251.2,172,81.28,346.18,0.091934,3.790588,0.031357,0.02,3.913879,62.18949045
66871,7/9/2019 7:10,0,0,0,0,0,0,0,0,0,0,252.5,172.32,82.19,349.59,0.091934,3.790588,0.031357,0.02,3.913879,61.54851485
66872,7/9/2019 7:20,0,0,0,0,0,0,0,0,0,0,253.28,172.83,82.48,350.59,0.091934,3.790588,0.031357,0.02,3.913879,61.58006949
66873,7/9/2019 7:30,0,0,0,0,0,0,0,0,0,0,253.13,172.79,82.4,341.58,0.091934,3.790588,0.031341,0.02,3.913863,65.05748035
66874,7/9/2019 7:40,0,0,0,0,0,0,0,0,0,0,254.37,173.93,82.51,346.86,0.092865,3.755567,0.029449,0.02,3.877881,63.63958014
66875,7/9/2019 7:50,0,0,0,0,0,0,0,0,0,0,265.29,184.39,82.93,359.9,0.093841,3.718872,0.029449,0.02,3.842162,64.33714049
66876,7/9/2019 8:00,0,0,0,0,0,0,0,0,0,0,293.47,211.22,84.27,387.87,0.093841,3.718872,0.029449,0.02,3.842162,67.83316864
66877,7/9/2019 8:10,0,0,0,0,0,0,0,0,0,0,289.65,207.64,84.02,383.8,0.093841,3.718872,0.029449,0.02,3.842162,67.49525289
66878,7/9/2019 8:20,0,0,0,0,0,0,0,0,0,0,288.29,205.93,84.38,382.7,0.093841,3.718872,0.029449,0.02,3.842162,67.25172569
66879,7/9/2019 8:30,0,0,0,0,0,0,0,0,0,0,292.29,209.86,84.51,363.91,0.093841,3.718872,0.029465,0.02,3.842178,75.49693797
66880,7/9/2019 8:40,0,0,0,0,0,0,0,0,0,0,294.56,211.63,85,359.69,0.093841,3.673419,0.031357,0.02,3.798617,77.88905486
66881,7/9/2019 8:50,0,0,0,0,0,0,0,0,0,0,295.82,213.11,84.84,360.51,0.093841,3.625793,0.031357,0.02,3.750991,78.13197215
66882,7/9/2019 9:00,0,0,0,0,0,0,0,0,0,0,294.41,213.13,83.48,359.29,0.093841,3.625793,0.031357,0.02,3.750991,77.96270507
66883,7/9/2019 9:10,0,0,0,0,0,0,0,0,0,0,295.5,214.21,83.46,360.51,0.093841,3.625793,0.031357,0.02,3.750991,78
66884,7/9/2019 9:20,0,0,0,0,0,0,0,0,0,0,296.8,214.94,84.04,361.59,0.093841,3.625793,0.031357,0.02,3.750991,78.17048518
66885,7/9/2019 9:30,0,0,0,0,0,0,0,0,0,0,297.17,214.54,84.8,361.63,0.093841,3.625793,0.031347,0.02,3.750981,78.30871218
66886,7/9/2019 9:40,0,0,0,0,0,0,0,0,0,0,299.02,215.42,85.83,363.53,0.093841,3.616107,0.030212,0.02,3.74016,78.42619223
66887,7/9/2019 9:50,0,0,0,0,0,0,0,0,0,0,298.94,215.06,86.11,363.7,0.093841,3.605957,0.030212,0.02,3.73001,78.33678999
66888,7/9/2019 10:00,0,0,0,0,0,0,0,0,0,0,299.71,213.91,87.92,364.58,0.093841,3.605957,0.030212,0.02,3.73001,78.35574389
66889,7/9/2019 10:10,0,0,0,0,0,0,0,0,0,0,309.23,222.71,88.45,374.01,0.093841,3.605957,0.030212,0.02,3.73001,79.05119167
66890,7/9/2019 10:20,0,0,0,0,0,0,0,0,0,0,313.86,226.64,89.08,378.5,0.093841,3.605957,0.030212,0.02,3.73001,79.40483018
66891,7/9/2019 10:30,0,0,0,0,0,0,0,0,0,0,314.26,226.63,89.51,378.8,0.093841,3.605957,0.030202,0.02,3.73,79.46286514
66892,7/9/2019 10:40,0,0,0,0,0,0,0,0,0,0,314.65,227.06,89.48,379.29,0.091978,3.606702,0.029068,0.02,3.727748,79.45653901
66893,7/9/2019 10:50,0,0,0,0,0,0,0,0,0,0,314.52,228.08,88.34,379.14,0.090026,3.607483,0.029068,0.02,3.726577,79.45440671
66894,7/9/2019 11:00,0,0,0,0,0,0,0,0,0,0,315.98,228.54,89.33,380.48,0.090026,3.607483,0.029068,0.02,3.726577,79.58731565
66895,7/9/2019 11:10,0,0,0,0,0,0,0,0,0,0,316.56,227.83,90.56,380.96,0.090026,3.607483,0.029068,0.02,3.726577,79.65630528
66896,7/9/2019 11:20,0,0,0,0,0,0,0,0,0,0,318.54,228.55,91.82,382.89,0.090026,3.607483,0.029068,0.02,3.726577,79.79845545
66897,7/9/2019 11:30,0,0,0,0,0,0,0,0,0,0,317.16,229.06,90,381.47,0.090026,3.607483,0.029071,0.02,3.72658,79.72316812
66898,7/9/2019 11:40,0,0,0,0,0,0,0,0,0,0,316.47,230.21,87.83,380.66,0.090026,3.220185,0.029449,0.02,3.33966,79.7168768
66899,7/9/2019 11:50,0,0,0,0,0,0,0,0,0,0,318.37,229.51,90.34,382.4,0.090026,2.817078,0.029449,0.02,2.936553,79.88818042
66900,7/9/2019 12:00,0,0,0,0,0,0,0,0,0,0,336.13,246.6,91.14,400.01,0.090026,2.817078,0.029449,0.02,2.936553,80.99544819
66901,7/9/2019 12:10,0,0,0,0,0,0,0,0,0,0,340.96,251.27,91.39,404.91,0.090026,2.817078,0.029449,0.02,2.936553,81.24413421
66902,7/9/2019 12:20,0,0,0,0,0,0,0,0,0,0,345.31,254.7,92.32,408.54,0.090026,2.817078,0.029449,0.02,2.936553,81.6889172
66903,7/9/2019 12:30,0,0,0,0,0,0,0,0,0,0,376.38,285.93,92.12,439.33,0.090026,2.817078,0.029446,0.02,2.93655,83.27488177
66904,7/9/2019 12:40,0,0,0,0,0,0,0,0,0,0,382.37,286.34,97.57,445.03,0.091889,2.736328,0.029068,0.02,2.857285,83.61273112
66905,7/9/2019 12:50,0,0,0,0,0,0,0,0,0,0,392.17,285.95,107.8,454.46,0.093841,2.652282,0.029068,0.02,2.775191,84.11658209
66906,7/9/2019 13:00,0,0,0,0,0,0,0,0,0,0,390.57,285.08,107.18,452.69,0.093841,2.652282,0.029068,0.02,2.775191,84.09504058
66907,7/9/2019 13:10,0,0,0,0,0,0,0,0,0,0,389.92,284.79,106.93,451.07,0.093841,2.652282,0.029068,0.02,2.775191,84.31729586
66908,7/9/2019 13:20,0,0,0,0,0,0,0,0,0,0,386.65,282.9,105.36,439.92,0.093841,2.652282,0.029068,0.02,2.775191,86.22268201
66909,7/9/2019 13:30,0,0,0,0,0,0,0,0,0,0,385.62,281.85,105.52,434.56,0.093841,2.652282,0.029087,0.02,2.77521,87.30874955
66910,7/9/2019 13:40,0,0,0,0,0,0,0,0,0,0,382.74,281.94,102.73,429.12,0.094773,2.652282,0.031357,0.02,2.778412,87.88211318
66911,7/9/2019 13:50,0,0,0,0,0,0,0,0,0,0,382.83,281.07,103.75,427.96,0.095749,2.652282,0.031357,0.02,2.779388,88.21147768
66912,7/9/2019 14:00,0,0,0,0,0,0,0,0,0,0,380.66,278.84,103.8,425.14,0.095749,2.652282,0.031357,0.02,2.779388,88.31503179
66913,7/9/2019 14:10,0,0,0,0,0,0,0,0,0,0,378.73,278,102.72,422.88,0.095749,2.652282,0.031357,0.02,2.779388,88.34261875
66914,7/9/2019 14:20,0,0,0,0,0,0,0,0,0,0,377.3,277.04,102.21,421.15,0.095749,2.652282,0.031357,0.02,2.779388,88.37794858
66915,7/9/2019 14:30,0,0,0,0,0,0,0,0,0,0,378.08,276.87,103.16,420.32,0.095749,2.652282,0.031338,0.02,2.779369,88.82776132
66916,7/9/2019 14:40,0,0,0,0,0,0,0,0,0,0,375.89,276.21,101.6,417.77,0.095749,2.668731,0.029068,0.02,2.793548,88.85844263
66917,7/9/2019 14:50,0,0,0,0,0,0,0,0,0,0,374.49,274.85,101.66,416.34,0.095749,2.685852,0.029068,0.02,2.810669,88.82480173
66918,7/9/2019 15:00,0,0,0,0,0,0,0,0,0,0,372.6,273.78,100.81,413.66,0.095749,2.685852,0.029068,0.02,2.810669,88.98013956
66919,7/9/2019 15:10,0,0,0,0,0,0,0,0,0,0,370.09,271.96,99.93,410.92,0.095749,2.685852,0.029068,0.02,2.810669,88.96754843
66920,7/9/2019 15:20,0,0,0,0,0,0,0,0,0,0,368.75,270.71,99.88,412.75,0.095749,2.685852,0.029068,0.02,2.810669,88.06779661
66921,7/9/2019 15:30,0,0,0,0,0,0,0,0,0,0,368.35,270.77,99.37,421.47,0.095749,2.685852,0.029081,0.02,2.810682,85.57893308
66922,7/9/2019 15:40,0,0,0,0,0,0,0,0,0,0,366.78,270.26,98.31,424.34,0.094817,2.690338,0.030594,0.02,2.815749,84.30666885
66923,7/9/2019 15:50,0,0,0,0,0,0,0,0,0,0,366.1,269.85,98.05,423.17,0.093841,2.695007,0.030594,0.02,2.819442,84.41136302
66924,7/9/2019 16:00,0,0,0,0,0,0,0,0,0,0,365.59,268.59,98.75,421.77,0.093841,2.695007,0.030594,0.02,2.819442,84.63305889
66925,7/9/2019 16:10,0,0,0,0,0,0,0,0,0,0,362.99,267.44,97.35,418.69,0.093841,2.695007,0.030594,0.02,2.819442,84.65522466
66926,7/9/2019 16:20,0,0,0,0,0,0,0,0,0,0,361.47,266.51,96.77,416.36,0.093841,2.695007,0.030594,0.02,2.819442,84.81478408
66927,7/9/2019 16:30,0,0,0,0,0,0,0,0,0,0,361.76,266.68,96.92,416.11,0.093841,2.695007,0.030597,0.02,2.819445,84.97622733
66928,7/9/2019 16:40,0,0,0,0,0,0,0,0,0,0,360.78,266.78,95.76,380.02,0.09291,2.688278,0.030975,0.02,2.812163,94.66711015
66929,7/9/2019 16:50,0,0,0,0,0,0,0,0,0,0,367.97,265.98,103.76,367.98,0.091934,2.681274,0.030975,0.02,2.804183,99.99728239
66930,7/9/2019 17:00,0,0,0,0,0,0,0,0,0,0,373.77,263.09,112.42,373.78,0.091934,2.681274,0.030975,0.02,2.804183,99.99732456
66931,7/9/2019 17:10,0,0,0,0,0,0,0,0,0,0,349.82,239.9,111.65,349.83,0.091934,2.681274,0.030975,0.02,2.804183,99.99714139
66932,7/9/2019 17:20,0,0,0,0,0,0,0,0,0,0,347.81,237.25,112.27,347.8,0.091934,2.681274,0.030975,0.02,2.804183,100.0028751
66933,7/9/2019 17:30,0,0,0,0,0,0,0,0,0,0,347.95,238.01,111.75,347.96,0.091934,2.681274,0.030975,0.02,2.804183,99.99712602
66934,7/9/2019 17:40,0,0,0,0,0,0,0,0,0,0,348.24,238.53,111.41,348.24,0.091002,2.697723,0.030975,0.02,2.8197,100
66935,7/9/2019 17:50,0,0,0,0,0,0,0,0,0,0,346.56,236.79,111.58,346.57,0.090026,2.714843,0.030975,0.02,2.835844,99.9971145
66936,7/9/2019 18:00,0,0,0,0,0,0,0,0,0,0,346.12,236.13,111.78,346.13,0.090026,2.714843,0.030975,0.02,2.835844,99.99711083
66937,7/9/2019 18:10,0,0,0,0,0,0,0,0,0,0,344.04,234.72,111.3,344.05,0.090026,2.714843,0.030975,0.02,2.835844,99.99709336
66938,7/9/2019 18:20,0,0,0,0,0,0,0,0,0,0,344.19,234.4,111.78,344.2,0.090026,2.714843,0.030975,0.02,2.835844,99.99709463
66939,7/9/2019 18:30,0,0,0,0,0,0,0,0,0,0,340.23,230.46,111.88,340.23,0.090026,2.714843,0.030962,0.02,2.835831,100
66940,7/9/2019 18:40,0,0,0,0,0,0,0,0,0,0,328.19,218.57,111.72,328.18,0.091889,2.714843,0.029449,0.02,2.836181,100.003047
66941,7/9/2019 18:50,0,0,0,0,0,0,0,0,0,0,329.23,219.51,111.87,329.23,0.093841,2.714843,0.029449,0.02,2.838133,100
66942,7/9/2019 19:00,0,0,0,0,0,0,0,0,0,0,329.9,220.33,111.69,329.91,0.093841,2.714843,0.029449,0.02,2.838133,99.99696878
66943,7/9/2019 19:10,0,0,0,0,0,0,0,0,0,0,328.94,219.08,111.99,328.95,0.093841,2.714843,0.029449,0.02,2.838133,99.99695993
66944,7/9/2019 19:20,0,0,0,0,0,0,0,0,0,0,329.14,218.86,112.44,329.14,0.093841,2.714843,0.029449,0.02,2.838133,100
66945,7/9/2019 19:30,0,0,0,0,0,0,0,0,0,0,326.63,216.17,112.65,326.64,0.093841,2.714843,0.029462,0.02,2.838146,99.99693843
66946,7/9/2019 19:40,0,0,0,0,0,0,0,0,0,0,318.23,208.02,112.35,318.24,0.09291,2.705871,0.030975,0.02,2.829756,99.99685762
66947,7/9/2019 19:50,0,0,0,0,0,0,0,0,0,0,323.46,212.71,112.91,323.47,0.091934,2.696533,0.030975,0.02,2.819442,99.99690843
66948,7/9/2019 20:00,0,0,0,0,0,0,0,0,0,0,326.43,215.92,112.67,326.4,0.091934,2.696533,0.030975,0.02,2.819442,100.0091903
66949,7/9/2019 20:10,0,0,0,0,0,0,0,0,0,0,330.59,220.32,112.37,330.62,0.091934,2.696533,0.030975,0.02,2.819442,99.99092532
66950,7/9/2019 20:20,0,0,0,0,0,0,0,0,0,0,329.69,219.17,112.56,329.67,0.091934,2.696533,0.030975,0.02,2.819442,100.0060663
66951,7/9/2019 20:30,0,0,0,0,0,0,0,0,0,0,331.74,221.5,112.22,331.75,0.091934,2.696533,0.030978,0.02,2.819445,99.99698559
66952,7/9/2019 20:40,0,0,0,0,0,0,0,0,0,0,329.66,221.15,110.55,329.67,0.093797,2.668121,0.031357,0.02,2.793275,99.99696657
66953,7/9/2019 20:50,0,0,0,0,0,0,0,0,0,0,330.04,221.44,110.56,330.07,0.095749,2.638549,0.031357,0.02,2.765655,99.99091019
66954,7/9/2019 21:00,0,0,0,0,0,0,0,0,0,0,330.94,222.13,110.82,330.95,0.095749,2.638549,0.031357,0.02,2.765655,99.9969783
66955,7/9/2019 21:10,0,0,0,0,0,0,0,0,0,0,331.91,222.83,111.09,331.92,0.095749,2.638549,0.031357,0.02,2.765655,99.99698714
66956,7/9/2019 21:20,0,0,0,0,0,0,0,0,0,0,333.61,224.39,111.15,333.61,0.095749,2.638549,0.031357,0.02,2.765655,100
66957,7/9/2019 21:30,0,0,0,0,0,0,0,0,0,0,333.74,224.21,111.38,333.75,0.095749,2.638549,0.031357,0.02,2.765655,99.99700366
66958,7/9/2019 21:40,0,0,0,0,0,0,0,0,0,0,336.12,226.63,111.35,336.13,0.095749,2.637802,0.031357,0.02,2.764908,99.99702487
66959,7/9/2019 21:50,0,0,0,0,0,0,0,0,0,0,335.82,226,111.63,335.83,0.095749,2.637024,0.031357,0.02,2.76413,99.99702221
66960,7/9/2019 22:00,0,0,0,0,0,0,0,0,0,0,337.59,227.47,111.92,337.6,0.095749,2.637024,0.031357,0.02,2.76413,99.99703783
66961,7/9/2019 22:10,0,0,0,0,0,0,0,0,0,0,338.55,228.69,111.62,338.56,0.095749,2.637024,0.031357,0.02,2.76413,99.99704623
66962,7/9/2019 22:20,0,0,0,0,0,0,0,0,0,0,339.23,229.14,111.94,339.24,0.095749,2.637024,0.031357,0.02,2.76413,99.99705215
66963,7/9/2019 22:30,0,0,0,0,0,0,0,0,0,0,340.01,229.83,112,340.01,0.095749,2.637024,0.031341,0.02,2.764114,100
66964,7/9/2019 22:40,0,0,0,0,0,0,0,0,0,0,340.44,230.27,112.01,340.45,0.093886,2.630295,0.029449,0.02,2.75363,99.99706262
66965,7/9/2019 22:50,0,0,0,0,0,0,0,0,0,0,341.69,231.37,112.13,341.68,0.091934,2.623291,0.029449,0.02,2.744674,100.0029266
66966,7/9/2019 23:00,0,0,0,0,0,0,0,0,0,0,349.27,239.03,111.96,349.27,0.091934,2.623291,0.029449,0.02,2.744674,100
66967,7/9/2019 23:10,0,0,0,0,0,0,0,0,0,0,367.72,257.42,111.98,367.73,0.091934,2.623291,0.029449,0.02,2.744674,99.99728054
66968,7/9/2019 23:20,0,0,0,0,0,0,0,0,0,0,370.76,260.62,111.79,370.78,0.091934,2.623291,0.029449,0.02,2.744674,99.99460567
66969,7/9/2019 23:30,0,0,0,0,0,0,0,0,0,0,369.68,259.96,111.35,369.69,0.091934,2.623291,0.029449,0.02,2.744674,99.99729496
66970,7/9/2019 23:40,0,0,0,0,0,0,0,0,0,0,367.25,257.99,110.9,367.26,0.091002,2.587402,0.029449,0.02,2.707853,99.99727706
66971,7/9/2019 23:50,0,0,0,0,0,0,0,0,0,0,366.04,256.78,110.97,366.05,0.090026,2.550049,0.029449,0.02,2.669524,99.99726806
66972,7/10/2019 0:00,0,0,0,0,0,0,0,0,0,0,365.87,256.4,111.11,365.88,0.090026,2.550049,0.029449,0.02,2.669524,99.99726679
66973,7/10/2019 0:10,0,0,0,0,0,0,0,0,0,0,365.3,255.69,111.2,365.31,0.090026,2.550049,0.029449,0.02,2.669524,99.99726252
66974,7/10/2019 0:20,0,0,0,0,0,0,0,0,0,0,364.31,254.88,110.96,364.32,0.090026,2.550049,0.029449,0.02,2.669524,99.99725508
66975,7/10/2019 0:30,0,0,0,0,0,0,0,0,0,0,363.21,253.87,110.98,363.22,0.090026,2.550049,0.029462,0.02,2.669537,99.99724677
66976,7/10/2019 0:40,0,0,0,0,0,0,0,0,0,0,362.09,252.99,110.73,362.1,0.091889,2.532852,0.030975,0.02,2.655716,99.99723826
66977,7/10/2019 0:50,0,0,0,0,0,0,0,0,0,0,361.71,252.58,110.79,361.72,0.093841,2.514954,0.030975,0.02,2.63977,99.99723535
66978,7/10/2019 1:00,0,0,0,0,0,0,0,0,0,0,360.79,251.9,110.7,360.81,0.093841,2.514954,0.030975,0.02,2.63977,99.99445661
66979,7/10/2019 1:10,0,0,0,0,0,0,0,0,0,0,358.26,249.78,110.32,358.24,0.093841,2.514954,0.030975,0.02,2.63977,100.0055825
66980,7/10/2019 1:20,0,0,0,0,0,0,0,0,0,0,356.13,247.79,110.22,356.13,0.093841,2.514954,0.030975,0.02,2.63977,100
66981,7/10/2019 1:30,0,0,0,0,0,0,0,0,0,0,354.08,246,110,354.09,0.093841,2.514954,0.030972,0.02,2.639767,99.99717578
66982,7/10/2019 1:40,0,0,0,0,0,0,0,0,0,0,350.37,242.48,109.72,350.38,0.09291,2.524674,0.030594,0.02,2.648178,99.99714587
66983,7/10/2019 1:50,0,0,0,0,0,0,0,0,0,0,345.78,238.09,109.56,345.78,0.091934,2.53479,0.030594,0.02,2.657318,100
66984,7/10/2019 2:00,0,0,0,0,0,0,0,0,0,0,342.85,235.57,109.2,342.86,0.091934,2.53479,0.030594,0.02,2.657318,99.99708327
66985,7/10/2019 2:10,0,0,0,0,0,0,0,0,0,0,341.98,234.9,108.99,341.99,0.091934,2.53479,0.030594,0.02,2.657318,99.99707585
66986,7/10/2019 2:20,0,0,0,0,0,0,0,0,0,0,339.76,232.92,108.66,339.76,0.091934,2.53479,0.030594,0.02,2.657318,100
66987,7/10/2019 2:30,0,0,0,0,0,0,0,0,0,0,339.93,233.45,108.26,339.94,0.091934,2.53479,0.030597,0.02,2.657321,99.99705822
66988,7/10/2019 2:40,0,0,0,0,0,0,0,0,0,0,338.12,230.75,109.18,338.12,0.091002,2.53479,0.030975,0.02,2.656767,100
66989,7/10/2019 2:50,0,0,0,0,0,0,0,0,0,0,324.61,217.78,108.67,324.61,0.090026,2.53479,0.030975,0.02,2.655791,100
66990,7/10/2019 3:00,0,0,0,0,0,0,0,0,0,0,323.26,216.48,108.7,323.25,0.090026,2.53479,0.030975,0.02,2.655791,100.0030935
66991,7/10/2019 3:10,0,0,0,0,0,0,0,0,0,0,322.45,215.93,108.52,322.42,0.090026,2.53479,0.030975,0.02,2.655791,100.0093038
66992,7/10/2019 3:20,0,0,0,0,0,0,0,0,0,0,321.3,215.04,108.15,321.31,0.090026,2.53479,0.030975,0.02,2.655791,99.99688764
66993,7/10/2019 3:30,0,0,0,0,0,0,0,0,0,0,319.4,213.55,107.78,319.41,0.090026,2.53479,0.030962,0.02,2.655778,99.99686913
66994,7/10/2019 3:40,0,0,0,0,0,0,0,0,0,0,317.05,211.6,107.42,317.06,0.090026,2.575912,0.029449,0.02,2.695387,99.99684592
66995,7/10/2019 3:50,0,0,0,0,0,0,0,0,0,0,305.31,199.9,107.35,305.32,0.090026,2.618713,0.029449,0.02,2.738188,99.99672464
66996,7/10/2019 4:00,0,0,0,0,0,0,0,0,0,0,306.2,200.32,107.84,306.21,0.090026,2.618713,0.029449,0.02,2.738188,99.99673416
66997,7/10/2019 4:10,0,0,0,0,0,0,0,0,0,0,308.57,199.84,110.7,308.58,0.090026,2.618713,0.029449,0.02,2.738188,99.99675924
66998,7/10/2019 4:20,0,0,0,0,0,0,0,0,0,0,302.98,196.68,108.19,302.98,0.090026,2.618713,0.029449,0.02,2.738188,100
66999,7/10/2019 4:30,0,0,0,0,0,0,0,0,0,0,286.65,179.68,109.01,286.63,0.090026,2.618713,0.029449,0.02,2.738188,100.0069771
67000,7/10/2019 4:40,0,0,0,0,0,0,0,0,0,0,277.72,178.04,101.83,277.71,0.091889,2.585068,0.029449,0.02,2.706406,100.0036007
67001,7/10/2019 4:50,0,0,0,0,0,0,0,0,0,0,266.02,165.32,102.9,266.03,0.093841,2.550049,0.029449,0.02,2.673339,99.99624088
67002,7/10/2019 5:00,0,0,0,0,0,0,0,0,0,0,266.38,166.94,101.61,266.39,0.093841,2.550049,0.029449,0.02,2.673339,99.99624596
67003,7/10/2019 5:10,0,0,0,0,0,0,0,0,0,0,265.3,165.8,101.74,265.31,0.093841,2.550049,0.029449,0.02,2.673339,99.99623068
67004,7/10/2019 5:20,0,0,0,0,0,0,0,0,0,0,265,164.34,102.86,265,0.093841,2.550049,0.029449,0.02,2.673339,100
67005,7/10/2019 5:30,0,0,0,0,0,0,0,0,0,0,266.69,168.25,100.6,266.68,0.093841,2.550049,0.029446,0.02,2.673336,100.0037497
67006,7/10/2019 5:40,0,0,0,0,0,0,0,0,0,0,261.69,168.99,95,261.7,0.091978,2.550049,0.029068,0.02,2.671095,99.99617868
67007,7/10/2019 5:50,0,0,0,0,0,0,0,0,0,0,262.56,167.27,97.52,262.57,0.090026,2.550049,0.029068,0.02,2.669143,99.99619135
67008,7/10/2019 6:00,0,0,0,0,0,0,0,0,0,0,246.32,152,96.46,246.32,0.090026,2.550049,0.029068,0.02,2.669143,100
67009,7/10/2019 6:10,0,0,0,0,0,0,0,0,0,0,217.87,123.89,96.19,217.88,0.090026,2.550049,0.029068,0.02,2.669143,99.99541011
67010,7/10/2019 6:20,0,0,0,0,0,0,0,0,0,0,218.09,123.72,96.62,218.1,0.090026,2.550049,0.029068,0.02,2.669143,99.99541474
67011,7/10/2019 6:30,0,0,0,0,0,0,0,0,0,0,211.3,117.53,96.02,211.29,0.090026,2.550049,0.029084,0.02,2.669159,100.0047326
67012,7/10/2019 6:40,0,0,0,0,0,0,0,0,0,0,205.78,110.78,97.31,205.79,0.091889,2.571732,0.030975,0.02,2.694596,99.99514044
67013,7/10/2019 6:50,0,0,0,0,0,0,0,0,0,0,206.58,111.15,97.6,206.59,0.093841,2.594299,0.030975,0.02,2.719115,99.99515926
67014,7/10/2019 7:00,0,0,0,0,0,0,0,0,0,0,207.95,111.55,98.61,207.96,0.093841,2.594299,0.030975,0.02,2.719115,99.99519115
67015,7/10/2019 7:10,0,0,0,0,0,0,0,0,0,0,209.93,112.07,100.11,209.94,0.093841,2.594299,0.030975,0.02,2.719115,99.99523651
67016,7/10/2019 7:20,0,0,0,0,0,0,0,0,0,0,214.16,112.93,103.48,214.17,0.093841,2.594299,0.030975,0.02,2.719115,99.99533059
67017,7/10/2019 7:30,0,0,0,0,0,0,0,0,0,0,226.77,124.99,103.77,226.77,0.093841,2.594299,0.030975,0.02,2.719115,100
67018,7/10/2019 7:40,0,0,0,0,0,0,0,0,0,0,234.06,132.12,103.93,234.06,0.091978,2.625702,0.030975,0.02,2.748655,100
67019,7/10/2019 7:50,0,0,0,0,0,0,0,0,0,0,262.31,161.18,103.16,262.32,0.090026,2.658386,0.030975,0.02,2.779387,99.99618772
67020,7/10/2019 8:00,0,0,0,0,0,0,0,0,0,0,269.75,168.97,102.92,269.76,0.090026,2.658386,0.030975,0.02,2.779387,99.99629286
67021,7/10/2019 8:10,0,0,0,0,0,0,0,0,0,0,267.49,165.86,103.83,267.49,0.090026,2.658386,0.030975,0.02,2.779387,100
67022,7/10/2019 8:20,0,0,0,0,0,0,0,0,0,0,268.5,166.32,104.32,268.51,0.090026,2.658386,0.030975,0.02,2.779387,99.99627561
67023,7/10/2019 8:30,0,0,0,0,0,0,0,0,0,0,272.13,168.2,106.09,272.14,0.090026,2.658386,0.030962,0.02,2.779374,99.99632529
67024,7/10/2019 8:40,0,0,0,0,0,0,0,0,0,0,271.5,168.77,104.79,271.51,0.090958,2.707733,0.029449,0.02,2.82814,99.99631676
67025,7/10/2019 8:50,0,0,0,0,0,0,0,0,0,0,273.22,169.69,105.73,273.24,0.091934,2.759094,0.029449,0.02,2.880477,99.99267989
67026,7/10/2019 9:00,0,0,0,0,0,0,0,0,0,0,274.1,169.83,106.44,274.1,0.091934,2.759094,0.029449,0.02,2.880477,100
67027,7/10/2019 9:10,0,0,0,0,0,0,0,0,0,0,277.23,170.91,108.51,277.22,0.091934,2.759094,0.029449,0.02,2.880477,100.0036071
67028,7/10/2019 9:20,0,0,0,0,0,0,0,0,0,0,278.85,171.83,109.08,278.86,0.091934,2.759094,0.029449,0.02,2.880477,99.99641384
67029,7/10/2019 9:30,0,0,0,0,0,0,0,0,0,0,301.82,193.46,110.46,301.83,0.091934,2.759094,0.029462,0.02,2.88049,99.99668677
67030,7/10/2019 9:40,0,0,0,0,0,0,0,0,0,0,319.79,211.66,110.29,319.79,0.091002,2.794983,0.030975,0.02,2.91696,100
67031,7/10/2019 9:50,0,0,0,0,0,0,0,0,0,0,321.75,212.59,111.38,321.76,0.090026,2.832336,0.030975,0.02,2.953337,99.996892
67032,7/10/2019 10:00,0,0,0,0,0,0,0,0,0,0,320.9,212.66,110.57,320.91,0.090026,2.832336,0.030975,0.02,2.953337,99.99688376
67033,7/10/2019 10:10,0,0,0,0,0,0,0,0,0,0,317.67,211.79,108.36,317.68,0.090026,2.832336,0.030975,0.02,2.953337,99.99685208
67034,7/10/2019 10:20,0,0,0,0,0,0,0,0,0,0,315.5,210.27,107.64,315.51,0.090026,2.832336,0.030975,0.02,2.953337,99.99683043
67035,7/10/2019 10:30,0,0,0,0,0,0,0,0,0,0,314.49,210.98,105.92,314.5,0.090026,2.832336,0.030978,0.02,2.95334,99.99682025
67036,7/10/2019 10:40,0,0,0,0,0,0,0,0,0,0,317.08,212.76,106.54,317.09,0.091889,2.830841,0.031357,0.02,2.954087,99.99684622
67037,7/10/2019 10:50,0,0,0,0,0,0,0,0,0,0,316.68,211.87,106.88,316.69,0.093841,2.829284,0.031357,0.02,2.954482,99.99684224
67038,7/10/2019 11:00,0,0,0,0,0,0,0,0,0,0,316.19,210.64,107.54,316.2,0.093841,2.829284,0.031357,0.02,2.954482,99.99683734
67039,7/10/2019 11:10,0,0,0,0,0,0,0,0,0,0,315.28,209.72,107.63,315.29,0.093841,2.829284,0.031357,0.02,2.954482,99.99682822
67040,7/10/2019 11:20,0,0,0,0,0,0,0,0,0,0,317.4,209.07,110.38,317.41,0.093841,2.829284,0.031357,0.02,2.954482,99.9968494
67041,7/10/2019 11:30,0,0,0,0,0,0,0,0,0,0,317.71,209.34,110.38,317.72,0.093841,2.829284,0.031338,0.02,2.954463,99.99685248
67042,7/10/2019 11:40,0,0,0,0,0,0,0,0,0,0,318,209.03,110.89,318.01,0.091978,2.823303,0.029068,0.02,2.944349,99.99685535
67043,7/10/2019 11:50,0,0,0,0,0,0,0,0,0,0,317.83,209.33,110.45,317.83,0.090026,2.817078,0.029068,0.02,2.936172,100
67044,7/10/2019 12:00,0,0,0,0,0,0,0,0,0,0,318.17,208.71,111.55,318.18,0.090026,2.817078,0.029068,0.02,2.936172,99.99685703
67045,7/10/2019 12:10,0,0,0,0,0,0,0,0,0,0,313.84,208.05,107.93,313.84,0.090026,2.817078,0.029068,0.02,2.936172,100
67046,7/10/2019 12:20,0,0,0,0,0,0,0,0,0,0,318.23,212.42,107.92,318.23,0.090026,2.817078,0.029068,0.02,2.936172,100
67047,7/10/2019 12:30,0,0,0,0,0,0,0,0,0,0,319.4,214.15,107.39,319.41,0.090026,2.817078,0.029068,0.02,2.936172,99.99686913
67048,7/10/2019 12:40,0,0,0,0,0,0,0,0,0,0,321.07,214.89,108.26,321.07,0.090958,2.817078,0.029068,0.02,2.937104,100
67049,7/10/2019 12:50,0,0,0,0,0,0,0,0,0,0,322.46,216.39,108.28,322.47,0.091934,2.817078,0.029068,0.02,2.93808,99.99689884
67050,7/10/2019 13:00,0,0,0,0,0,0,0,0,0,0,328.48,221.67,108.87,328.49,0.091934,2.817078,0.029068,0.02,2.93808,99.99695567
67051,7/10/2019 13:10,0,0,0,0,0,0,0,0,0,0,331.68,223.91,109.9,331.69,0.091934,2.817078,0.029068,0.02,2.93808,99.99698505
67052,7/10/2019 13:20,0,0,0,0,0,0,0,0,0,0,333.44,225.49,110.15,333.45,0.091934,2.817078,0.029068,0.02,2.93808,99.99700096
67053,7/10/2019 13:30,0,0,0,0,0,0,0,0,0,0,338.48,231.08,109.52,338.49,0.091934,2.817078,0.029074,0.02,2.938086,99.99704562
67054,7/10/2019 13:40,0,0,0,0,0,0,0,0,0,0,338.74,230.14,110.56,338.75,0.093797,2.814835,0.029831,0.02,2.938463,99.99704788
67055,7/10/2019 13:50,0,0,0,0,0,0,0,0,0,0,339.12,229.3,111.77,339.1,0.095749,2.8125,0.029831,0.02,2.93808,100.0058976
67056,7/10/2019 14:00,0,0,0,0,0,0,0,0,0,0,339.94,228.9,112.63,339.94,0.095749,2.8125,0.029831,0.02,2.93808,100
67057,7/10/2019 14:10,0,0,0,0,0,0,0,0,0,0,338.98,228.44,112.03,338.99,0.095749,2.8125,0.029831,0.02,2.93808,99.99704997
67058,7/10/2019 14:20,0,0,0,0,0,0,0,0,0,0,342.92,231.56,112.75,342.93,0.095749,2.8125,0.029831,0.02,2.93808,99.99708387
67059,7/10/2019 14:30,0,0,0,0,0,0,0,0,0,0,344.99,233.46,112.86,345.01,0.095749,2.806122,0.029844,0.02,2.931715,99.99420273
67060,7/10/2019 14:40,0,0,0,0,0,0,0,0,0,0,348.54,237.5,112.48,348.54,0.093886,2.611084,0.031357,0.02,2.736327,100
67061,7/10/2019 14:50,0,0,0,0,0,0,0,0,0,0,367.65,256.83,112.39,367.66,0.091934,2.611084,0.031357,0.02,2.734375,99.99728002
67062,7/10/2019 15:00,0,0,0,0,0,0,0,0,0,0,339.01,231.7,109.15,339.02,0.091934,2.611084,0.031357,0.02,2.734375,99.99705023
67063,7/10/2019 15:10,0,0,0,0,0,0,0,0,0,0,338.59,231.76,108.53,338.6,0.091934,2.611084,0.031357,0.02,2.734375,99.99704658
67064,7/10/2019 15:20,0,0,0,0,0,0,0,0,0,0,336.19,230.06,107.93,336.22,0.091934,2.611084,0.031357,0.02,2.734375,99.99107647
67065,7/10/2019 15:30,0,0,0,0,0,0,0,0,0,0,338.23,230.66,109.36,338.23,0.091934,2.609296,0.031341,0.02,2.732571,100
67066,7/10/2019 15:40,0,0,0,0,0,0,0,0,0,0,336.57,230.43,108.09,336.57,0.091934,2.554626,0.029449,0.02,2.676009,100
67067,7/10/2019 15:50,0,0,0,0,0,0,0,0,0,0,336.67,230.42,108.23,336.68,0.091934,2.554626,0.029449,0.02,2.676009,99.99702973
67068,7/10/2019 16:00,0,0,0,0,0,0,0,0,0,0,334.96,229.89,107.14,334.96,0.091934,2.554626,0.029449,0.02,2.676009,100
67069,7/10/2019 16:10,0,0,0,0,0,0,0,0,0,0,334.79,228.86,107.89,334.79,0.091934,2.554626,0.029449,0.02,2.676009,100
67070,7/10/2019 16:20,0,0,0,0,0,0,0,0,0,0,331.06,227.67,105.64,331.07,0.091934,2.554626,0.029449,0.02,2.676009,99.9969794
67071,7/10/2019 16:30,0,0,0,0,0,0,0,0,0,0,330.48,226.4,106.13,330.49,0.091934,2.556027,0.029449,0.02,2.67741,99.9969741
67072,7/10/2019 16:40,0,0,0,0,0,0,0,0,0,0,329.82,225.71,106.19,329.84,0.093797,2.598877,0.029449,0.02,2.722123,99.99393609
67073,7/10/2019 16:50,0,0,0,0,0,0,0,0,0,0,332.37,226.71,107.66,332.37,0.095749,2.598877,0.029449,0.02,2.724075,100
67074,7/10/2019 17:00,0,0,0,0,0,0,0,0,0,0,329.15,225.54,105.65,329.16,0.095749,2.598877,0.029449,0.02,2.724075,99.99696187
67075,7/10/2019 17:10,0,0,0,0,0,0,0,0,0,0,329.41,224.08,107.29,329.41,0.095749,2.598877,0.029449,0.02,2.724075,100
67076,7/10/2019 17:20,0,0,0,0,0,0,0,0,0,0,328.35,224.05,106.29,328.36,0.095749,2.598877,0.029449,0.02,2.724075,99.99695447
67077,7/10/2019 17:30,0,0,0,0,0,0,0,0,0,0,328.34,224.54,105.86,328.35,0.095749,2.595639,0.029462,0.02,2.72085,99.99695438
67078,7/10/2019 17:40,0,0,0,0,0,0,0,0,0,0,329.09,224.97,106.12,329.09,0.095749,2.496643,0.030975,0.02,2.623367,100
67079,7/10/2019 17:50,0,0,0,0,0,0,0,0,0,0,329.02,224.98,106.02,329.03,0.095749,2.496643,0.030975,0.02,2.623367,99.99696067
67080,7/10/2019 18:00,0,0,0,0,0,0,0,0,0,0,328.23,224.77,105.57,328.22,0.095749,2.496643,0.030975,0.02,2.623367,100.0030466
67081,7/10/2019 18:10,0,0,0,0,0,0,0,0,0,0,327.39,223.83,105.57,327.39,0.095749,2.496643,0.030975,0.02,2.623367,100
67082,7/10/2019 18:20,0,0,0,0,0,0,0,0,0,0,328.27,223.77,106.54,328.26,0.095749,2.496643,0.030975,0.02,2.623367,100.0030463
67083,7/10/2019 18:30,0,0,0,0,0,0,0,0,0,0,327.33,223.86,105.54,327.33,0.095749,2.498044,0.030975,0.02,2.624768,100
67084,7/10/2019 18:40,0,0,0,0,0,0,0,0,0,0,329.7,226.18,105.4,329.71,0.093886,2.540893,0.030975,0.02,2.665754,99.99696694
67085,7/10/2019 18:50,0,0,0,0,0,0,0,0,0,0,332.11,229.7,104.48,332.12,0.091934,2.540893,0.030975,0.02,2.663802,99.99698895
67086,7/10/2019 19:00,0,0,0,0,0,0,0,0,0,0,331.83,229.8,104.1,331.84,0.091934,2.540893,0.030975,0.02,2.663802,99.99698641
67087,7/10/2019 19:10,0,0,0,0,0,0,0,0,0,0,330.95,229.29,103.76,330.95,0.091934,2.540893,0.030975,0.02,2.663802,100
67088,7/10/2019 19:20,0,0,0,0,0,0,0,0,0,0,330.84,228.81,104.07,330.84,0.091934,2.540893,0.030975,0.02,2.663802,100
67089,7/10/2019 19:30,0,0,0,0,0,0,0,0,0,0,329.03,228.38,102.78,329.04,0.091934,2.541666,0.030959,0.02,2.664559,99.99696076
67090,7/10/2019 19:40,0,0,0,0,0,0,0,0,0,0,330.13,228.63,103.78,330.18,0.093797,2.565307,0.029068,0.02,2.688172,99.98485445
67091,7/10/2019 19:50,0,0,0,0,0,0,0,0,0,0,332.47,229.1,105.59,332.48,0.095749,2.565307,0.029068,0.02,2.690124,99.99699221
67092,7/10/2019 20:00,0,0,0,0,0,0,0,0,0,0,332.8,228.57,106.43,332.81,0.095749,2.565307,0.029068,0.02,2.690124,99.99699519
67093,7/10/2019 20:10,0,0,0,0,0,0,0,0,0,0,330.79,227.31,105.81,330.8,0.095749,2.565307,0.029068,0.02,2.690124,99.99697693
67094,7/10/2019 20:20,0,0,0,0,0,0,0,0,0,0,330.94,226.28,107,330.94,0.095749,2.565307,0.029068,0.02,2.690124,100
67095,7/10/2019 20:30,0,0,0,0,0,0,0,0,0,0,331.91,226.75,107.38,331.93,0.095749,2.563857,0.029078,0.02,2.688684,99.99397427
67096,7/10/2019 20:40,0,0,0,0,0,0,0,0,0,0,332.07,226.92,107.45,332.08,0.095749,2.519531,0.030212,0.02,2.645492,99.99698859
67097,7/10/2019 20:50,0,0,0,0,0,0,0,0,0,0,331.71,227.22,106.78,331.71,0.095749,2.519531,0.030212,0.02,2.645492,100
67098,7/10/2019 21:00,0,0,0,0,0,0,0,0,0,0,328.56,225.78,105.12,328.54,0.095749,2.519531,0.030212,0.02,2.645492,100.0060872
67099,7/10/2019 21:10,0,0,0,0,0,0,0,0,0,0,327.53,224.97,104.94,327.54,0.095749,2.519531,0.030212,0.02,2.645492,99.99694684
67100,7/10/2019 21:20,0,0,0,0,0,0,0,0,0,0,327.32,224.25,105.45,327.33,0.095749,2.519531,0.030212,0.02,2.645492,99.99694489
67101,7/10/2019 21:30,0,0,0,0,0,0,0,0,0,0,328.2,224.98,105.47,328.21,0.095749,2.520352,0.030222,0.02,2.646323,99.99695308
67102,7/10/2019 21:40,0,0,0,0,0,0,0,0,0,0,327.02,223.7,105.18,327.02,0.098543,2.545471,0.031357,0.02,2.675371,100
67103,7/10/2019 21:50,0,0,0,0,0,0,0,0,0,0,328.73,224.88,105.63,328.73,0.101471,2.545471,0.031357,0.02,2.678299,100
67104,7/10/2019 22:00,0,0,0,0,0,0,0,0,0,0,326.51,223.93,104.56,326.52,0.101471,2.545471,0.031357,0.02,2.678299,99.99693731
67105,7/10/2019 22:10,0,0,0,0,0,0,0,0,0,0,328.92,224.93,106.24,328.93,0.101471,2.545471,0.031357,0.02,2.678299,99.99695975
67106,7/10/2019 22:20,0,0,0,0,0,0,0,0,0,0,327.7,224.11,105.93,327.71,0.101471,2.545471,0.031357,0.02,2.678299,99.99694843
67107,7/10/2019 22:30,0,0,0,0,0,0,0,0,0,0,328.46,225.33,105.66,328.47,0.101471,2.544408,0.031357,0.02,2.677236,99.99695549
67108,7/10/2019 22:40,0,0,0,0,0,0,0,0,0,0,330.86,226.27,107.01,330.86,0.098677,2.511902,0.031357,0.02,2.641936,100
67109,7/10/2019 22:50,0,0,0,0,0,0,0,0,0,0,332.54,226.87,108.1,332.55,0.095749,2.511902,0.031357,0.02,2.639008,99.99699284
67110,7/10/2019 23:00,0,0,0,0,0,0,0,0,0,0,333.86,227.68,108.6,333.88,0.095749,2.511902,0.031357,0.02,2.639008,99.99400947
67111,7/10/2019 23:10,0,0,0,0,0,0,0,0,0,0,335.51,228.02,109.88,335.54,0.095749,2.511902,0.031357,0.02,2.639008,99.99105839
67112,7/10/2019 23:20,0,0,0,0,0,0,0,0,0,0,343.81,234.72,111.41,343.81,0.095749,2.511902,0.031357,0.02,2.639008,100
67113,7/10/2019 23:30,0,0,0,0,0,0,0,0,0,0,350.25,241.15,111.41,350.26,0.095749,2.512192,0.031338,0.02,2.639279,99.9971449
67114,7/10/2019 23:40,0,0,0,0,0,0,0,0,0,0,349.69,240.55,111.38,349.71,0.092954,2.521057,0.029068,0.02,2.643079,99.99428065
67115,7/10/2019 23:50,0,0,0,0,0,0,0,0,0,0,349.67,239.62,112.26,349.68,0.090026,2.521057,0.029068,0.02,2.640151,99.99714016
67116,7/11/2019 0:00,0,0,0,0,0,0,0,0,0,0,347.34,239.33,110.34,347.34,0.090026,2.521057,0.029068,0.02,2.640151,100
67117,7/11/2019 0:10,0,0,0,0,0,0,0,0,0,0,348.78,238.49,112.58,348.79,0.090026,2.521057,0.029068,0.02,2.640151,99.99713286
67118,7/11/2019 0:20,0,0,0,0,0,0,0,0,0,0,347.04,237.72,111.64,347.04,0.090026,2.521057,0.029068,0.02,2.640151,100
67119,7/11/2019 0:30,0,0,0,0,0,0,0,0,0,0,347.24,237.76,111.8,347.25,0.090026,2.524922,0.029084,0.02,2.644032,99.99712015
67120,7/11/2019 0:40,0,0,0,0,0,0,0,0,0,0,346.66,236.53,112.36,346.67,0.091889,2.643127,0.030975,0.02,2.765991,99.99711533
67121,7/11/2019 0:50,0,0,0,0,0,0,0,0,0,0,344.43,234.29,112.41,344.44,0.093841,2.643127,0.030975,0.02,2.767943,99.99709665
67122,7/11/2019 1:00,0,0,0,0,0,0,0,0,0,0,342.5,232.59,112.19,342.51,0.093841,2.643127,0.030975,0.02,2.767943,99.99708029
67123,7/11/2019 1:10,0,0,0,0,0,0,0,0,0,0,330.84,220.81,112.27,330.85,0.093841,2.643127,0.030975,0.02,2.767943,99.99697739
67124,7/11/2019 1:20,0,0,0,0,0,0,0,0,0,0,328.87,221.59,109.59,328.87,0.093841,2.643127,0.030975,0.02,2.767943,100
67125,7/11/2019 1:30,0,0,0,0,0,0,0,0,0,0,311.8,206.58,107.42,311.81,0.093841,2.64506,0.030962,0.02,2.769863,99.99679282
67126,7/11/2019 1:40,0,0,0,0,0,0,0,0,0,0,311.41,206.28,107.31,311.42,0.091978,2.704162,0.029449,0.02,2.825589,99.9967888
67127,7/11/2019 1:50,0,0,0,0,0,0,0,0,0,0,317.59,207.68,112.24,317.6,0.090026,2.704162,0.029449,0.02,2.823637,99.99685129
67128,7/11/2019 2:00,0,0,0,0,0,0,0,0,0,0,316.13,206.93,111.45,316.14,0.090026,2.704162,0.029449,0.02,2.823637,99.99683674
67129,7/11/2019 2:10,0,0,0,0,0,0,0,0,0,0,315.77,206.39,111.6,315.78,0.090026,2.704162,0.029449,0.02,2.823637,99.99683314
67130,7/11/2019 2:20,0,0,0,0,0,0,0,0,0,0,312.17,205.28,109.2,312.18,0.090026,2.704162,0.029449,0.02,2.823637,99.99679662
67131,7/11/2019 2:30,0,0,0,0,0,0,0,0,0,0,313.2,205.04,110.37,313.21,0.090026,2.708076,0.029449,0.02,2.827551,99.99680715
67132,7/11/2019 2:40,0,0,0,0,0,0,0,0,0,0,313.2,204.47,111.05,313.17,0.091889,2.827759,0.029449,0.02,2.949097,100.0095785
67133,7/11/2019 2:50,0,0,0,0,0,0,0,0,0,0,307.98,201,109.34,307.98,0.093841,2.827759,0.029449,0.02,2.951049,100
67134,7/11/2019 3:00,0,0,0,0,0,0,0,0,0,0,294.21,194.55,102.05,294.21,0.093841,2.827759,0.029449,0.02,2.951049,100
67135,7/11/2019 3:10,0,0,0,0,0,0,0,0,0,0,291.31,192.55,101.22,291.32,0.093841,2.827759,0.029449,0.02,2.951049,99.99656723
67136,7/11/2019 3:20,0,0,0,0,0,0,0,0,0,0,280.81,182.43,100.83,280.81,0.093841,2.827759,0.029449,0.02,2.951049,100
67137,7/11/2019 3:30,0,0,0,0,0,0,0,0,0,0,280.81,182.4,100.89,280.82,0.093841,2.828822,0.029459,0.02,2.952122,99.99643887
67138,7/11/2019 3:40,0,0,0,0,0,0,0,0,0,0,280.21,182.21,100.52,280.22,0.093841,2.861328,0.030594,0.02,2.985763,99.99643125
67139,7/11/2019 3:50,0,0,0,0,0,0,0,0,0,0,276.34,177.19,101.69,276.34,0.093841,2.861328,0.030594,0.02,2.985763,100
67140,7/11/2019 4:00,0,0,0,0,0,0,0,0,0,0,266.54,168.35,100.64,266.55,0.093841,2.861328,0.030594,0.02,2.985763,99.99624822
67141,7/11/2019 4:10,0,0,0,0,0,0,0,0,0,0,268.59,170.05,101.03,268.59,0.093841,2.861328,0.030594,0.02,2.985763,100
67142,7/11/2019 4:20,0,0,0,0,0,0,0,0,0,0,268.7,171.1,100.17,268.71,0.093841,2.861328,0.030594,0.02,2.985763,99.99627838
67143,7/11/2019 4:30,0,0,0,0,0,0,0,0,0,0,267.93,171,99.23,267.94,0.093841,2.859927,0.030581,0.02,2.984349,99.99626768
67144,7/11/2019 4:40,0,0,0,0,0,0,0,0,0,0,268.11,170.92,99.37,268.1,0.091978,2.817078,0.029068,0.02,2.938124,100.0037298
67145,7/11/2019 4:50,0,0,0,0,0,0,0,0,0,0,252.29,160.07,94.41,252.29,0.090026,2.817078,0.029068,0.02,2.936172,100
67146,7/11/2019 5:00,0,0,0,0,0,0,0,0,0,0,236.21,156.25,82.1,236.21,0.090026,2.817078,0.029068,0.02,2.936172,100
67147,7/11/2019 5:10,0,0,0,0,0,0,0,0,0,0,235.38,155.76,81.79,235.39,0.090026,2.817078,0.029068,0.02,2.936172,99.99575155
67148,7/11/2019 5:20,0,0,0,0,0,0,0,0,0,0,227.64,147.67,82.15,227.65,0.090026,2.817078,0.029068,0.02,2.936172,99.9956071
67149,7/11/2019 5:30,0,0,0,0,0,0,0,0,0,0,228.51,148.86,81.85,228.52,0.090026,2.817078,0.029068,0.02,2.936172,99.99562382
67150,7/11/2019 5:40,0,0,0,0,0,0,0,0,0,0,228.2,148.06,82.31,228.21,0.091889,2.817078,0.029068,0.02,2.938035,99.99561788
67151,7/11/2019 5:50,0,0,0,0,0,0,0,0,0,0,227.05,147.08,82.25,227.08,0.093841,2.817078,0.029068,0.02,2.939987,99.98678705
67152,7/11/2019 6:00,0,0,0,0,0,0,0,0,0,0,225.17,145.37,81.91,225.18,0.093841,2.817078,0.029068,0.02,2.939987,99.99555891
67153,7/11/2019 6:10,0,0,0,0,0,0,0,0,0,0,226.12,146.38,81.85,226.12,0.093841,2.817078,0.029068,0.02,2.939987,100
67154,7/11/2019 6:20,0,0,0,0,0,0,0,0,0,0,225.31,145.78,81.69,225.32,0.093841,2.817078,0.029068,0.02,2.939987,99.99556167
67155,7/11/2019 6:30,0,0,0,0,0,0,0,0,0,0,226.71,146.93,81.86,226.72,0.093841,2.820461,0.029074,0.02,2.943376,99.99558908
67156,7/11/2019 6:40,0,0,0,0,0,0,0,0,0,0,228.13,148.04,82.15,228.14,0.09291,2.923889,0.029831,0.02,3.04663,99.99561653
67157,7/11/2019 6:50,0,0,0,0,0,0,0,0,0,0,227.88,147.59,82.42,227.88,0.091934,2.923889,0.029831,0.02,3.045654,100
67158,7/11/2019 7:00,0,0,0,0,0,0,0,0,0,0,228.26,147.88,82.42,228.27,0.091934,2.923889,0.029831,0.02,3.045654,99.99561903
67159,7/11/2019 7:10,0,0,0,0,0,0,0,0,0,0,229.05,148.24,82.87,229.06,0.091934,2.923889,0.029831,0.02,3.045654,99.99563414
67160,7/11/2019 7:20,0,0,0,0,0,0,0,0,0,0,288.73,195.14,95.73,288.74,0.091934,2.923889,0.029831,0.02,3.045654,99.99653656
67161,7/11/2019 7:30,0,0,0,0,0,0,0,0,0,0,294.06,201.61,94.56,294.06,0.091934,2.923985,0.029841,0.02,3.04576,100
67162,7/11/2019 7:40,0,0,0,0,0,0,0,0,0,0,289.92,200.8,91.28,289.92,0.092865,2.92694,0.030975,0.02,3.05078,100
67163,7/11/2019 7:50,0,0,0,0,0,0,0,0,0,0,289.5,200.39,91.3,289.5,0.093841,2.92694,0.030975,0.02,3.051756,100
67164,7/11/2019 8:00,0,0,0,0,0,0,0,0,0,0,286.05,198.08,90.07,286.06,0.093841,2.92694,0.030975,0.02,3.051756,99.99650411
67165,7/11/2019 8:10,0,0,0,0,0,0,0,0,0,0,284.71,197.45,89.4,284.72,0.093841,2.92694,0.030975,0.02,3.051756,99.99648765
67166,7/11/2019 8:20,0,0,0,0,0,0,0,0,0,0,290.2,203.05,88.43,290.21,0.093841,2.92694,0.030975,0.02,3.051756,99.9965541
67167,7/11/2019 8:30,0,0,0,0,0,0,0,0,0,0,304.03,217.76,87.39,304.03,0.093841,2.929984,0.030956,0.02,3.054781,100
67168,7/11/2019 8:40,0,0,0,0,0,0,0,0,0,0,302.63,216.08,87.62,302.64,0.091978,3.023071,0.028687,0.02,3.143736,99.99669563
67169,7/11/2019 8:50,0,0,0,0,0,0,0,0,0,0,300.26,215.46,85.87,300.26,0.090026,3.023071,0.028687,0.02,3.141784,100
67170,7/11/2019 9:00,0,0,0,0,0,0,0,0,0,0,298.48,213.82,85.76,298.48,0.090026,3.023071,0.028687,0.02,3.141784,100
67171,7/11/2019 9:10,0,0,0,0,0,0,0,0,0,0,296.48,212.74,84.84,296.49,0.090026,3.023071,0.028687,0.02,3.141784,99.99662709
67172,7/11/2019 9:20,0,0,0,0,0,0,0,0,0,0,294.8,210.18,85.67,294.81,0.090026,3.023071,0.028687,0.02,3.141784,99.99660787
67173,7/11/2019 9:30,0,0,0,0,0,0,0,0,0,0,291.14,207.92,84.24,291.15,0.090026,3.024472,0.02869,0.02,3.143188,99.99656523
67174,7/11/2019 9:40,0,0,0,0,0,0,0,0,0,0,291.33,208.2,84.13,291.34,0.091889,3.067322,0.029068,0.02,3.188279,99.99656747
67175,7/11/2019 9:50,0,0,0,0,0,0,0,0,0,0,291.74,208.12,84.66,291.75,0.093841,3.067322,0.029068,0.02,3.190231,99.99657229
67176,7/11/2019 10:00,0,0,0,0,0,0,0,0,0,0,294.56,210.82,85.06,294.55,0.093841,3.067322,0.029068,0.02,3.190231,100.0033949
67177,7/11/2019 10:10,0,0,0,0,0,0,0,0,0,0,294.63,210.5,86.12,294.64,0.093841,3.067322,0.029068,0.02,3.190231,99.99660591
67178,7/11/2019 10:20,0.005,0.005,0.007005,0.009745,0.03,0.04203,0.05847,0.000416667,0.00058375,0.000812083,293.61,209.56,86.18,293.62,0.093841,3.067322,0.029068,0.02,3.190231,99.99659412
67179,7/11/2019 10:30,0,0,0,0,0,0,0,0.000416667,0.00058375,0.000812083,294.08,210.66,85.61,294.09,0.093841,3.06766,0.029084,0.02,3.190585,99.99659956
67180,7/11/2019 10:40,0,0,0,0,0,0,0,0.000416667,0.00058375,0.000812083,295.21,210.26,86.92,295.22,0.094773,3.078003,0.030975,0.02,3.203751,99.99661258
67181,7/11/2019 10:50,0,0,0,0,0,0,0,0.000416667,0.00058375,0.000812083,296.65,210.41,88.2,296.65,0.095749,3.078003,0.030975,0.02,3.204727,100
67182,7/11/2019 11:00,0,0,0,0,0,0,0,0.000416667,0.00058375,0.000812083,303.68,219.67,86.07,303.7,0.095749,3.078003,0.030975,0.02,3.204727,99.99341412
67183,7/11/2019 11:10,0,0,0,0,0,0,0,0.000416667,0.00058375,0.000812083,299.56,216.71,84.96,299.58,0.095749,3.078003,0.030975,0.02,3.204727,99.99332354
67184,7/11/2019 11:20,0,0,0,0,0,0,0,0.000416667,0.00058375,0.000812083,296.82,214.43,84.56,296.83,0.095749,3.078003,0.030975,0.02,3.204727,99.99663095
67185,7/11/2019 11:30,0,0,0,0,0,0,0,0.000416667,0.00058375,0.000812083,296.28,214.58,83.83,296.29,0.095749,3.079984,0.030978,0.02,3.206711,99.99662481
67186,7/11/2019 11:40,0,0,0,0,0,0,0,0.000416667,0.00058375,0.000812083,306.08,224.05,84.18,306.09,0.094817,3.140564,0.031357,0.02,3.266738,99.99673288
67187,7/11/2019 11:50,0,0,0,0,0,0,0,0.000416667,0.00058375,0.000812083,318.27,236.34,84.05,318.27,0.093841,3.140564,0.031357,0.02,3.265762,100
67188,7/11/2019 12:00,0,0,0,0,0,0,0,0.000416667,0.00058375,0.000812083,318.33,236.09,84.34,318.34,0.093841,3.140564,0.031357,0.02,3.265762,99.99685861
67189,7/11/2019 12:10,0,0,0,0,0,0,0,0.000416667,0.00058375,0.000812083,317.16,235.81,83.48,317.17,0.093841,3.140564,0.031357,0.02,3.265762,99.99684702
67190,7/11/2019 12:20,0,0,0,0,0,0,0,0.000416667,0.00058375,0.000812083,316.5,234.96,83.63,316.5,0.093841,3.140564,0.031357,0.02,3.265762,100
67191,7/11/2019 12:30,0,0,0,0,0,0,0,0.000416667,0.00058375,0.000812083,315.35,234.17,83.28,315.35,0.093841,3.138728,0.031338,0.02,3.263907,100
67192,7/11/2019 12:40,0,0,0,0,0,0,0,0.000416667,0.00058375,0.000812083,316.62,234.13,84.65,316.63,0.091978,3.08258,0.029068,0.02,3.203626,99.99684164
67193,7/11/2019 12:50,0,0,0,0,0,0,0,0.000416667,0.00058375,0.000812083,317.62,234.37,85.32,317.62,0.090026,3.08258,0.029068,0.02,3.201674,100
67194,7/11/2019 13:00,0,0,0,0,0,0,0,0.000416667,0.00058375,0.000812083,318.15,234.61,85.63,318.16,0.090026,3.08258,0.029068,0.02,3.201674,99.99685683
67195,7/11/2019 13:10,0,0,0,0,0,0,0,0.000416667,0.00058375,0.000812083,319.45,235.58,86.08,319.48,0.090026,3.08258,0.029068,0.02,3.201674,99.99060886
67196,7/11/2019 13:20,0,0,0,0,0,0,0,0.000416667,0.00058375,0.000812083,323.82,238.64,87.26,323.83,0.090026,3.08258,0.029068,0.02,3.201674,99.99691186
67197,7/11/2019 13:30,0,0,0,0,0,0,0,0.000416667,0.00058375,0.000812083,341.85,256.3,87.66,341.86,0.090026,3.081324,0.02909,0.02,3.20044,99.99707474
67198,7/11/2019 13:40,0,0,0,0,0,0,0,0.000416667,0.00058375,0.000812083,343.09,256.42,88.85,343.09,0.091889,3.042907,0.031738,0.02,3.166534,100
67199,7/11/2019 13:50,0,0,0,0,0,0,0,0.000416667,0.00058375,0.000812083,342.48,256.59,87.97,342.49,0.093841,3.042907,0.031738,0.02,3.168486,99.99708012
67200,7/11/2019 14:00,0,0,0,0,0,0,0,0.000416667,0.00058375,0.000812083,346.95,256.1,92.96,346.96,0.093841,3.042907,0.031738,0.02,3.168486,99.99711774
67201,7/11/2019 14:10,0,0,0,0,0,0,0,0.000416667,0.00058375,0.000812083,345.67,254.81,93.04,345.68,0.093841,3.042907,0.031738,0.02,3.168486,99.99710707
67202,7/11/2019 14:20,0,0,0,0,0,0,0,0.000416667,0.00058375,0.000812083,340,253.59,88.51,340.01,0.093841,3.042907,0.031738,0.02,3.168486,99.99705882
67203,7/11/2019 14:30,0.013333333,0.013333333,0.01868,0.025986667,0.08,0.11208,0.15592,0.001527778,0.002140417,0.002977639,344.07,256.57,89.63,344.08,0.093841,3.044115,0.031716,0.02,3.169672,99.99709361
67204,7/11/2019 14:40,0.013333333,0.013333333,0.01868,0.025986667,0.08,0.11208,0.15592,0.002638889,0.003697083,0.005143194,335.54,246.79,90.79,335.55,0.09291,3.081054,0.029068,0.02,3.203032,99.99701973
67205,7/11/2019 14:50,0,0,0,0,0,0,0,0.002638889,0.003697083,0.005143194,355.81,267.63,90.3,355.83,0.091934,3.081054,0.029068,0.02,3.202056,99.99437902
67206,7/11/2019 15:00,0.01,0.01,0.01401,0.01949,0.06,0.08406,0.11694,0.003472222,0.004864583,0.006767361,351.89,266.57,87.37,351.9,0.091934,3.081054,0.029068,0.02,3.202056,99.9971582
67207,7/11/2019 15:10,0,0,0,0,0,0,0,0.003472222,0.004864583,0.006767361,375.02,291.62,85.44,375.03,0.091934,3.081054,0.029068,0.02,3.202056,99.99733348
67208,7/11/2019 15:20,0,0,0,0,0,0,0,0.003472222,0.004864583,0.006767361,372.53,291.3,83.22,372.55,0.091934,3.081054,0.029068,0.02,3.202056,99.9946313
67209,7/11/2019 15:30,0,0,0,0,0,0,0,0.003472222,0.004864583,0.006767361,360.57,280.35,82.3,360.58,0.091934,3.079701,0.029084,0.02,3.200719,99.99722661
67210,7/11/2019 15:40,0,0,0,0,0,0,0,0.003472222,0.004864583,0.006767361,355.1,275.01,82.06,355.11,0.092865,3.03833,0.030975,0.02,3.16217,99.99718389
67211,7/11/2019 15:50,0.005,0.005,0.007005,0.009745,0.03,0.04203,0.05847,0.003888889,0.005448333,0.007579444,351.62,273.19,80.38,351.62,0.093841,3.03833,0.030975,0.02,3.163146,100
67212,7/11/2019 16:00,0.031666667,0.031666667,0.044365,0.061718333,0.19,0.26619,0.37031,0.006527778,0.009145417,0.012722639,361.19,282.93,80.2,361.2,0.093841,3.03833,0.030975,0.02,3.163146,99.99723137
67213,7/11/2019 16:10,0.001666667,0.001666667,0.002335,0.003248333,0.01,0.01401,0.01949,0.006666667,0.00934,0.012993333,362.1,286.01,77.99,362.08,0.093841,3.03833,0.030975,0.02,3.163146,100.0055233
67214,7/11/2019 16:20,0,0,0,0,0,0,0,0.006666667,0.00934,0.012993333,358.62,284.51,76,358.62,0.093841,3.03833,0.030975,0.02,3.163146,100
67215,7/11/2019 16:30,0,0,0,0,0,0,0,0.006666667,0.00934,0.012993333,370.91,296.46,76.35,370.92,0.093841,3.03833,0.030959,0.02,3.16313,99.99730393
67216,7/11/2019 16:40,0,0,0,0,0,0,0,0.006666667,0.00934,0.012993333,406.71,326.75,81.9,406.71,0.094773,3.03833,0.029068,0.02,3.162171,100
67217,7/11/2019 16:50,0.005,0.005,0.007005,0.009745,0.03,0.04203,0.05847,0.007083333,0.00992375,0.013805417,425.51,340.04,87.43,425.51,0.095749,3.03833,0.029068,0.02,3.163147,100
67218,7/11/2019 17:00,0,0,0,0,0,0,0,0.007083333,0.00992375,0.013805417,456.35,364.18,94.11,456.36,0.095749,3.03833,0.029068,0.02,3.163147,99.9978087
67219,7/11/2019 17:10,0,0,0,0,0,0,0,0.007083333,0.00992375,0.013805417,482.18,385.34,98.84,482.19,0.095749,3.03833,0.029068,0.02,3.163147,99.99792609
67220,7/11/2019 17:20,0,0,0,0,0,0,0,0.007083333,0.00992375,0.013805417,492.49,391.45,103.04,492.47,0.095749,3.03833,0.029068,0.02,3.163147,100.004061
67221,7/11/2019 17:30,0.003333333,0.003333333,0.00467,0.006496667,0.02,0.02802,0.03898,0.007361111,0.010312917,0.014346806,498.16,394.71,105.31,498.17,0.095749,3.037364,0.029087,0.02,3.1622,99.99799261
67222,7/11/2019 17:40,0.04,0.04,0.05604,0.07796,0.24,0.33624,0.46776,0.010694444,0.014982917,0.020843472,478.4,377.12,103.13,478.41,0.095749,3.007813,0.031357,0.02,3.134919,99.9979097
67223,7/11/2019 17:50,0,0,0,0,0,0,0,0.010694444,0.014982917,0.020843472,489.38,381.92,109.17,489.39,0.095749,3.007813,0.031357,0.02,3.134919,99.9979566
67224,7/11/2019 18:00,0.036666667,0.036666667,0.05137,0.071463333,0.22,0.30822,0.42878,0.01375,0.01926375,0.02679875,487.27,381.85,107.27,487.28,0.095749,3.007813,0.031357,0.02,3.134919,99.99794775
67225,7/11/2019 18:10,0.043333333,0.043333333,0.06071,0.084456667,0.26,0.36426,0.50674,0.017361111,0.024322917,0.033836806,504.86,395.55,111.12,504.86,0.095749,3.007813,0.031357,0.02,3.134919,100
67226,7/11/2019 18:20,0.08,0.08,0.11208,0.15592,0.48,0.67248,0.93552,0.024027778,0.033662917,0.046830139,555.88,444.63,113.15,555.89,0.095749,3.007813,0.031357,0.02,3.134919,99.99820105
67227,7/11/2019 18:30,0.023333333,0.023333333,0.03269,0.045476667,0.14,0.19614,0.27286,0.025972222,0.036387083,0.050619861,550.92,439.68,113.09,550.93,0.095749,3.012983,0.031357,0.02,3.140089,99.99818485
67228,7/11/2019 18:40,0.028333333,0.028333333,0.039695,0.055221667,0.17,0.23817,0.33133,0.028333333,0.039695,0.055221667,547.42,436.28,112.96,547.43,0.095749,3.171082,0.031357,0.02,3.298188,99.99817325
67229,7/11/2019 18:50,0.02,0.02,0.02802,0.03898,0.12,0.16812,0.23388,0.03,0.04203,0.05847,538.96,432.43,108.38,538.97,0.095749,3.171082,0.031357,0.02,3.298188,99.99814457
67230,7/11/2019 19:00,0.011666667,0.011666667,0.016345,0.022738333,0.07,0.09807,0.13643,0.030972222,0.043392083,0.060364861,540.06,430.07,111.97,540.07,0.095749,3.171082,0.031357,0.02,3.298188,99.99814835
67231,7/11/2019 19:10,0.011666667,0.011666667,0.016345,0.022738333,0.07,0.09807,0.13643,0.031944444,0.044754167,0.062259722,539.71,431.18,110.4,539.71,0.095749,3.171082,0.031357,0.02,3.298188,100
67232,7/11/2019 19:20,0.01,0.01,0.01401,0.01949,0.06,0.08406,0.11694,0.032777778,0.045921667,0.063883889,539.07,432.48,108.43,539.08,0.095749,3.171082,0.031357,0.02,3.298188,99.99814495
67233,7/11/2019 19:30,0.003333333,0.003333333,0.00467,0.006496667,0.02,0.02802,0.03898,0.033055556,0.046310833,0.064425278,545.69,437.76,109.82,545.7,0.095749,3.169632,0.031357,0.02,3.296738,99.99816746
67234,7/11/2019 19:40,0,0,0,0,0,0,0,0.033055556,0.046310833,0.064425278,564.8,456.42,110.27,564.81,0.093886,3.125305,0.031357,0.02,3.250548,99.99822946
67235,7/11/2019 19:50,0.005,0.005,0.007005,0.009745,0.03,0.04203,0.05847,0.033472222,0.046894583,0.065237361,577.18,459.06,120.6,577.19,0.091934,3.125305,0.031357,0.02,3.248596,99.99826744
67236,7/11/2019 20:00,0.001666667,0.001666667,0.002335,0.003248333,0.01,0.01401,0.01949,0.033611111,0.047089167,0.065508056,577.56,453.95,125.42,577.57,0.091934,3.125305,0.031357,0.02,3.248596,99.99826858
67237,7/11/2019 20:10,0,0,0,0,0,0,0,0.033611111,0.047089167,0.065508056,575.84,452.36,125.04,575.83,0.091934,3.125305,0.031357,0.02,3.248596,100.0017366
67238,7/11/2019 20:20,0,0,0,0,0,0,0,0.033611111,0.047089167,0.065508056,574.32,450.15,125.64,574.33,0.091934,3.125305,0.031357,0.02,3.248596,99.99825881
67239,7/11/2019 20:30,0,0,0,0,0,0,0,0.033611111,0.047089167,0.065508056,575.73,449.64,127.64,575.74,0.091934,3.127963,0.031357,0.02,3.251254,99.99826307
67240,7/11/2019 20:40,0,0,0,0,0,0,0,0.033611111,0.047089167,0.065508056,574.18,450.44,125.65,574.18,0.093797,3.209229,0.031357,0.02,3.334383,100
67241,7/11/2019 20:50,0,0,0,0,0,0,0,0.033611111,0.047089167,0.065508056,574.64,450.27,126.27,574.64,0.095749,3.209229,0.031357,0.02,3.336335,100
67242,7/11/2019 21:00,0,0,0,0,0,0,0,0.033611111,0.047089167,0.065508056,573.1,447.59,127.52,573.11,0.095749,3.209229,0.031357,0.02,3.336335,99.9982551
67243,7/11/2019 21:10,0,0,0,0,0,0,0,0.033611111,0.047089167,0.065508056,578.21,448.19,132.03,578.21,0.095749,3.209229,0.031357,0.02,3.336335,100
67244,7/11/2019 21:20,0,0,0,0,0,0,0,0.033611111,0.047089167,0.065508056,578.57,447.91,132.6,578.58,0.095749,3.209229,0.031357,0.02,3.336335,99.9982716
67245,7/11/2019 21:30,0,0,0,0,0,0,0,0.033611111,0.047089167,0.065508056,575.59,446.39,131.15,575.61,0.095749,3.209229,0.031357,0.02,3.336335,99.9965253
67246,7/11/2019 21:40,0,0,0,0,0,0,0,0.033611111,0.047089167,0.065508056,578.99,449.94,131.02,578.99,0.105995,3.209229,0.031357,0.02,3.346581,100
67247,7/11/2019 21:50,0,0,0,0,0,0,0,0.033611111,0.047089167,0.065508056,576.93,448.57,130.27,576.94,0.11673,3.209229,0.031357,0.02,3.357316,99.99826669
67248,7/11/2019 22:00,0,0,0,0,0,0,0,0.033611111,0.047089167,0.065508056,576.02,447.57,130.42,576.04,0.11673,3.209229,0.031357,0.02,3.357316,99.9965279
67249,7/11/2019 22:10,0,0,0,0,0,0,0,0.033611111,0.047089167,0.065508056,575.19,446.87,130.31,575.2,0.11673,3.209229,0.031357,0.02,3.357316,99.99826144
67250,7/11/2019 22:20,0,0,0,0,0,0,0,0.033194444,0.046505417,0.064695972,570.28,443.1,128.97,570.29,0.11673,3.209229,0.031357,0.02,3.357316,99.99824648
67251,7/11/2019 22:30,0,0,0,0,0,0,0,0.033194444,0.046505417,0.064695972,565.47,439.53,127.57,565.48,0.11673,3.212515,0.031338,0.02,3.360583,99.99823156
67252,7/11/2019 22:40,0,0,0,0,0,0,0,0.033194444,0.046505417,0.064695972,560.99,436.66,126.04,561,0.424322,3.312988,0.029068,0.02,3.766378,99.99821744
67253,7/11/2019 22:50,0,0,0,0,0,0,0,0.033194444,0.046505417,0.064695972,557.87,434.08,125.53,557.87,0.74234,3.312988,0.029068,0.02,4.084396,100
67254,7/11/2019 23:00,0,0,0,0,0,0,0,0.033194444,0.046505417,0.064695972,565.4,435.2,132.19,565.41,0.74234,3.312988,0.029068,0.02,4.084396,99.99823134
